{"type":"FeatureCollection", "features": [
{"type":"Feature","geometry":{"type":"MultiPolygon","coordinates":[[[[93.77706146,6.88065004],[93.81555176,6.81611013],[93.80488586,6.76453114],[93.8338623,6.75509024],[93.85090637,6.81605101],[93.88256836,6.79277802],[93.90213776,6.81296682],[93.89722443,6.90215588],[93.94535828,6.95451498],[93.91390228,7],[93.94619751,7.0078721],[93.88777924,7.08639002],[93.88276672,7.2036109],[93.84722137,7.24417019],[93.8069458,7.23361111],[93.80251312,7.20139122],[93.68611145,7.19000006],[93.65556335,7.12528086],[93.66303253,7.00664616],[93.7230072,6.99194288],[93.77706146,6.88065004]]],[[[93.71305847,7.44361115],[93.71389008,7.39277887],[93.63249969,7.37055492],[93.64833069,7.24249983],[93.75574493,7.35984278],[93.71305847,7.44361115]]],[[[93.18805695,8.19250011],[93.20471954,8.21556091],[93.12611389,8.27722263],[93.14334106,8.34671116],[93.10582733,8.35028267],[93.08750153,8.26889038],[93.18805695,8.19250011]]],[[[93.61599731,8.57362556],[93.62285614,8.42162037],[93.64242554,8.46853638],[93.61599731,8.57362556]]],[[[92.47972107,10.52056026],[92.53177643,10.5189209],[92.56944275,10.57888985],[92.54305267,10.62222099],[92.5976181,10.68205929],[92.58750153,10.78750134],[92.51541901,10.89770889],[92.51055908,10.86917019],[92.49951172,10.89069366],[92.45694733,10.86139107],[92.39749908,10.76055527],[92.37583923,10.77943134],[92.38027954,10.66749954],[92.42056274,10.61472034],[92.3813858,10.53722],[92.4347229,10.54833317],[92.47972107,10.52056026]]],[[[92.78778076,9.24416637],[92.72083282,9.2136097],[92.73166656,9.12437725],[92.83055115,9.13869476],[92.82553101,9.19213104],[92.85436249,9.2091589],[92.82430267,9.19584179],[92.78778076,9.24416637]]],[[[93.54728699,8.02805233],[93.55076599,7.99623013],[93.53250122,8.02499962],[93.50723267,7.98472118],[93.57749939,7.92833281],[93.5827713,7.99167013],[93.54728699,8.02805233]]],[[[93.40555573,7.90305519],[93.46111298,7.87222004],[93.47472382,7.89249992],[93.40277863,7.97445107],[93.40638733,8.01056099],[93.33638763,8.01222324],[93.3172226,7.93361092],[93.35749817,7.94222212],[93.34443665,7.90167093],[93.37555695,7.88222122],[93.40555573,7.90305519]]],[[[93.53250122,8.04778194],[93.55000305,8.03555679],[93.55083466,8.08055592],[93.50305176,8.14818001],[93.54682159,8.21016979],[93.52176666,8.23328114],[93.45361328,8.16611004],[93.48500061,8.05194378],[93.52986145,8.07868004],[93.48527527,8.04444313],[93.49305725,7.99888992],[93.53250122,8.04778194]]],[[[92.2141571,11.57568073],[92.21489716,11.52903557],[92.27016449,11.5228138],[92.26990509,11.58494377],[92.2141571,11.57568073]]],[[[93.02083588,11.84333134],[93.04998779,11.81222057],[93.07221985,11.83556175],[93.02083588,11.84333134]]],[[[92.96578979,11.96675968],[93.04598236,11.88400936],[93.00945282,12.01889133],[92.96499634,12.04972267],[92.92502594,11.99771118],[92.96578979,11.96675968]]],[[[92.99136353,12.10892773],[92.95960999,12.10648346],[92.99277496,12.04361725],[92.99136353,12.10892773]]],[[[92.96231079,12.12280083],[93.00669861,12.10778046],[93.0455246,12.0453701],[93.02749634,12.16666985],[93.00465393,12.11345673],[92.98329163,12.14899063],[92.95639038,12.14750004],[92.96231079,12.12280083]]],[[[93.08309174,12.19578171],[93.06752014,12.2112999],[93.03647614,12.15692043],[93.07440948,12.0836277],[93.08309174,12.19578171]]],[[[93.07777405,12.26194477],[93.0633316,12.22916603],[93.10074615,12.20394135],[93.10598755,12.26020432],[93.08666992,12.23721886],[93.07777405,12.26194477]]],[[[92.72397614,12.18855],[92.76426697,12.18274021],[92.76229858,12.22937393],[92.73288727,12.21025181],[92.72564697,12.24023247],[92.72397614,12.18855]]],[[[92.90167236,12.25584984],[92.87084198,12.24469185],[92.87923431,12.2082777],[92.91327667,12.22280979],[92.90167236,12.25584984]]],[[[92.62509918,11.42097092],[92.5871048,11.40047932],[92.59282684,11.34982109],[92.69061279,11.36990929],[92.6493454,11.40724754],[92.68579102,11.43661118],[92.63598633,11.51728344],[92.62509918,11.42097092]]],[[[92.53975677,11.60332012],[92.53018188,11.55412674],[92.56939697,11.58842182],[92.53975677,11.60332012]]],[[[92.77108765,11.78885078],[92.78399658,11.93626118],[92.7455368,11.93105125],[92.73181152,11.85714054],[92.71047211,11.81474209],[92.6799469,11.81880093],[92.70704651,11.81640053],[92.72442627,11.85085869],[92.72808075,11.99479103],[92.7484436,11.97756767],[92.76875305,11.99903965],[92.73924255,12.0409174],[92.76194763,12.02055454],[92.78360748,12.04693985],[92.73527527,12.06527805],[92.73621368,12.10660362],[92.75749969,12.17639065],[92.72115326,12.18028069],[92.70371246,12.16543007],[92.69522095,12.23939133],[92.62361145,12.1027813],[92.61104584,11.87125969],[92.56240082,11.94647408],[92.51351929,11.84800053],[92.54640198,11.83494663],[92.56156158,11.69484997],[92.58813477,11.71788311],[92.60839844,11.63402939],[92.64438629,11.6362896],[92.60823059,11.61972141],[92.61785889,11.56282043],[92.6472702,11.5723629],[92.64688873,11.52202129],[92.71128082,11.47731781],[92.75665283,11.66507053],[92.72145844,11.6863203],[92.69457245,11.6227293],[92.66620636,11.6539011],[92.70819855,11.67011929],[92.70189667,11.70713043],[92.75507355,11.70105553],[92.77108765,11.78885078]]],[[[92.85290527,12.40883064],[92.88398743,12.374156],[92.88878632,12.4076004],[92.85290527,12.40883064]]],[[[92.95536041,12.41469002],[92.95625305,12.43548965],[92.91933441,12.36461544],[92.95536041,12.41469002]]],[[[92.69777679,12.79068184],[92.71803284,12.71889973],[92.71391296,12.82938957],[92.69777679,12.79068184]]],[[[93.01583099,13.67611217],[92.97666931,13.65499973],[93.02777863,13.62693977],[93.01583099,13.67611217]]],[[[93.00673676,12.9968996],[92.97220612,12.96914005],[92.95974731,12.98891163],[92.97424316,12.94532967],[92.95195007,12.94053936],[92.98282623,12.93448067],[93.00673676,12.9968996]]],[[[92.69565582,12.99195862],[92.67012024,12.91803741],[92.63687134,12.91953945],[92.670578,12.91228294],[92.66454315,12.88059998],[92.62988281,12.88273144],[92.66316223,12.87914181],[92.66815948,12.78257179],[92.72149658,12.88834476],[92.71988678,12.97835922],[92.69565582,12.99195862]]],[[[92.83000183,13.17193985],[92.8097229,13.15305519],[92.84749603,13.1391592],[92.80999756,13.12692928],[92.78833008,13.01833057],[92.82506561,13.01270771],[92.79413605,12.98561096],[92.79419708,12.91438198],[92.84278107,12.89187145],[92.8429718,12.87629986],[92.87293243,12.88323021],[92.85443878,12.92743015],[92.88230133,12.98272419],[92.90693665,12.98502827],[92.91268158,12.94645119],[92.93852234,12.97127628],[92.89431,13.05653095],[92.93667603,13.08471298],[92.93477631,13.04280186],[92.974617,13.01286125],[92.96582794,13.03499985],[93.00389862,13.02858925],[93.03488159,13.08099079],[93.06667328,13.27250004],[93.01249695,13.27666569],[93.00945282,13.3200016],[92.96478271,13.32452106],[92.95053864,13.34390068],[92.96942902,13.36052036],[92.98677826,13.32901096],[93.00333405,13.35333443],[93.03278351,13.34527493],[93.04166412,13.36722088],[93.06583405,13.30305576],[93.09059143,13.33593273],[93.05527496,13.38222218],[93.02828979,13.37318134],[93.0708313,13.40666962],[93.02111053,13.43112087],[93.04499817,13.52527905],[93.02722168,13.57917118],[93.01011658,13.54195976],[92.98777771,13.57306099],[92.9888916,13.52777672],[92.91750336,13.5363903],[92.92944336,13.50166702],[92.87166595,13.47139072],[92.88445282,13.43056011],[92.84527588,13.40861225],[92.86694336,13.38556099],[92.8216629,13.31000137],[92.85444641,13.25777912],[92.82749939,13.23583126],[92.83000183,13.17193985]]],[[[93.83969879,12.32081985],[93.82668304,12.2448597],[93.85020447,12.26944256],[93.83200836,12.24124146],[93.86167908,12.23377037],[93.86250305,12.26604271],[93.88069916,12.23664188],[93.83969879,12.32081985]]],[[[92.77657318,12.3102808],[92.74228668,12.24553967],[92.76986694,12.23685169],[92.76773834,12.18659019],[92.73916626,12.0947504],[92.74167633,12.07810116],[92.76467896,12.06332016],[92.8125,12.10694313],[92.82258606,12.16545296],[92.85058594,12.15732098],[92.84660339,12.19768047],[92.88050842,12.19513702],[92.85888672,12.24583054],[92.88931274,12.26594162],[92.86637878,12.30561066],[92.83032227,12.30027962],[92.80995941,12.31276035],[92.79608154,12.303895],[92.77657318,12.3102808]]],[[[92.94139862,12.28080177],[92.93444824,12.31056118],[92.92673492,12.28058147],[92.90146637,12.28822136],[92.92208862,12.23095131],[92.94139862,12.28080177]]],[[[92.78022766,12.62918186],[92.75332642,12.67078114],[92.68448639,12.60814095],[92.70749664,12.59694576],[92.69950867,12.32779121],[92.75476837,12.295681],[92.77152252,12.3196907],[92.79509735,12.30614376],[92.80969238,12.31487083],[92.83242798,12.3025589],[92.89694977,12.32537079],[92.83027649,12.4277792],[92.79419708,12.43818092],[92.79165649,12.47028065],[92.79650879,12.43795967],[92.89901733,12.41562939],[92.83467865,12.49478054],[92.91452789,12.40589333],[92.91532135,12.44371128],[92.95793915,12.46770954],[92.93213654,12.48072147],[92.96842194,12.49666882],[92.98051453,12.70972919],[92.93419647,12.77382088],[92.94827271,12.8360796],[92.89839935,12.92744064],[92.87354279,12.88116074],[92.84172821,12.87560654],[92.84224701,12.89103889],[92.81095886,12.89745235],[92.79190826,12.88985443],[92.78221893,12.80749893],[92.76083374,12.85944462],[92.73777771,12.81027985],[92.72402191,12.82738018],[92.72782135,12.69165993],[92.76719666,12.67122078],[92.78671265,12.70857143],[92.78022766,12.62918186]]]]},"properties":{"GID_0":"IND","NAME_0":"India","GID_1":"IND.1_1","NAME_1":"Andaman and Nicobar","VARNAME_1":"Andaman & Nicobar Islands|Andaman et Nicobar|Iihas de Andama e Nicobar|Inseln Andamanen und Nikobare","NL_NAME_1":"","TYPE_1":"Union Territor","ENGTYPE_1":"Union Territory","CC_1":"","HASC_1":"IN.AN"}},
{"type":"Feature","geometry":{"type":"MultiPolygon","coordinates":[[[[80.14902496,13.61847305],[80.13903046,13.60707855],[80.12041473,13.60569382],[80.1581955,13.5909729],[80.12652588,13.58485985],[80.14180756,13.54486084],[80.16764069,13.58985996],[80.14902496,13.61847305]]],[[[82.25875092,16.69011116],[82.25707245,16.65125084],[82.31208038,16.60235977],[82.30958557,16.65125084],[82.31847382,16.62875175],[82.36818695,16.72291946],[82.33625031,16.69124985],[82.33207703,16.72486115],[82.28539276,16.69763947],[82.25875092,16.69011116]]],[[[78.22064972,12.75259018],[78.22722626,12.71517181],[78.18984985,12.6813097],[78.26442719,12.69184017],[78.36833954,12.61184025],[78.45478058,12.61201954],[78.45765686,12.66224957],[78.5098114,12.69878006],[78.48435211,12.73478127],[78.54767609,12.68559074],[78.54554749,12.74391079],[78.64671326,12.9190197],[78.61366272,12.97889042],[78.65110779,13.01793194],[78.6937561,13.00439167],[78.70244598,13.05615139],[78.8760376,13.08615971],[78.88191986,13.01976204],[78.92463684,13.01864147],[78.89346313,13.03509235],[78.91438293,13.06776142],[78.97959137,13.07651043],[79.06906891,13.01415062],[79.15270233,13.00729275],[79.21832275,13.13555145],[79.26741028,13.14120102],[79.30793762,13.09691143],[79.35457611,13.12977123],[79.34777069,13.16301918],[79.42378998,13.1874609],[79.44550323,13.21677113],[79.4108429,13.21216202],[79.42502594,13.2813406],[79.37460327,13.30303955],[79.42887878,13.32356167],[79.53578186,13.31107044],[79.58026123,13.24537086],[79.66853333,13.28193092],[79.68875122,13.20740986],[79.72283173,13.22185135],[79.74437714,13.194911],[79.78489685,13.22348022],[79.72129059,13.27223969],[79.75405884,13.30278969],[79.77980042,13.28207016],[79.92550659,13.33594036],[79.96186066,13.45127964],[80.03604126,13.4844799],[79.98967743,13.5267601],[80.06944275,13.53759098],[80.11819458,13.5084734],[80.05095673,13.58903122],[80.07930756,13.65597057],[80.10346985,13.65431023],[80.10679626,13.70930958],[80.10874939,13.64208031],[80.12623596,13.61153126],[80.13847351,13.61291599],[80.14763641,13.65958405],[80.13153076,13.72569466],[80.26431274,13.56014061],[80.26875305,13.56245422],[80.23291779,13.66374969],[80.24485779,13.81958389],[80.12208557,14.11458397],[80.19902802,14.58708286],[80.09320068,14.81014156],[80.05930328,14.81986046],[80.08875275,14.81153202],[80.04792023,15.07734966],[80.08125305,15.18597126],[80.0459671,15.2084713],[80.08347321,15.19458199],[80.0798645,15.31597328],[80.20069122,15.46541595],[80.27041626,15.67319584],[80.43096924,15.8057003],[80.68681335,15.88264084],[80.80541992,15.84263992],[80.81346893,15.73958206],[80.78069305,15.7804203],[80.82208252,15.71291637],[80.9668045,15.7318058],[81.01208496,15.77013874],[81.00430298,15.84041977],[81.14569092,15.97375011],[81.23097229,16.23513985],[81.26541901,16.28125191],[81.39263916,16.34208298],[81.37985992,16.35985947],[81.34570313,16.33069038],[81.36513519,16.35985947],[81.38291931,16.36181068],[81.4054184,16.34374809],[81.54096985,16.35903168],[81.72041321,16.31014061],[82.30986023,16.5676403],[82.26791382,16.56402779],[82.29957581,16.59181023],[82.25986481,16.58680534],[82.2923584,16.60874939],[82.25653076,16.64263916],[82.25763702,16.69011307],[82.17463684,16.7251091],[82.21768188,16.75168991],[82.22042084,16.7183094],[82.29370117,16.74304008],[82.29951477,16.71433258],[82.3429184,16.73791695],[82.36569214,16.90208054],[82.35791779,16.96375275],[82.32541656,16.99014282],[82.35930634,16.94431114],[82.35430908,16.85152817],[82.31180573,16.84013939],[82.24903107,16.93041992],[82.36846161,17.11874962],[82.6076355,17.29624939],[83.21347046,17.5909729],[83.29541779,17.67513847],[83.26347351,17.71097183],[83.30652618,17.68819046],[83.34430695,17.72486115],[83.45735931,17.92069435],[83.52958679,17.94930649],[83.57263947,18.0181942],[84.12458038,18.30930519],[84.12568665,18.35153008],[84.35624695,18.55680466],[84.76101685,19.07131195],[84.73021698,19.08930588],[84.71903229,19.09584427],[84.7020874,19.15114975],[84.59184265,19.12384033],[84.65453339,19.05231094],[84.61271667,19.05483055],[84.58769226,19.01299095],[84.56613922,19.06503868],[84.4716568,18.98122025],[84.41513062,19.0138607],[84.42938995,18.91368294],[84.3653183,18.89625931],[84.38762665,18.87766838],[84.35144806,18.88319969],[84.3624115,18.85106087],[84.33602142,18.86671066],[84.33222198,18.79202271],[84.08177948,18.74464035],[84.02706146,18.80220032],[83.87017822,18.81842995],[83.78704071,19.00836945],[83.73956299,18.97844124],[83.78006744,18.90772057],[83.74582672,18.91817284],[83.70574188,18.98524094],[83.72325134,19.01189995],[83.62328339,19.15363121],[83.57876587,19.04978943],[83.5464325,19.07382965],[83.53138733,19.00542068],[83.49539948,19.01109123],[83.50538635,19.06477165],[83.45939636,19.06967163],[83.45548248,18.94557953],[83.40885162,18.99619102],[83.30526733,18.98968124],[83.32901001,18.91690826],[83.34575653,18.95709991],[83.38022614,18.92328262],[83.34661102,18.92687035],[83.41133881,18.85934067],[83.39630127,18.83070946],[83.27950287,18.78960037],[83.26609802,18.75700951],[83.21939087,18.76581955],[83.20506287,18.71586037],[83.13295746,18.77244949],[83.0096817,18.63652992],[83.00804138,18.58842087],[83.05394745,18.58646965],[83.03247833,18.54788971],[83.08933258,18.53791046],[83.01541138,18.4444294],[83.05982971,18.42863274],[83.0533905,18.37529945],[82.90274811,18.35591125],[82.88461304,18.41275978],[82.79917145,18.43940163],[82.7670517,18.33107948],[82.65883636,18.28660965],[82.62687683,18.22874069],[82.58074188,18.27009964],[82.60050964,18.36870956],[82.53515625,18.3895607],[82.55377197,18.43765068],[82.53015137,18.43431091],[82.52313232,18.50392914],[82.47400665,18.53683281],[82.36128998,18.4099102],[82.38442993,18.36911011],[82.33444214,18.31713295],[82.393013,18.30644035],[82.30609894,18.19565964],[82.36515808,18.13966942],[82.33336639,18.14237976],[82.32977295,18.040411],[82.26695251,18.04827118],[82.26725006,17.98644066],[82.24170685,17.97976112],[82.16034698,18.04359818],[82.0246582,18.0578804],[81.75829315,17.89336014],[81.78235626,17.83195114],[81.57662201,17.72609138],[81.50292969,17.58987999],[81.52371979,17.56970978],[81.49341583,17.44882011],[81.41564941,17.36162949],[81.3246994,17.3906498],[81.26716614,17.31999969],[81.18154144,17.32222939],[81.16278839,17.23258018],[80.99125671,17.17970276],[80.90534973,17.20129013],[80.91330719,17.14595032],[80.87030792,17.14630127],[80.83246613,17.02571106],[80.7257309,17.06460953],[80.63960266,17.05512047],[80.65664673,17.08776283],[80.56017303,17.1380291],[80.49611664,17.10786057],[80.44624329,17.01702118],[80.3950882,17.07756805],[80.36699677,17.05656815],[80.38871765,17.01406097],[80.35824585,16.97063065],[80.48781586,16.91744041],[80.49130249,16.94818115],[80.58419037,16.92651939],[80.55458069,16.82478905],[80.60410309,16.78775978],[80.56281281,16.76283073],[80.45639801,16.79002953],[80.39971161,16.84973907],[80.37293243,16.81110001],[80.26217651,17.01062965],[80.2012558,17.01313972],[80.18212891,17.04494095],[80.13385773,16.98535919],[80.04588318,16.96529961],[80.009552,16.90726089],[79.99167633,16.86325073],[80.06967163,16.81360817],[79.95815277,16.64204979],[79.90207672,16.63784981],[79.86183929,16.69822121],[79.81025696,16.69049072],[79.77490234,16.7295208],[79.42658997,16.58252144],[79.26611328,16.56147003],[79.22527313,16.50822067],[79.21868896,16.23964119],[79.17658234,16.21713066],[79.03093719,16.2457428],[78.92549896,16.20233917],[78.91047668,16.1052227],[78.83783722,16.15673828],[78.83650208,16.08737755],[78.7750473,16.02360916],[78.71366882,16.02666092],[78.61701202,16.09890938],[78.55912781,16.05637169],[78.40566254,16.08094978],[78.31620789,16.02915192],[78.25666809,16.03129959],[78.23796844,15.9290514],[78.10958099,15.82718086],[78.0636673,15.84456158],[78.03629303,15.90209103],[78.0018692,15.85923004],[77.88768005,15.89592171],[77.79918671,15.86532021],[77.50945282,15.92086029],[77.18062592,15.95006275],[77.07679749,15.90974045],[77.03318787,15.85308075],[77.0222702,15.83178043],[77.06723785,15.79605007],[77.04708862,15.72501183],[77.12497711,15.65905094],[77.11620331,15.62510967],[77.08143616,15.65284061],[77.02928162,15.63383865],[77.02659607,15.49999046],[76.97039032,15.49092197],[77.02739716,15.43518066],[77.06157684,15.32186031],[77.10968781,15.32728195],[77.16414642,15.2590704],[77.12090302,15.221241],[77.16320038,15.16133118],[77.07881927,15.00000954],[77.041008,15.00548172],[77.04688263,15.029212],[76.87670135,15.02867889],[76.79693604,15.09076023],[76.77422333,15.07138062],[76.76377106,14.96986961],[76.86445618,14.96401978],[76.86547852,14.93760014],[76.84873962,14.80403137],[76.78034973,14.77926159],[76.79807281,14.73459053],[76.76091003,14.59628105],[76.87020111,14.46844006],[76.9733963,14.47828102],[76.94156647,14.39954185],[76.88314056,14.39029121],[76.87909698,14.34638977],[76.95011139,14.29402924],[76.92485809,14.27218056],[76.94346619,14.23631001],[77.10507965,14.21328163],[77.11192322,14.2875309],[77.15215302,14.3377409],[77.23195648,14.31107044],[77.28114319,14.33111095],[77.27958679,14.27608967],[77.35926056,14.26933002],[77.38378906,14.1918211],[77.41570282,14.21196175],[77.38565826,14.32487011],[77.49936676,14.26051044],[77.5004425,14.15096092],[77.40972137,14.1697197],[77.34773254,14.12434101],[77.34453583,14.09601116],[77.39544678,14.10344124],[77.32618713,14.02293968],[77.38336182,14.00735855],[77.37565613,13.96911144],[77.43064117,13.96877956],[77.39705658,13.88054085],[77.3483429,13.89654064],[77.35378265,13.98232079],[77.31349182,14.02482033],[77.14733887,13.99162197],[77.12110138,14.04218006],[77.0236969,14.0532589],[77.0198288,14.17270184],[76.94164276,14.18931198],[76.89142609,14.15899944],[76.88368225,14.13103199],[76.92697906,14.12720966],[76.9750061,14.06527042],[76.93109894,14.02273178],[77.0358429,13.92559147],[76.96839142,13.81439018],[76.993927,13.74151039],[77.02636719,13.77144146],[77.06004333,13.73886108],[77.1665802,13.75466919],[77.1622467,13.8207407],[77.12388611,13.84939003],[77.16249084,13.85698032],[77.17703247,13.91740036],[77.17880249,13.85984039],[77.23384094,13.89493179],[77.2504425,13.83947086],[77.30693054,13.85723972],[77.32000732,13.8257513],[77.42453003,13.83512974],[77.40866089,13.79925156],[77.45745087,13.79705048],[77.44481659,13.69576073],[77.47648621,13.67759991],[77.48734283,13.70679188],[77.52152252,13.68787003],[77.51966858,13.74384975],[77.55607605,13.71646023],[77.59559631,13.74357891],[77.62124634,13.72740173],[77.610466,13.75543976],[77.649086,13.77583981],[77.70874786,13.73273945],[77.71286011,13.79051971],[77.82772064,13.86061954],[77.81829071,13.93488121],[77.88698578,13.93118191],[77.91160583,13.89724064],[77.96643066,13.95055199],[77.97802734,13.89334965],[77.94246674,13.8802309],[77.94458008,13.81997108],[77.98516083,13.86166954],[78.03782654,13.85284996],[78.04115295,13.88672924],[78.11353302,13.84089088],[78.11823273,13.77690029],[78.08492279,13.7334919],[78.1053772,13.68440056],[78.05834198,13.66697025],[78.08072662,13.63534069],[78.15576172,13.64871025],[78.19393921,13.61615944],[78.18327332,13.55638027],[78.22769165,13.58722115],[78.39076233,13.5781002],[78.35515594,13.35507107],[78.39737701,13.33233166],[78.36699677,13.32003975],[78.47174835,13.30792046],[78.52079773,13.25559139],[78.55565643,13.29942989],[78.57746887,13.26204967],[78.54094696,13.18725109],[78.56907654,13.1564827],[78.50875092,13.11958981],[78.52796173,13.09735966],[78.50457764,13.05276203],[78.45157623,13.03153229],[78.457901,12.96324158],[78.4226532,12.96860027],[78.45423889,12.85316181],[78.43582916,12.90067005],[78.37834167,12.89519119],[78.34542847,12.92806053],[78.30310059,12.84720039],[78.2410965,12.84742069],[78.22064972,12.75259018]]]]},"properties":{"GID_0":"IND","NAME_0":"India","GID_1":"IND.2_1","NAME_1":"Andhra Pradesh","VARNAME_1":"","NL_NAME_1":"","TYPE_1":"State","ENGTYPE_1":"State","CC_1":"","HASC_1":"IN.AP"}},
{"type":"Feature","geometry":{"type":"Polygon","coordinates":[[[92.1129837,26.89238358],[92.39975739,26.92627144],[92.45957184,26.96331024],[92.58521271,26.96186256],[92.64546204,26.98744965],[92.65892792,27.03852081],[92.87243652,27.00769997],[93.01937103,26.91683006],[93.67578125,26.97107124],[93.7723999,27.06230164],[93.83502197,27.07499123],[93.79824066,27.13716125],[93.95652008,27.29475975],[94.1572113,27.47804832],[94.25905609,27.52260017],[94.21111298,27.61084175],[94.25222778,27.64093018],[94.27603149,27.59334946],[94.36749268,27.5767498],[94.4310379,27.60308075],[94.45973969,27.55771065],[94.68940735,27.66719055],[94.83938599,27.7035408],[94.86086273,27.73947906],[95.31655884,27.87112999],[95.38433838,27.84202194],[95.51595306,27.88178825],[95.60674286,27.95776939],[95.97746277,27.96850014],[95.75821686,27.73110962],[95.79647064,27.68806076],[95.787117,27.62340927],[95.8813324,27.55323029],[95.84934235,27.43032074],[95.88865662,27.44407082],[95.89305878,27.40604019],[95.91684723,27.4431591],[95.9777832,27.43549919],[96.01835632,27.36790085],[95.89396667,27.26301193],[95.80628967,27.29174042],[95.59008789,27.2295208],[95.51618195,27.26863098],[95.45970917,27.2134304],[95.45778656,27.1356411],[95.34860229,27.10476112],[95.24822998,27.03025246],[95.19551849,27.04294968],[95.2338562,26.89084053],[95.18450165,26.86483002],[95.24491882,26.78733063],[95.21614075,26.73531914],[95.23763275,26.68629074],[95.30258179,26.65602112],[95.4288559,26.70004082],[95.53277588,26.83120918],[95.61151886,26.82121277],[95.67336273,26.9102211],[95.73081207,26.88749123],[95.80793762,27.02045059],[95.93624878,27.05299187],[96.03643036,27.19605064],[96.23432922,27.28487968],[96.4707489,27.31246185],[96.52233124,27.29397011],[96.6125412,27.36936951],[96.7125473,27.38072968],[96.80236053,27.35443115],[96.88510132,27.26795959],[96.87563324,27.19355965],[97.07151794,27.10917091],[97.14643097,27.10284042],[97.17173767,27.1368103],[96.91184998,27.46270943],[96.93768311,27.53005981],[96.89758301,27.62080193],[97.02857208,27.74912071],[97.09642029,27.74992943],[97.10246277,27.79342079],[97.25647736,27.90953064],[97.30870819,27.92996025],[97.32116699,27.88951111],[97.38902283,27.89637947],[97.37806702,27.98615074],[97.41516113,28.02408028],[97.3735199,28.07023811],[97.30774689,28.07710075],[97.33080292,28.1629715],[97.4005661,28.20050049],[97.28206635,28.27626038],[97.17391968,28.29906082],[97.09256744,28.36969185],[96.99649811,28.31623077],[96.89866638,28.3859005],[96.77437592,28.37407112],[96.75105286,28.42171288],[96.66456604,28.46577072],[96.45826721,28.41922188],[96.39940643,28.34449959],[96.37094116,28.39430046],[96.26377106,28.41337967],[96.37296295,28.48703957],[96.32567596,28.53400993],[96.4940567,28.63819122],[96.47274017,28.68820953],[96.5859375,28.72158813],[96.61599731,28.77857971],[96.5374527,28.88412094],[96.51882935,28.97098923],[96.48752594,28.96533966],[96.47740173,28.99403954],[96.52519989,29.07928085],[96.34670258,29.03226852],[96.16652679,28.90592957],[96.14524841,28.93748856],[96.1848526,28.98811913],[96.11450195,29.07760239],[96.18562317,29.09461975],[96.2602005,29.16016006],[96.34635925,29.17103004],[96.39280701,29.25650024],[96.36315155,29.28563118],[96.24356842,29.23512268],[96.08053589,29.46334457],[95.95710754,29.38266754],[95.88085175,29.39149094],[95.7964859,29.33633041],[95.77762604,29.35639954],[95.63802338,29.24983978],[95.59873199,29.2618618],[95.58580017,29.21799278],[95.53771973,29.2140007],[95.54680634,29.12865067],[95.49633026,29.14031029],[95.44742584,29.03601265],[95.26655579,29.05764961],[95.25076294,29.10988045],[95.12175751,29.11625099],[94.99749756,29.17301178],[95.02279663,29.13062096],[94.87180328,29.18428993],[94.79798889,29.16460991],[94.7773819,29.24111938],[94.62815857,29.34859085],[94.55789948,29.22891045],[94.43118286,29.2268219],[94.35692596,29.1525898],[94.28772736,29.14814949],[94.21469116,29.08408928],[94.15513611,28.95476151],[93.99491119,28.84136963],[94.0014267,28.7755394],[93.9261322,28.67180061],[93.84403992,28.70738983],[93.775177,28.66851807],[93.73156738,28.68927956],[93.53383636,28.65884972],[93.49111938,28.68396187],[93.47419739,28.65365028],[93.44567108,28.67604065],[93.33690643,28.64015961],[93.27591705,28.50482941],[93.18266296,28.439991],[93.23152161,28.40071106],[93.21897888,28.3337307],[93.02366638,28.30319977],[93.03378296,28.26313019],[93.00035858,28.23079109],[92.96452332,28.2618103],[92.89525604,28.20461082],[92.82646942,28.17203522],[92.79963684,28.20223045],[92.68698883,28.12579918],[92.66293335,28.06277084],[92.73948669,27.9894104],[92.55425262,27.81829834],[92.50132751,27.84150124],[92.45493317,27.80326271],[92.40686035,27.82208824],[92.30738831,27.77923965],[92.26402283,27.85793114],[92.21039581,27.85898972],[92.05539703,27.75913048],[91.9838562,27.76999092],[91.91876221,27.71510124],[91.86052704,27.73693275],[91.82421112,27.81035042],[91.70957184,27.81328964],[91.66195679,27.85824013],[91.55739594,27.85233116],[91.64588928,27.76868057],[91.62870026,27.69932365],[91.56292725,27.63264275],[91.58312225,27.55704498],[91.65171051,27.48434258],[91.69472504,27.5059185],[91.7673111,27.46489716],[92.01876831,27.48032379],[92.06546783,27.3263092],[92.12475586,27.2823658],[92.04514313,27.26888657],[92.07093048,27.22617531],[92.02390289,27.10948944],[92.11965942,26.97327614],[92.1129837,26.89238358]]]},"properties":{"GID_0":"IND","NAME_0":"India","GID_1":"IND.3_1","NAME_1":"Arunachal Pradesh","VARNAME_1":"Agence de la Frontière du Nord-Est(French-obsolete)|North East Frontier Agency","NL_NAME_1":"","TYPE_1":"State","ENGTYPE_1":"State","CC_1":"","HASC_1":"IN.AR"}},
{"type":"Feature","geometry":{"type":"Polygon","coordinates":[[[89.71930695,26.16640663],[89.79486084,26.08727455],[89.7879715,26.01930618],[89.80860901,26.0434227],[89.8229599,25.98490906],[89.83875275,26.00968933],[89.87065887,25.98145294],[89.8253479,25.9455719],[89.88594055,25.94358063],[89.81452942,25.81698036],[89.88096619,25.6317997],[89.86273193,25.54319382],[90.01729584,25.60219193],[89.89261627,25.73500061],[89.95524597,25.77445984],[89.94458008,25.82447815],[90.00831604,25.84683037],[90.00473785,25.87868118],[90.11865234,25.96125984],[90.18251038,25.94445038],[90.32434082,25.97438049],[90.36499023,26.01032066],[90.42862701,25.98904037],[90.47728729,26.0152607],[90.53446198,25.95802116],[90.51254272,25.89624023],[90.5824585,25.95979118],[90.62901306,25.93742943],[90.62480927,25.89889908],[90.68604279,25.95080948],[90.74743652,25.95732117],[90.74053955,25.91521072],[90.77806091,25.90829086],[90.80989075,25.95215988],[90.88298035,25.9517498],[90.91911316,25.913311],[90.94274902,25.9475708],[90.967453,25.88718033],[91.02922058,25.88804817],[91.00078583,25.82225037],[91.1964798,25.8590107],[91.17993164,25.7763195],[91.19198608,25.72958183],[91.22387695,25.72341919],[91.27562714,25.74694061],[91.33355713,25.83884048],[91.52540588,25.87289047],[91.47476196,25.87123108],[91.57583618,26.03310966],[91.63215637,26.02240944],[91.61115265,25.93992043],[91.66931152,25.90538979],[91.7201767,25.95407104],[91.73126221,26.05920982],[91.81931305,26.11874008],[91.87578583,26.09773064],[91.87016296,26.05219078],[91.92209625,25.99953079],[91.99106598,26.04103279],[92.2973175,26.07914925],[92.15631866,25.94479942],[92.16369629,25.91179085],[92.22547913,25.90704918],[92.15310669,25.81274986],[92.16069794,25.67185974],[92.38510132,25.75356293],[92.4331665,25.73145294],[92.43213654,25.69100952],[92.50170898,25.62293053],[92.55761719,25.61198807],[92.57250214,25.56042099],[92.65345764,25.59218025],[92.6446991,25.53744125],[92.56741333,25.46747017],[92.59815979,25.47165108],[92.60909271,25.41657066],[92.65428162,25.43534088],[92.78437042,25.3325386],[92.76464844,25.24934959],[92.80442047,25.21932983],[92.66690826,25.17706108],[92.62164307,25.11770058],[92.52466583,25.14002991],[92.54294586,25.09959984],[92.48429871,25.10806084],[92.46325684,25.03712845],[92.42590332,25.0318203],[92.42849731,24.97257996],[92.46328735,24.95591736],[92.49190521,24.87796402],[92.42757416,24.85442924],[92.30065155,24.91567039],[92.23262024,24.90205574],[92.29588318,24.7366333],[92.21572876,24.50774193],[92.27308655,24.38845062],[92.21289063,24.24932861],[92.29668427,24.25174141],[92.42237854,24.25311089],[92.43656921,24.15242958],[92.48087311,24.14132118],[92.53151703,24.17741966],[92.55063629,24.2458992],[92.61158752,24.2533493],[92.62428284,24.33265114],[92.6906662,24.35480118],[92.76519775,24.52084923],[92.82898712,24.37776947],[92.91153717,24.41290092],[93.00049591,24.40327072],[93.03916931,24.41113091],[93.06111908,24.57483292],[93.10697937,24.58356094],[93.07541656,24.59622955],[93.10470581,24.67534256],[93.0758667,24.71039009],[93.10978699,24.80974007],[93.15294647,24.78977966],[93.19735718,24.81126022],[93.26241302,24.95137024],[93.24884033,25.01880074],[93.33577728,25.09584045],[93.38871765,25.24592018],[93.47402191,25.3092804],[93.46186829,25.4346981],[93.3959198,25.46412086],[93.33174133,25.54681015],[93.49991608,25.65652084],[93.57324982,25.76079941],[93.70548248,25.84863091],[93.68768311,25.90944099],[93.77301788,25.96602058],[93.79576111,25.81435013],[93.97939301,25.91967964],[93.95488739,26.00732994],[94.00480652,26.17327118],[94.10804749,26.32640076],[94.17550659,26.34421921],[94.18654633,26.46051025],[94.27674103,26.5588398],[94.31651306,26.46293068],[94.39945221,26.53232002],[94.40786743,26.61433029],[94.46250153,26.6354599],[94.46794128,26.66982079],[94.5450592,26.71090126],[94.57469177,26.69102097],[94.60414886,26.7392807],[94.68660736,26.73258972],[94.80220795,26.80606079],[94.88622284,26.93246078],[94.92816162,26.95210075],[95.02134705,26.92539978],[95.19551849,27.04294968],[95.24822998,27.03025246],[95.34860229,27.10476112],[95.45778656,27.1356411],[95.45970917,27.2134304],[95.51618195,27.26863098],[95.59008789,27.2295208],[95.80628967,27.29174042],[95.89396667,27.26301193],[96.01835632,27.36790085],[95.9777832,27.43549919],[95.91684723,27.4431591],[95.89305878,27.40604019],[95.88865662,27.44407082],[95.84934235,27.43032074],[95.8813324,27.55323029],[95.787117,27.62340927],[95.79647064,27.68806076],[95.75821686,27.73110962],[95.97746277,27.96850014],[95.60674286,27.95776939],[95.51595306,27.88178825],[95.38433838,27.84202194],[95.31655884,27.87112999],[94.86086273,27.73947906],[94.83938599,27.7035408],[94.68940735,27.66719055],[94.45973969,27.55771065],[94.4310379,27.60308075],[94.36749268,27.5767498],[94.27603149,27.59334946],[94.25222778,27.64093018],[94.21111298,27.61084175],[94.25905609,27.52260017],[94.1572113,27.47804832],[93.95652008,27.29475975],[93.79824066,27.13716125],[93.83502197,27.07499123],[93.7723999,27.06230164],[93.67578125,26.97107124],[93.01937103,26.91683006],[92.87243652,27.00769997],[92.65892792,27.03852081],[92.64546204,26.98744965],[92.58521271,26.96186256],[92.45957184,26.96331024],[92.39975739,26.92627144],[92.1129837,26.89238358],[92.01700592,26.85014534],[91.85913086,26.91370773],[91.82388306,26.86437225],[91.68974304,26.80688667],[91.62562561,26.82115173],[91.49494171,26.79138374],[91.40746307,26.83965874],[91.33742523,26.78123474],[91.09745026,26.82217979],[91.05541229,26.78235054],[90.71676636,26.76847839],[90.54585266,26.81693649],[90.41648102,26.90470123],[90.35644531,26.90100861],[90.30021667,26.84840584],[90.23021698,26.85911751],[90.19459534,26.77344513],[90.04924011,26.73070335],[89.86292267,26.73738289],[89.8600769,26.70137405],[89.86949921,26.44841957],[89.82727814,26.39647293],[89.85729218,26.38446045],[89.78201294,26.35327911],[89.75865936,26.28932953],[89.71782684,26.3057003],[89.73745728,26.271101],[89.7048111,26.26990128],[89.7287674,26.23820114],[89.69722748,26.21722984],[89.73203278,26.21228981],[89.70061493,26.18346405],[89.70253754,26.17712021],[89.71930695,26.16640663]]]},"properties":{"GID_0":"IND","NAME_0":"India","GID_1":"IND.4_1","NAME_1":"Assam","VARNAME_1":"","NL_NAME_1":"","TYPE_1":"State","ENGTYPE_1":"State","CC_1":"","HASC_1":"IN.AS"}},
{"type":"Feature","geometry":{"type":"Polygon","coordinates":[[[83.49816895,24.52705956],[83.71669006,24.50494957],[83.86804199,24.53288078],[83.93300629,24.55174255],[83.99221039,24.63803291],[84.04673767,24.61228943],[84.10977936,24.48139954],[84.14605713,24.54030037],[84.17926025,24.51041985],[84.18830109,24.55532074],[84.25714111,24.53075027],[84.29297638,24.56599045],[84.32634735,24.50271988],[84.29321289,24.45082283],[84.4935379,24.28704071],[84.52152252,24.37626076],[84.57247925,24.41234016],[84.65825653,24.39374161],[84.67891693,24.4563427],[84.79532623,24.52949142],[84.83262634,24.51148033],[84.83439636,24.45252037],[84.88017273,24.46280098],[84.89803314,24.37212944],[84.96856689,24.37594986],[84.99040222,24.41222954],[85.07615662,24.43987083],[85.06548309,24.38676071],[85.0894165,24.37919998],[85.16938019,24.42947006],[85.15067291,24.46286964],[85.28196716,24.49720001],[85.28251648,24.52668953],[85.48648071,24.55075073],[85.51830292,24.52454948],[85.57657623,24.60301018],[85.66470337,24.58193016],[85.6495285,24.68704033],[85.6966629,24.71347237],[85.73674011,24.82265091],[85.8777771,24.80029106],[85.95030212,24.73211861],[86.05058289,24.77954102],[86.03907013,24.74131966],[86.08657837,24.74632072],[86.12444305,24.70516014],[86.13329315,24.60354042],[86.32286072,24.58409119],[86.27913666,24.4620018],[86.45220947,24.36862946],[86.50572205,24.5177002],[86.60292053,24.60506821],[86.668396,24.56064034],[86.7771225,24.61976051],[86.80029297,24.5646019],[86.87639618,24.56731987],[86.91117859,24.53867912],[86.89807892,24.58654022],[86.93009186,24.64282036],[87.05046844,24.60676956],[87.0785675,24.82225037],[87.1581192,24.88563156],[87.14676666,25.02431107],[87.21135712,25.08959961],[87.29110718,25.08926964],[87.32345581,25.22309113],[87.47216034,25.19466972],[87.48150635,25.29517174],[87.53974915,25.28161812],[87.5800705,25.34839058],[87.60688019,25.31138039],[87.6841507,25.31013107],[87.70778656,25.25640869],[87.78330994,25.24617767],[87.7875824,25.2204895],[87.83664703,25.19926071],[87.82277679,25.23434067],[87.85652161,25.2777729],[87.78398132,25.33242989],[87.75910187,25.40504074],[87.78132629,25.44465065],[87.86347198,25.46538925],[87.87921906,25.51597023],[87.92604828,25.53621292],[88.02754974,25.4861412],[88.07041168,25.48050117],[88.07285309,25.50390053],[88.02102661,25.58692169],[88.04862976,25.69057083],[87.89846802,25.76976013],[87.9105072,25.8148098],[87.88339996,25.82860947],[87.91091156,25.85174942],[87.82283783,25.87146759],[87.80375671,25.91214943],[87.84211731,26.04448128],[87.91293335,26.0909729],[87.96813202,26.08136177],[87.96405792,26.15197945],[88.01306915,26.14087105],[88.06983185,26.17571831],[88.29191589,26.35391045],[88.23760986,26.37537766],[88.26790619,26.42175293],[88.179039,26.49057961],[88.23120117,26.55198288],[88.14539337,26.51097107],[88.10614777,26.53562355],[88.09740448,26.43744278],[88.03255463,26.36463165],[87.92930603,26.41794777],[87.89063263,26.48641968],[87.85121918,26.43621445],[87.79221344,26.46891594],[87.76885986,26.41209602],[87.68023682,26.43509483],[87.6084137,26.38060188],[87.46909332,26.44006538],[87.37129211,26.4077549],[87.34341431,26.34751511],[87.26838684,26.37361145],[87.25870514,26.41086006],[87.16501617,26.40381622],[87.09391785,26.45001602],[87.07427979,26.58546638],[87.01771545,26.53181458],[86.93509674,26.51649284],[86.89641571,26.4617157],[86.83580017,26.43869781],[86.7677002,26.45845795],[86.73352051,26.42204475],[86.57277679,26.49689484],[86.54421997,26.53811455],[86.32928467,26.61930275],[86.21961212,26.58810997],[86.03073883,26.66642189],[85.85211945,26.56841469],[85.85331726,26.60951614],[85.73461914,26.65431595],[85.73671722,26.79561615],[85.63668823,26.87190247],[85.33631897,26.74141502],[85.21614838,26.75792313],[85.1791153,26.81191444],[85.19770813,26.86659431],[85.02444458,26.85543251],[85.06241608,26.8867054],[84.96982574,26.91603279],[84.96448517,26.96027565],[84.89364624,26.96959496],[84.83188629,27.01930428],[84.79572296,26.99556923],[84.64485168,27.04724693],[84.69306183,27.21480179],[84.62201691,27.33820724],[84.29341125,27.38504219],[84.25624847,27.45190048],[84.21063995,27.44233322],[84.15296936,27.51662827],[84.11071777,27.52151489],[84.05419922,27.44262123],[83.87024689,27.42850685],[83.90840912,27.38429642],[83.85850525,27.35096169],[83.8289566,27.32275963],[83.91668701,27.32533073],[83.89795685,27.25942993],[83.97878265,27.20043945],[83.93942261,27.09299278],[84.02072144,27.09548187],[83.9907608,27.06859016],[84.04081726,27.04467964],[84.02490234,26.94272041],[84.05200195,26.89170074],[84.14083862,26.88758087],[84.13165283,26.85569],[84.16892242,26.83451843],[84.20922089,26.87099075],[84.2410965,26.86243057],[84.2339859,26.73953056],[84.29802704,26.7532711],[84.32566071,26.68425751],[84.40223694,26.67122269],[84.41439819,26.62717056],[84.2722168,26.59936142],[84.08177948,26.64286041],[84.04776001,26.54348946],[83.9625473,26.50860023],[83.90220642,26.51807976],[83.90228271,26.45025063],[84.01098633,26.44845963],[84.07200623,26.38446999],[84.1713562,26.37397957],[84.15934753,26.24590111],[84.11295319,26.26192093],[84.07936859,26.22121048],[84.01152039,26.2406826],[84.0181427,26.14512062],[84.16726685,26.02547073],[84.16622925,25.99150085],[84.20181274,26.00056076],[84.29633331,25.94698906],[84.35138702,25.95934105],[84.42331696,25.89242172],[84.52864075,25.87774086],[84.52697754,25.83432961],[84.62021637,25.79409027],[84.60053253,25.76062965],[84.63059998,25.72834015],[84.55562592,25.73640823],[84.55233002,25.68403053],[84.53586578,25.72649002],[84.52458954,25.68435097],[84.48838806,25.67785072],[84.44877625,25.71449089],[84.40187836,25.69950104],[84.38001251,25.74868965],[84.3312912,25.74457169],[84.31858826,25.67193985],[84.28557587,25.66152954],[84.20291138,25.66963959],[84.14823151,25.73096085],[84.09439087,25.72038078],[84.07650757,25.63753128],[83.91705322,25.55849075],[83.85112,25.47372055],[83.81022644,25.46591949],[83.83837128,25.43688965],[83.76193237,25.38791084],[83.69458008,25.39609909],[83.62238312,25.32952118],[83.53946686,25.31764984],[83.34960938,25.19894028],[83.31817627,25.01732063],[83.34387207,25.01048279],[83.38680267,24.78421974],[83.47984314,24.73783112],[83.51370239,24.68115044],[83.49752045,24.65166092],[83.54141235,24.62618065],[83.49816895,24.52705956]]]},"properties":{"GID_0":"IND","NAME_0":"India","GID_1":"IND.5_1","NAME_1":"Bihar","VARNAME_1":"","NL_NAME_1":"","TYPE_1":"State","ENGTYPE_1":"State","CC_1":"","HASC_1":"IN.BR"}},
{"type":"Feature","geometry":{"type":"Polygon","coordinates":[[[76.82818604,30.76379013],[76.75933838,30.79903984],[76.69062805,30.76008034],[76.7263031,30.6959095],[76.79437256,30.66931915],[76.81980896,30.68582916],[76.82818604,30.76379013]]]},"properties":{"GID_0":"IND","NAME_0":"India","GID_1":"IND.6_1","NAME_1":"Chandigarh","VARNAME_1":"","NL_NAME_1":"","TYPE_1":"Union Territor","ENGTYPE_1":"Union Territory","CC_1":"","HASC_1":"IN.CH"}},
{"type":"Feature","geometry":{"type":"Polygon","coordinates":[[[80.26753998,18.71796989],[80.33879089,18.58820915],[80.48838806,18.62672043],[80.72653961,18.40899086],[80.74462128,18.30218124],[80.78827667,18.24978065],[80.73326874,18.21879005],[80.73455811,18.17171288],[80.79792786,18.16629982],[80.82958984,18.23411942],[80.86749268,18.20725822],[80.8620224,18.13266945],[80.97367859,18.16814995],[80.94399261,18.08102036],[81.03244781,17.78973007],[81.07360077,17.78629112],[81.15956879,17.85263062],[81.25403595,17.81212997],[81.38497162,17.80659294],[81.39382935,17.88513947],[81.43725586,17.87593842],[81.47731018,17.97002029],[81.52796173,18.25908089],[81.65866852,18.3110981],[81.65809631,18.33929062],[81.74491119,18.34535027],[81.76210022,18.4113102],[81.85794067,18.51305962],[81.90859985,18.56422806],[81.94690704,18.5591507],[81.95452881,18.58670998],[81.8883667,18.62099075],[81.88537598,18.65032959],[81.9474411,18.62882042],[81.96768188,18.69061279],[82.07858276,18.71208191],[82.08141327,18.75587082],[82.16114807,18.79096031],[82.17272949,18.89528847],[82.23956299,18.91045952],[82.1940918,19.06022072],[82.21211243,19.09054947],[82.15978241,19.1264801],[82.17878723,19.15885925],[82.15172577,19.26546288],[82.1831665,19.31970024],[82.14083099,19.3619194],[82.18305969,19.41761017],[82.11930847,19.4239006],[82.09207916,19.50984001],[82.02239227,19.50180244],[82.05982971,19.78309822],[81.98014832,19.79578018],[81.96037292,19.85473824],[81.84963226,19.90805054],[81.866539,20.03603935],[81.94135284,20.10225105],[82.02440643,20.01004028],[82.05789948,20.04986954],[82.1784668,19.97808266],[82.23062897,19.99808121],[82.33944702,19.82996178],[82.44239044,19.90298271],[82.59349823,19.8645401],[82.58506012,19.7710495],[82.64573669,19.82537079],[82.70271301,19.83103943],[82.70748901,19.99021912],[82.59836578,19.98563957],[82.39086151,20.05958939],[82.37892914,20.14463043],[82.42922974,20.2829628],[82.39377594,20.3355217],[82.4291687,20.42575264],[82.32401276,20.55388069],[82.36823273,20.62405968],[82.33512878,20.75851822],[82.34661865,20.88384819],[82.45905304,20.82384109],[82.485672,20.90351105],[82.55294037,20.94148064],[82.62230682,21.0365696],[82.63594055,21.1494503],[82.78884888,21.13927269],[82.95606995,21.17548943],[83.11984253,21.10106087],[83.19010162,21.13552856],[83.21835327,21.26012039],[83.27455902,21.28567123],[83.27001953,21.37503815],[83.40265656,21.34843063],[83.33463287,21.49555016],[83.38072205,21.61275101],[83.44123077,21.64927292],[83.45275879,21.60519028],[83.48454285,21.62556267],[83.4197464,21.67502022],[83.48413086,21.74155235],[83.46717834,21.78273964],[83.49091339,21.81454086],[83.53656769,21.79393005],[83.53124237,21.83189964],[83.58447266,21.84360123],[83.60047913,21.91084099],[83.53517151,21.96350098],[83.53836823,22.05537987],[83.60031891,22.0655098],[83.55916595,22.10386086],[83.64575195,22.22458839],[83.75279999,22.24286079],[83.86100769,22.34378052],[84.00421143,22.36766052],[84.04155731,22.46410942],[83.97609711,22.50221062],[84.00250244,22.52086067],[84.00505066,22.56956291],[84.08039093,22.6365509],[84.22061157,22.66891098],[84.22535706,22.73516083],[84.28528595,22.76337051],[84.32946014,22.85955048],[84.36988831,22.86450005],[84.38905334,22.93873978],[84.3705368,22.97507095],[84.21705627,22.97647285],[84.18992615,23.02371979],[84.14800262,22.96386909],[84.12937927,23.08154106],[84.03367615,23.13844109],[84.07025146,23.32999039],[84.04338837,23.37401009],[84.00653076,23.35280037],[83.96582794,23.38121033],[83.9695282,23.4554081],[84.02266693,23.54424095],[84.00702667,23.63231087],[83.9378891,23.6224308],[83.93525696,23.56303978],[83.77488708,23.59950066],[83.71472931,23.68254089],[83.72940063,23.75473022],[83.69538879,23.82066917],[83.56121063,23.86295128],[83.57615662,23.88438034],[83.54284668,23.89824104],[83.50670624,24.0282402],[83.44758606,24.04248047],[83.42536926,24.08376122],[83.32356262,24.1013298],[83.18956757,23.92110062],[83.08660126,23.87817192],[82.93881989,23.87586975],[82.8077774,23.96305847],[82.65651703,23.90786171],[82.65202332,23.85650063],[82.52735138,23.82407951],[82.54451752,23.79418945],[82.5161972,23.78423119],[82.46002197,23.81139946],[82.22614288,23.80693245],[82.20388794,23.8529911],[82.16240692,23.81995964],[82.04540253,23.82058907],[82.00073242,23.86314011],[81.91644287,23.87298965],[81.78266144,23.81184006],[81.71906281,23.84042931],[81.66159821,23.92559814],[81.61051178,23.90697289],[81.59844208,23.85367966],[81.68728638,23.72134972],[81.56973267,23.58864975],[81.60704803,23.50688934],[81.62822723,23.4903698],[81.73603058,23.5674305],[81.82717896,23.5112896],[81.91635895,23.53209114],[81.97612,23.41311073],[82.01597595,23.4235096],[82.01451874,23.38791847],[82.04573822,23.37787056],[82.09848022,23.39770126],[82.11090088,23.35584068],[82.18585968,23.32538986],[82.14248657,23.22770119],[82.15107727,23.1417408],[82.11588287,23.10379982],[82.06713104,23.11681747],[82.024086,23.08012009],[81.93810272,23.07781029],[81.94024658,22.95709038],[81.85634613,22.8908596],[81.76940155,22.87350845],[81.76272583,22.66358948],[81.74053955,22.64806938],[81.72294617,22.6762104],[81.65654755,22.63200188],[81.61579132,22.53902054],[81.51906586,22.53998184],[81.39655304,22.44132042],[81.3787384,22.50530052],[81.32293701,22.52433014],[81.30396271,22.48175049],[81.27546692,22.49944115],[81.21839142,22.45165062],[81.18004608,22.49015045],[81.10999298,22.44112015],[81.11384583,22.29438019],[81.08467865,22.24674988],[81.01944733,22.22919083],[81.01579285,22.1327095],[80.97175598,22.12148094],[81.00427246,22.07002068],[80.97885132,22.04831123],[80.95052338,22.11301041],[80.90608978,22.11444092],[80.84577179,21.96089935],[80.8184433,21.95679092],[80.84117126,21.85645294],[80.811203,21.74749184],[80.74297333,21.75796127],[80.72632599,21.73102951],[80.73021698,21.47205162],[80.65653229,21.3307724],[80.67295074,21.29828835],[80.63530731,21.25013924],[80.45729828,21.17284012],[80.43331909,21.0971508],[80.44734192,21.03662109],[80.42375946,21.00959015],[80.45555878,20.93210983],[80.5418396,20.93391991],[80.54553223,20.76536942],[80.58011627,20.68364143],[80.4815979,20.61709976],[80.51190186,20.58511925],[80.62232208,20.60386276],[80.58602142,20.39561081],[80.61776733,20.33368111],[80.51082611,20.26961136],[80.38295746,20.2417202],[80.41398621,20.19023132],[80.39383698,20.14402008],[80.49803162,20.13891983],[80.54615784,20.06571007],[80.52037811,19.93087959],[80.4437027,19.95267105],[80.40629578,19.93250084],[80.4076767,19.90590286],[80.48265076,19.89889908],[80.49752045,19.86874962],[80.39470673,19.79457855],[80.47808838,19.77240944],[80.46916199,19.82466125],[80.54242706,19.81927109],[80.53967285,19.77459908],[80.66584015,19.69221115],[80.65685272,19.61226082],[80.8276062,19.56267166],[80.89206696,19.46568108],[80.78793335,19.42670059],[80.84500885,19.36091042],[80.74923706,19.28674126],[80.68860626,19.28348923],[80.67189026,19.32644844],[80.6101532,19.30714035],[80.56781769,19.40092087],[80.38334656,19.23913956],[80.38667297,19.18902016],[80.32485199,19.1415329],[80.32211304,19.07487106],[80.26772308,18.98732948],[80.26763916,18.92878914],[80.34850311,18.82394028],[80.24215698,18.75974846],[80.26753998,18.71796989]]]},"properties":{"GID_0":"IND","NAME_0":"India","GID_1":"IND.7_1","NAME_1":"Chhattisgarh","VARNAME_1":"","NL_NAME_1":"","TYPE_1":"State","ENGTYPE_1":"State","CC_1":"","HASC_1":"IN.CT"}},
{"type":"Feature","geometry":{"type":"Polygon","coordinates":[[[72.97042847,20.21232986],[72.97322845,20.13080025],[73.01747894,20.13495827],[73.05281067,20.06767082],[73.06063843,20.09906006],[73.18586731,20.05290031],[73.21631622,20.12199974],[73.19609833,20.15611267],[73.22915649,20.18429947],[73.18017578,20.20860863],[73.1421814,20.20438957],[73.12802887,20.15711975],[73.07244873,20.16345024],[73.07685852,20.22980118],[73.17954254,20.28986168],[73.16139984,20.31719017],[73.11286926,20.30494118],[73.1073761,20.36071014],[73.04416656,20.2911129],[73.01983643,20.31739807],[72.98409271,20.27168083],[72.92459106,20.27865982],[72.97042847,20.21232986]]]},"properties":{"GID_0":"IND","NAME_0":"India","GID_1":"IND.8_1","NAME_1":"Dadra and Nagar Haveli","VARNAME_1":"DAdra et Nagar Haveli|Dadra e Nagar Haveli","NL_NAME_1":"","TYPE_1":"Union Territor","ENGTYPE_1":"Union Territory","CC_1":"","HASC_1":"IN.DN"}},
{"type":"Feature","geometry":{"type":"MultiPolygon","coordinates":[[[[72.8215332,20.3710804],[72.89637756,20.37669563],[72.89962769,20.41921425],[72.85932159,20.42437363],[72.89334869,20.44538689],[72.86013794,20.47096062],[72.8215332,20.3710804]]],[[[70.96263885,20.72938156],[70.89208221,20.70819092],[70.99736023,20.71347046],[70.96263885,20.72938156]]]]},"properties":{"GID_0":"IND","NAME_0":"India","GID_1":"IND.9_1","NAME_1":"Daman and Diu","VARNAME_1":"","NL_NAME_1":"","TYPE_1":"Union Territor","ENGTYPE_1":"Union Territory","CC_1":"","HASC_1":"IN.DD"}},
{"type":"Feature","geometry":{"type":"Polygon","coordinates":[[[73.68013763,15.72437096],[73.75485992,15.61736107],[73.73124695,15.59041691],[73.76457977,15.49458027],[73.80541992,15.4948597],[73.7876358,15.46152782],[73.89679718,15.41485977],[73.78263855,15.41041565],[73.89485931,15.33181095],[73.94847107,15.14597225],[73.9118042,15.08402824],[74.05014038,14.98819542],[74.04292297,14.91847134],[74.0973587,14.89565945],[74.17539215,14.90891933],[74.17215729,14.95100975],[74.21183777,14.9214201],[74.27011871,14.96664143],[74.30233765,15.03985977],[74.28956604,15.1431303],[74.32190704,15.18406963],[74.25752258,15.25762939],[74.34165192,15.2929306],[74.2563324,15.48952007],[74.28727722,15.52600002],[74.25431061,15.56583023],[74.25525665,15.65421009],[74.21324921,15.64902973],[74.19013214,15.68098068],[74.12602997,15.65028954],[73.998703,15.61112976],[73.94536591,15.74152184],[73.88244629,15.74935055],[73.86548615,15.79752922],[73.83303833,15.73775196],[73.68013763,15.72437096]]]},"properties":{"GID_0":"IND","NAME_0":"India","GID_1":"IND.10_1","NAME_1":"Goa","VARNAME_1":"Gôa","NL_NAME_1":"","TYPE_1":"State","ENGTYPE_1":"State","CC_1":"","HASC_1":"IN.GA"}},
{"type":"Feature","geometry":{"type":"MultiPolygon","coordinates":[[[[72.67652893,21.15570068],[72.66513824,21.14208412],[72.67569733,21.10514259],[72.68902588,21.08986092],[72.7104187,21.14069366],[72.67652893,21.15570068]]],[[[72.72264099,21.66597176],[72.71679688,21.64459038],[72.75096893,21.65291595],[72.72264099,21.66597176]]],[[[68.31346893,23.5834713],[68.38957977,23.68597221],[68.37541962,23.64318848],[68.39457703,23.66152954],[68.42514038,23.7970829],[68.3979187,23.78486061],[68.35402679,23.80402946],[68.3501358,23.73208046],[68.23124695,23.64291573],[68.31181335,23.65014076],[68.18624878,23.62430954],[68.23319244,23.58707809],[68.27709198,23.63264275],[68.30680847,23.63070107],[68.27791595,23.63125038],[68.27430725,23.59181023],[68.31346893,23.5834713]]],[[[68.2765274,23.79597473],[68.25736237,23.71708488],[68.27403259,23.70125008],[68.28569794,23.75458336],[68.29125214,23.72764015],[68.32430267,23.73430824],[68.31291962,23.82125092],[68.30680847,23.82374954],[68.29013824,23.81680489],[68.29708099,23.8120842],[68.29819489,23.80374908],[68.2765274,23.79597473]]],[[[68.51790619,23.77736092],[68.50708008,23.82681847],[68.45819092,23.81764984],[68.43736267,23.73931122],[68.47680664,23.74069023],[68.46624756,23.77541924],[68.49485779,23.73736191],[68.51790619,23.77736092]]],[[[68.3434906,23.83792114],[68.33013916,23.78736115],[68.35514069,23.81097221],[68.40013885,23.78958321],[68.37958527,23.8381958],[68.40625,23.79319382],[68.43930817,23.83903122],[68.42069244,23.86847305],[68.39402771,23.87819672],[68.3779068,23.87430954],[68.37708282,23.85791588],[68.3434906,23.83792114]]],[[[68.26430511,23.74902725],[68.26568604,23.79292107],[68.29569244,23.80431175],[68.2959671,23.81042099],[68.28874969,23.8148613],[68.2895813,23.81820107],[68.30486298,23.82486153],[68.31430817,23.82430458],[68.32125092,23.80708122],[68.33763885,23.81930542],[68.34902954,23.90708351],[68.41874695,23.93402863],[68.43013763,23.99542046],[68.39597321,23.96541595],[68.35986328,23.97764015],[68.3345871,23.91764069],[68.27708435,23.91486168],[68.25901794,23.87514114],[68.31764221,23.87930107],[68.24874878,23.85375977],[68.28736115,23.83930779],[68.21291351,23.83458328],[68.23430634,23.77486038],[68.19264221,23.73097038],[68.24514008,23.67902756],[68.26430511,23.74902725]]],[[[68.41571045,23.88986969],[68.42597198,23.86458015],[68.45207977,23.88180923],[68.44291687,23.90903091],[68.45069122,23.90570068],[68.44403076,23.91930962],[68.45874786,23.93069077],[68.45291901,23.93680954],[68.3529129,23.90069389],[68.34986115,23.84625053],[68.37735748,23.87652969],[68.39347076,23.88042068],[68.41707611,23.87236023],[68.41571045,23.88986969]]],[[[68.5220871,23.85625076],[68.58875275,23.91681099],[68.55847168,23.92319489],[68.53541565,23.94597244],[68.5256958,23.89264107],[68.48596954,23.88986969],[68.5220871,23.85625076]]],[[[68.47930908,23.88820076],[68.51902771,23.93902969],[68.4631958,23.9920826],[68.42819214,23.93791962],[68.44876099,23.94013977],[68.46291351,23.93208313],[68.45318604,23.87985992],[68.43125153,23.85320091],[68.47930908,23.88820076]]],[[[68.55819702,23.31375122],[68.56791687,23.28124809],[68.53819275,23.27124977],[68.57402802,23.24514008],[68.61207581,23.29653168],[68.55819702,23.31375122]]],[[[68.60346985,23.33402824],[68.61791992,23.35403061],[68.56874847,23.37319374],[68.60346985,23.33402824]]],[[[68.50681305,23.45654106],[68.5029068,23.42931175],[68.5265274,23.43819427],[68.50681305,23.45654106]]],[[[68.43125153,23.43985939],[68.42124939,23.42014122],[68.47458649,23.45986366],[68.45819092,23.41791725],[68.48458099,23.40319061],[68.48513794,23.47569656],[68.43125153,23.43985939]]],[[[68.4734726,23.56292152],[68.48208618,23.59680939],[68.43541718,23.55708313],[68.43041992,23.50765038],[68.4734726,23.56292152]]],[[[69.60708618,22.41875076],[69.6570816,22.42819405],[69.62541962,22.45958328],[69.5881958,22.43875122],[69.60708618,22.41875076]]],[[[69.91124725,22.54792023],[69.86235809,22.52708054],[69.94152832,22.51791573],[69.91124725,22.54792023]]],[[[70.0090332,22.59320068],[69.95791626,22.54957962],[70.02708435,22.56791687],[70.0090332,22.59320068]]],[[[71.10713959,24.68065071],[71.02047729,24.63051033],[70.99826813,24.54133987],[71.00756836,24.44224167],[71.11894989,24.43104935],[71.13176727,24.40180016],[71.04718781,24.34733963],[70.95974731,24.346241],[70.88513947,24.2907505],[70.894104,24.25709724],[70.80576324,24.22272682],[70.57424927,24.25233269],[70.57206726,24.34454918],[70.61186981,24.4005394],[70.57486725,24.42031479],[70.11904144,24.29069901],[70.05930328,24.19280243],[70.00064087,24.16639519],[69.72457886,24.17509651],[69.60067749,24.27784729],[69.5011673,24.25502014],[69.31027222,24.27668762],[69.19976807,24.23519897],[69.09292603,24.26908302],[69.00053406,24.22587967],[68.94724274,24.27662659],[68.88754272,24.19585037],[68.84772491,24.20837975],[68.82635498,24.30839539],[68.77265167,24.29413605],[68.74924469,23.96204567],[68.54680634,23.96319389],[68.55874634,23.9240284],[68.58847046,23.92235756],[68.59597015,23.94180489],[68.61985779,23.90653038],[68.66319275,23.91736031],[68.51513672,23.82486153],[68.52513885,23.75902557],[68.60375214,23.85013962],[68.63735962,23.83596992],[68.76125336,23.8748703],[68.52458191,23.69042015],[68.53901672,23.66236115],[68.49680328,23.65291977],[68.48401642,23.54931259],[68.51902771,23.48903084],[68.50235748,23.46541977],[68.56041718,23.41930962],[68.57068634,23.3751297],[68.63319397,23.3520813],[68.65013885,23.30430794],[68.66874695,23.32542038],[68.65875244,23.30347061],[68.72402954,23.2970829],[68.75818634,23.33041954],[68.7251358,23.29569435],[68.63014221,23.29569435],[68.67180634,23.27013969],[68.60375214,23.24292946],[68.63069153,23.21319389],[68.5854187,23.23458481],[68.68152618,23.14180565],[68.63124847,23.17736053],[68.65291595,23.15458488],[69.19069672,22.84124947],[69.35569763,22.82875252],[69.4695816,22.7737484],[69.55513763,22.79236031],[69.60097504,22.75902748],[69.64125061,22.76653099],[69.63375092,22.79541969],[69.70513916,22.72791672],[69.79846954,22.85069466],[70.13208008,22.92458153],[70.0909729,22.95264053],[70.12652588,22.94652748],[70.11235809,22.97263908],[70.15319824,23.02958107],[70.12319183,22.96069527],[70.21930695,22.95624924],[70.19791412,22.99847221],[70.34764099,22.93041611],[70.38680267,22.9481945],[70.40125275,23.03070068],[70.49346924,23.07514],[70.30319214,22.75763893],[70.25291443,22.73347282],[70.24291992,22.66263962],[70.16291809,22.55153084],[69.97624969,22.54319382],[69.94596863,22.5284729],[69.95735931,22.49541664],[69.93486023,22.51264],[69.91402435,22.45624924],[69.87014008,22.44652939],[69.83625031,22.45402908],[69.83430481,22.50069427],[69.79763794,22.39985847],[69.72820282,22.47375107],[69.67180634,22.45070076],[69.69930267,22.39596939],[69.66401672,22.39375114],[69.65458679,22.35902977],[69.61791992,22.36847305],[69.60680389,22.32569313],[69.60901642,22.34930992],[69.60735321,22.33847046],[69.6048584,22.35124969],[69.58180237,22.34625053],[69.57569122,22.31903076],[69.57180786,22.33430481],[69.59124756,22.36096954],[69.56180573,22.35569382],[69.55069733,22.40486145],[69.49819183,22.43569374],[69.52375031,22.3856945],[69.48847198,22.33791733],[69.33429718,22.33041954],[69.31986237,22.29124832],[69.2326355,22.2579174],[69.15791321,22.3129158],[69.19403076,22.42374992],[69.06930542,22.39569473],[69.04374695,22.43263817],[69.06735992,22.48014069],[68.98458099,22.41430473],[68.93680573,22.30430794],[68.95736694,22.23765182],[69.23652649,21.93819427],[69.70597076,21.53847122],[69.72429657,21.57125092],[69.63263702,21.64291954],[69.69680786,21.5929203],[69.71736145,21.60264015],[69.67569733,21.63875008],[69.73764038,21.65041924],[69.76431274,21.57875061],[69.71290588,21.52847099],[69.77513885,21.45985985],[69.80513763,21.46375084],[69.77819824,21.45791435],[70.18041992,21.03569412],[70.53624725,20.80402946],[70.80374908,20.70069504],[70.81652832,20.71903038],[70.82235718,20.69096947],[70.87403107,20.70486259],[70.8529129,20.75402832],[70.87486267,20.72680473],[70.91986084,20.74347115],[70.87374878,20.71875191],[70.89208221,20.70819092],[70.96263885,20.72938156],[71.14903259,20.75736237],[71.3779068,20.87402916],[71.43958282,20.86930466],[71.51486206,20.9481945],[71.80680847,21.03791618],[71.81986237,21.07208252],[71.97680664,21.12096977],[72.01069641,21.18597031],[72.00763702,21.13264275],[72.11374664,21.19652748],[72.07597351,21.30208397],[72.10901642,21.28292084],[72.22319794,21.43874931],[72.30596924,21.62846947],[72.24124908,21.78736115],[72.18291473,21.82374954],[72.24708557,21.79097176],[72.26457977,21.74041748],[72.25319672,21.89736176],[72.22013855,21.94791985],[72.19013977,21.93708038],[72.1470871,21.95486069],[72.14653015,21.98347282],[72.19069672,21.94235992],[72.22097015,21.95625114],[72.23097229,22.00764084],[72.17236328,22.04153061],[72.2326355,22.01763916],[72.23319244,22.0537529],[72.27819061,22.08041954],[72.26541901,22.10541916],[72.30014038,22.10874939],[72.29792023,22.06347084],[72.24153137,22.04958344],[72.2784729,21.93207932],[72.32375336,22.13013649],[72.29430389,22.20236206],[72.3434906,22.12486076],[72.35764313,22.19292068],[72.37596893,22.14986038],[72.39152527,22.16791534],[72.35624695,22.27124977],[72.39958191,22.19930649],[72.41652679,22.22736168],[72.41374969,22.29763794],[72.37291718,22.31375122],[72.4043045,22.35152817],[72.36096954,22.37153053],[72.38153076,22.38541985],[72.4126358,22.35625076],[72.38874817,22.31041718],[72.43514252,22.30125046],[72.4706955,22.23875046],[72.49291992,22.24819374],[72.48596954,22.19735909],[72.54264069,22.28097153],[72.54125214,22.24319458],[72.63541412,22.28458214],[72.68791962,22.23846817],[72.75208282,22.23097038],[72.84375,22.28236389],[72.86680603,22.24263954],[72.91958618,22.26958275],[72.8779068,22.22375107],[72.80874634,22.24597168],[72.75402832,22.17319489],[72.64736176,22.21708488],[72.58319092,22.20181274],[72.50235748,21.95514107],[72.51763916,21.85736084],[72.56986237,21.8243084],[72.50736237,21.70125008],[72.5376358,21.66430473],[72.73625183,21.68958282],[72.83513641,21.66792107],[72.62819672,21.61680984],[72.5973587,21.55236053],[72.62568665,21.49235916],[72.68319702,21.54291916],[72.74263763,21.54569435],[72.67402649,21.52042007],[72.6451416,21.43375015],[72.69680786,21.46458054],[72.58735657,21.27568817],[72.60958099,21.22986031],[72.65319824,21.22680473],[72.61846924,21.22263908],[72.62708282,21.0759697],[72.6590271,21.08793068],[72.6598587,21.13875008],[72.66707611,21.1554184],[72.68264008,21.15819359],[72.7206955,21.1431942],[72.70430756,21.07485962],[72.77041626,21.06680489],[72.72319794,21.0490284],[72.75208282,20.94652939],[72.77680206,20.91485977],[72.79374695,20.94514275],[72.8345871,20.78180504],[72.88957977,20.74819565],[72.85098267,20.74292183],[72.89763641,20.58708382],[72.86013794,20.47096062],[72.89334869,20.44538689],[72.85932159,20.42437363],[72.89962769,20.41921425],[72.89637756,20.37669563],[72.8215332,20.3710804],[72.75569153,20.29208374],[72.73764038,20.13653946],[72.83534241,20.14464188],[72.87454224,20.2258091],[72.97042847,20.21232986],[72.92459106,20.27865982],[72.98409271,20.27168083],[73.01983643,20.31739807],[73.04416656,20.2911129],[73.1073761,20.36071014],[73.11286926,20.30494118],[73.16139984,20.31719017],[73.17954254,20.28986168],[73.07685852,20.22980118],[73.07244873,20.16345024],[73.12802887,20.15711975],[73.1421814,20.20438957],[73.18017578,20.20860863],[73.22915649,20.18429947],[73.19609833,20.15611267],[73.21631622,20.12199974],[73.28907776,20.14956284],[73.3111496,20.20721054],[73.42991638,20.20623016],[73.4234314,20.35209084],[73.39134979,20.39019966],[73.50074005,20.54024124],[73.40273285,20.64259911],[73.4536972,20.7104702],[73.48261261,20.71722984],[73.49843597,20.65341949],[73.53837585,20.67386055],[73.60730743,20.63630104],[73.6707077,20.56233978],[73.83828735,20.6157608],[73.82264709,20.69382095],[73.94953156,20.74230957],[73.90644836,20.98315048],[73.77485657,21.01045036],[73.7421875,21.05550003],[73.75260925,21.11408997],[73.65994263,21.10837936],[73.58830261,21.16790009],[73.61316681,21.17605972],[73.63639832,21.13265991],[73.82254791,21.17192078],[73.83213806,21.26745033],[73.89199066,21.26241112],[73.94848633,21.2975502],[73.95284271,21.40237045],[74.04854584,21.41942978],[74.06716156,21.48193169],[74.11097717,21.44810104],[74.32772064,21.49575043],[74.30996704,21.56732178],[74.20523834,21.52921104],[74.18183136,21.56176949],[74.02555847,21.55261993],[73.86078644,21.49582291],[73.78761292,21.62504959],[73.89810181,21.66727066],[73.81051636,21.82333755],[74.14601898,21.9540596],[74.15384674,21.98641968],[74.09770203,22.01545906],[74.18070984,22.08660126],[74.13027191,22.09770966],[74.12277985,22.21290016],[74.07578278,22.22187805],[74.07198334,22.36024094],[74.11196136,22.37161255],[74.1342926,22.3323307],[74.19106293,22.32192993],[74.20680237,22.36762047],[74.29418182,22.39446831],[74.20461273,22.43717194],[74.19082642,22.47788048],[74.18667603,22.44415092],[74.14424896,22.45671082],[74.1230011,22.4208107],[74.07808685,22.46564293],[74.08526611,22.50851822],[74.03466797,22.50836945],[74.06674957,22.55089951],[74.15332031,22.51741982],[74.26535797,22.6448307],[74.38418579,22.64356995],[74.47891998,22.85864067],[74.45147705,22.92399979],[74.400383,22.89937973],[74.3620224,22.93309021],[74.34163666,22.96469116],[74.3707962,22.98005295],[74.32277679,23.06269073],[74.24603271,23.18825912],[74.20754242,23.19205093],[74.18299103,23.15221977],[74.12702179,23.17885017],[74.13378143,23.26945114],[74.04447174,23.29609108],[73.97103119,23.37713814],[73.89427185,23.33713913],[73.83213043,23.44675064],[73.7830658,23.43461037],[73.7647171,23.45857811],[73.72614288,23.41266251],[73.704216,23.45578194],[73.63275146,23.45239258],[73.66073608,23.62290192],[73.57727051,23.65536118],[73.51348877,23.61681175],[73.50853729,23.70333099],[73.42048645,23.77933121],[73.36264801,23.78742981],[73.36207581,23.86186981],[73.42468262,23.93106079],[73.37346649,24.1281395],[73.24582672,24.01070976],[73.19893646,24.05146027],[73.22381592,24.09822083],[73.11416626,24.13858986],[73.08268738,24.18498039],[73.1449585,24.30785751],[73.18062592,24.30149078],[73.23147583,24.36466026],[73.16996765,24.35066986],[73.08496094,24.39447021],[73.09438324,24.49472809],[73.00034332,24.47063065],[72.96327972,24.38373947],[72.99146271,24.36397171],[72.92391205,24.32632256],[72.86811829,24.36581039],[72.73253632,24.3612709],[72.69725037,24.45721054],[72.54457855,24.5068512],[72.50055695,24.45029068],[72.50771332,24.40993118],[72.4646759,24.40711975],[72.44248962,24.50424957],[72.38632202,24.50051117],[72.35793304,24.55251122],[72.29512024,24.5384407],[72.25099945,24.58016014],[72.3259964,24.58686066],[72.35378265,24.61810112],[72.16539764,24.61450005],[72.0848999,24.65275192],[72.08525085,24.69700813],[72.05249023,24.70578957],[71.94419098,24.62677956],[71.87647247,24.67515945],[71.85839081,24.60416985],[71.81176758,24.62182045],[71.79898834,24.67052078],[71.66156006,24.63326073],[71.61659241,24.670681],[71.4883194,24.67385101],[71.38305664,24.62168121],[71.35103607,24.65321922],[71.29773712,24.60764122],[71.10713959,24.68065071]]]]},"properties":{"GID_0":"IND","NAME_0":"India","GID_1":"IND.11_1","NAME_1":"Gujarat","VARNAME_1":"Goudjerate|Gujerat|Gujerate","NL_NAME_1":"","TYPE_1":"State","ENGTYPE_1":"State","CC_1":"","HASC_1":"IN.GJ"}},
{"type":"Feature","geometry":{"type":"Polygon","coordinates":[[[74.51906586,29.94334984],[74.50502777,29.90776062],[74.55356598,29.86564064],[74.46526337,29.78754997],[74.47200012,29.74403],[74.60540009,29.7528801],[74.56653595,29.56349945],[74.61440277,29.52711105],[74.57891083,29.45862007],[74.52910614,29.44953918],[74.59577942,29.32831192],[74.64182281,29.33119965],[74.650177,29.37236977],[74.75663757,29.35596085],[74.84113312,29.4040699],[74.92714691,29.36463928],[74.95310974,29.28194046],[75.03991699,29.28714943],[75.07807922,29.23245049],[75.17999268,29.26861954],[75.22345734,29.23495102],[75.31926727,29.29343987],[75.31492615,29.23596001],[75.39570618,29.26194],[75.40065002,29.18890953],[75.36115265,29.14262009],[75.39620972,29.12844086],[75.38065338,29.07032013],[75.4302597,29.06472015],[75.43473816,29.01654053],[75.51110077,29.01082993],[75.46707916,28.92625046],[75.55570984,28.6145916],[75.61804962,28.60220909],[75.62909698,28.54597092],[75.77822876,28.45761108],[75.77031708,28.40761948],[75.92237854,28.36890984],[76.09288788,28.15521812],[76.02774811,28.17272186],[75.93608856,28.09353065],[75.98206329,28.08022118],[75.98455048,28.0507412],[76.01564789,28.08885193],[76.03562927,28.07398033],[75.96998596,28.03094864],[75.99053955,28.01017189],[75.95639801,28.00102043],[75.98690796,27.98463058],[75.96317291,27.93695068],[75.92362213,27.93309021],[75.97738647,27.9092598],[75.96308136,27.86473083],[76.04962921,27.84786034],[76.0880661,27.86844826],[76.17292023,27.80746078],[76.22328186,27.84093094],[76.15386963,27.99253082],[76.21382904,28.03168106],[76.17733765,28.05925941],[76.25109863,28.07092094],[76.29715729,28.02596092],[76.34126282,28.0360508],[76.354599,28.07420158],[76.29740143,28.10104942],[76.35560608,28.12845039],[76.27906799,28.17872047],[76.33590698,28.17734146],[76.37677002,28.13807106],[76.47099304,28.15474129],[76.49780273,28.10662079],[76.44857025,28.09317017],[76.49765778,28.0647316],[76.45372772,28.04966927],[76.53852081,28.03911972],[76.53819275,27.970541],[76.66007233,28.0190506],[76.65122986,28.0967598],[76.79148865,28.15724182],[76.80136871,28.21160126],[76.85048676,28.22666931],[76.96176147,28.14401054],[76.91864777,27.99761009],[76.92664337,27.83422089],[76.88407898,27.73090935],[76.91456604,27.70082092],[76.88092041,27.69936943],[76.90262604,27.65851974],[76.97049713,27.65714264],[76.9935379,27.74170113],[77.079216,27.73841095],[77.02066803,27.77812004],[77.03827667,27.82004166],[77.12652588,27.77646065],[77.15061951,27.81555939],[77.18065643,27.80865288],[77.16870117,27.78490067],[77.19384766,27.82193947],[77.23174286,27.78580093],[77.27577972,27.80654907],[77.33933258,27.85959053],[77.41239166,27.85907173],[77.41229248,27.89615822],[77.45848846,27.88529968],[77.46872711,27.93291092],[77.53733826,27.95776939],[77.46887207,28.08601189],[77.49636841,28.15987015],[77.54236603,28.1816597],[77.49211884,28.18510056],[77.48912048,28.21199036],[77.51911926,28.20178032],[77.54120636,28.2477417],[77.46730042,28.26972008],[77.49578857,28.30704117],[77.46375275,28.33801079],[77.49423981,28.35826111],[77.47455597,28.41351128],[77.33773804,28.50897026],[77.24265289,28.48460007],[77.24061584,28.42885971],[77.16577148,28.40846062],[77.07247925,28.52028084],[77.00609589,28.54277992],[77.00554657,28.51444054],[76.87937164,28.50905037],[76.83761597,28.55698967],[76.87793732,28.63763046],[76.93390656,28.63764954],[76.94230652,28.82068062],[77.03153992,28.83679008],[77.07585144,28.88451195],[77.1391983,28.84166908],[77.18686676,28.86681938],[77.22119141,28.90413284],[77.19013977,28.95566177],[77.21418762,29.00596046],[77.12204742,29.1057682],[77.15394592,29.33547974],[77.12003326,29.34979057],[77.13938904,29.44210052],[77.08490753,29.53359032],[77.14332581,29.70597076],[77.11704254,29.77090073],[77.27040863,30.04833984],[77.41442871,30.10713005],[77.42354584,30.16847992],[77.57035065,30.31122971],[77.57489014,30.38451958],[77.50984955,30.44882965],[77.48683167,30.41261292],[77.41644287,30.40839195],[77.45053864,30.46523094],[77.40061188,30.41875076],[77.34607697,30.46190071],[77.2026062,30.48034096],[77.18534851,30.52588081],[77.11149597,30.56728935],[77.15748596,30.59955025],[77.15177155,30.6905098],[77.07684326,30.74476051],[77.01309967,30.74220848],[76.99796295,30.814291],[76.95375061,30.81121063],[76.90216064,30.89722824],[76.85243225,30.87068939],[76.81018829,30.93037987],[76.76985931,30.90639114],[76.8467865,30.79252052],[76.82818604,30.76379013],[76.81980896,30.68582916],[76.83479309,30.65582085],[76.86222839,30.6792717],[76.85858154,30.64063072],[76.91342926,30.59970284],[76.88884735,30.44111061],[76.9272995,30.38863945],[76.88022614,30.35970116],[76.8324585,30.43388176],[76.80845642,30.41185951],[76.75786591,30.43889046],[76.70014954,30.39361191],[76.73853302,30.35964966],[76.71515656,30.33291054],[76.54763794,30.26492119],[76.53253174,30.22713089],[76.58399963,30.25653076],[76.63891602,30.20594025],[76.60105133,30.08023071],[76.4520874,30.10070992],[76.41020203,30.20228958],[76.3809967,30.18324089],[76.39000702,30.12754059],[76.32588196,30.14924049],[76.34892273,30.12766075],[76.32289886,30.10822105],[76.20387268,30.15890121],[76.19061279,30.13496017],[76.25499725,30.10457993],[76.19091797,30.01641273],[76.20387268,29.94412041],[76.16629028,29.92865944],[76.24201202,29.86902809],[76.11638641,29.79640007],[76.07766724,29.80577278],[76.03565216,29.74668121],[75.87928009,29.74707031],[75.82901764,29.81232071],[75.7716217,29.82538986],[75.70593262,29.80862045],[75.69744873,29.75521088],[75.62535858,29.7732296],[75.56878662,29.74262047],[75.44426727,29.80784988],[75.33535004,29.69384956],[75.35044861,29.65928078],[75.31772614,29.67070007],[75.28056335,29.61010933],[75.29606628,29.5680809],[75.22348022,29.54617119],[75.22123718,29.60655022],[75.15783691,29.66271019],[75.23097992,29.75206757],[75.18234253,29.83870125],[75.15405273,29.78101921],[75.09017944,29.80666161],[75.08480072,29.91514015],[75.06548309,29.87903976],[74.9899292,29.85646057],[74.91573334,29.94915962],[74.88523865,29.9391098],[74.88149261,29.96834946],[74.80117798,29.99257278],[74.69078827,29.96927071],[74.64697266,29.90467072],[74.51906586,29.94334984]]]},"properties":{"GID_0":"IND","NAME_0":"India","GID_1":"IND.12_1","NAME_1":"Haryana","VARNAME_1":"","NL_NAME_1":"","TYPE_1":"State","ENGTYPE_1":"State","CC_1":"","HASC_1":"IN.HR"}},
{"type":"Feature","geometry":{"type":"Polygon","coordinates":[[[77.56305695,30.40448952],[77.81064606,30.53318024],[77.72952271,30.59838295],[77.78199005,30.61935806],[77.77905273,30.66377068],[77.68828583,30.76866913],[77.74440765,30.82985115],[77.74452209,30.88119125],[77.78936768,30.85854912],[77.79561615,30.92379951],[77.74559784,30.92230988],[77.73457336,30.95956993],[77.76387787,30.97698975],[77.8171463,30.95356941],[77.80060577,31.06208038],[77.88748932,31.15470123],[77.95475769,31.1787796],[78.01423645,31.15493965],[78.029953,31.18531036],[78.35632324,31.29087067],[78.47010803,31.20375061],[78.59536743,31.23639107],[78.64769745,31.19466972],[78.79503632,31.20503998],[78.87139893,31.10732079],[78.99658203,31.11533928],[78.90688324,31.25918961],[78.82901001,31.3302002],[78.8272171,31.3812809],[78.77643585,31.40122986],[78.79547882,31.4527626],[78.71658325,31.48488235],[78.70664215,31.51839256],[78.83109283,31.61526108],[78.77964783,31.68984032],[78.73439789,31.69198036],[78.69135284,31.79335022],[78.77102661,31.99981117],[78.59733582,32.12203217],[78.59291077,32.21866989],[78.53942108,32.24998093],[78.43920898,32.24645996],[78.51876068,32.41849899],[78.43811035,32.45639038],[78.44503784,32.49790955],[78.41075897,32.51174164],[78.38243103,32.52965164],[78.31040955,32.47592926],[78.27851868,32.50793076],[78.29662323,32.57751083],[78.38881683,32.62322998],[78.37135315,32.76182938],[78.28765869,32.73783112],[78.29572296,32.71281052],[78.2129364,32.66918945],[78.15254211,32.67901993],[78.12149811,32.64234924],[78.09337616,32.66215134],[78.06533051,32.62427902],[78.0338974,32.63560867],[78.03579712,32.59194946],[77.9825592,32.58652878],[77.90325165,32.69309998],[77.91513062,32.76605988],[77.76142883,32.86483002],[77.79016876,32.90542984],[77.71248627,32.97180176],[77.66520691,32.98603058],[77.45522308,32.86174011],[77.38746643,32.88552094],[77.32789612,32.81988144],[77.17385864,32.93112946],[77.14618683,32.91402054],[77.13639069,32.98046112],[76.99846649,32.98957062],[76.91751099,33.03367996],[76.87719727,33.11423874],[76.80345917,33.15568924],[76.82834625,33.24639893],[76.77826691,33.2557106],[76.72986603,33.17943192],[76.62700653,33.1624794],[76.54747772,33.20952988],[76.39167786,33.18669128],[76.27500153,33.10398865],[76.23728943,33.03258896],[76.09368896,33.00482941],[76.08220673,32.96879959],[75.94577026,32.88513947],[75.80795288,32.9297905],[75.79464722,32.87018967],[75.91248322,32.75712204],[75.92362213,32.64369965],[75.87254333,32.57619095],[75.85096741,32.50786972],[75.93216705,32.41682053],[75.8438797,32.37931061],[75.73639679,32.27376175],[75.62254333,32.23468018],[75.62021637,32.18516922],[75.66182709,32.16466904],[75.57875824,32.0816803],[75.68981934,32.06153107],[75.89454651,31.94980049],[75.97146606,31.81454849],[75.92182922,31.81718063],[76.15349579,31.41401291],[76.13503265,31.36175919],[76.17282867,31.30673981],[76.2960968,31.31920052],[76.33666229,31.35301971],[76.31584167,31.40237808],[76.36313629,31.44135094],[76.44827271,31.30599022],[76.43113708,31.28284073],[76.46671295,31.31021118],[76.51811218,31.26231003],[76.53717041,31.28395081],[76.53495026,31.25535011],[76.57050323,31.28014946],[76.60161591,31.25090981],[76.58061218,31.21635246],[76.62594604,31.22709084],[76.59039307,31.18285942],[76.58931732,31.12770081],[76.62573242,31.11024284],[76.61006927,31.0042305],[76.76985931,30.90639114],[76.81018829,30.93037987],[76.85243225,30.87068939],[76.90216064,30.89722824],[76.95375061,30.81121063],[76.99796295,30.814291],[77.01309967,30.74220848],[77.07684326,30.74476051],[77.15177155,30.6905098],[77.15748596,30.59955025],[77.11149597,30.56728935],[77.18534851,30.52588081],[77.2026062,30.48034096],[77.34607697,30.46190071],[77.40061188,30.41875076],[77.45053864,30.46523094],[77.41644287,30.40839195],[77.48683167,30.41261292],[77.50984955,30.44882965],[77.57489014,30.38451958],[77.56305695,30.40448952]]]},"properties":{"GID_0":"IND","NAME_0":"India","GID_1":"IND.13_1","NAME_1":"Himachal Pradesh","VARNAME_1":"","NL_NAME_1":"","TYPE_1":"Union Territor","ENGTYPE_1":"Union Territory","CC_1":"","HASC_1":"IN.HP"}},
{"type":"Feature","geometry":{"type":"Polygon","coordinates":[[[75.87254333,32.57619095],[75.92362213,32.64369965],[75.91248322,32.75712204],[75.79464722,32.87018967],[75.80795288,32.9297905],[75.94577026,32.88513947],[76.08220673,32.96879959],[76.09368896,33.00482941],[76.23728943,33.03258896],[76.27500153,33.10398865],[76.39167786,33.18669128],[76.54747772,33.20952988],[76.62700653,33.1624794],[76.72986603,33.17943192],[76.77826691,33.2557106],[76.82834625,33.24639893],[76.80345917,33.15568924],[76.87719727,33.11423874],[76.91751099,33.03367996],[76.99846649,32.98957062],[77.13639069,32.98046112],[77.14618683,32.91402054],[77.17385864,32.93112946],[77.32789612,32.81988144],[77.38746643,32.88552094],[77.45522308,32.86174011],[77.66520691,32.98603058],[77.71248627,32.97180176],[77.79016876,32.90542984],[77.76142883,32.86483002],[77.91513062,32.76605988],[77.90325165,32.69309998],[77.9825592,32.58652878],[78.03579712,32.59194946],[78.0338974,32.63560867],[78.06533051,32.62427902],[78.09337616,32.66215134],[78.12149811,32.64234924],[78.15254211,32.67901993],[78.2129364,32.66918945],[78.29572296,32.71281052],[78.28765869,32.73783112],[78.37135315,32.76182938],[78.38881683,32.62322998],[78.29662323,32.57751083],[78.27851868,32.50793076],[78.31040955,32.47592926],[78.38243103,32.52965164],[78.41075897,32.51174164],[78.41223907,32.55606079],[78.45272064,32.57950211],[78.62567139,32.60705185],[78.7459259,32.69607925],[78.78118134,32.47529984],[78.97720337,32.34276962],[79.04921722,32.38336945],[79.1044693,32.37171173],[79.12652588,32.46430969],[79.20295715,32.51082993],[79.25840759,32.52338028],[79.31221771,32.48709106],[79.44801331,32.58607864],[79.54535675,32.60736084],[79.56429291,32.67076111],[79.44857788,32.88922882],[79.3524704,32.97903061],[79.40983582,33.17877197],[79.18546295,33.19123077],[79.07496643,33.22861099],[79.06659698,33.29589081],[78.82325745,33.48348999],[78.71098328,33.65486908],[78.78398895,33.77043152],[78.71156311,33.92250061],[78.77036285,34.01972961],[78.70638275,34.0721817],[78.95619965,34.21783066],[78.98146057,34.33285141],[78.82495117,34.41413116],[78.56933594,34.61194992],[78.42511749,34.60346222],[78.39836121,34.64863205],[78.24803162,34.69509888],[78.08287048,35.08248901],[78.12417603,35.13542175],[78.04276276,35.20233154],[77.99185181,35.34854889],[77.99707031,35.39408875],[78.10983276,35.47676849],[77.99064636,35.48711014],[77.90296936,35.42758942],[77.82392883,35.50133133],[77.1568222,35.05469894],[77.068367,35.02412033],[77.01809692,35.03846359],[76.99748993,34.93915176],[76.87004089,34.97243118],[76.74936676,34.92660141],[76.74324036,34.84009933],[76.6818161,34.75959015],[76.56181335,34.75833893],[76.47434235,34.79437256],[76.15791321,34.64340973],[76.03646088,34.67026901],[75.74920654,34.51583099],[75.37782288,34.55242157],[75.26185608,34.61088181],[75.24971008,34.64731216],[75.01874542,34.64149857],[74.9105072,34.68320847],[74.70300293,34.6930809],[74.58017731,34.77009964],[74.37554169,34.80344391],[74.30729675,34.80030441],[74.1417923,34.69120026],[74.0491333,34.68495941],[74.01289368,34.70985413],[73.94155884,34.67720032],[73.94806671,34.5730896],[73.89533997,34.54666901],[73.89874268,34.4957695],[73.77698517,34.41630173],[73.76322174,34.35963058],[73.8417511,34.33832169],[73.89940643,34.35981369],[73.97622681,34.26480865],[73.88321686,34.04994965],[74.006073,34.02244186],[74.12369537,34.0551796],[74.2146759,34.03855515],[74.26274109,33.97428894],[74.21967316,33.86717606],[74.06572723,33.82009888],[73.95625305,33.72029114],[74.02844238,33.57468033],[74.09571075,33.57039642],[74.18707275,33.45552063],[74.17074585,33.34664917],[74.10298157,33.27054214],[74.02030182,33.25878143],[74.0142746,33.19824982],[74.11170197,33.16444016],[74.20524597,33.04330063],[74.34983063,33.01625061],[74.31803131,32.91970062],[74.41389465,32.90394974],[74.46605682,32.78136063],[74.53153229,32.74073029],[74.61423492,32.75773239],[74.64199829,32.82289886],[74.69702148,32.83971405],[74.64221191,32.61104965],[74.69841766,32.48493958],[74.83532715,32.49621201],[74.97934723,32.44776917],[75.03663635,32.49206924],[75.32232666,32.33732605],[75.47223663,32.34004974],[75.50123596,32.27605057],[75.52921295,32.34888077],[75.71153259,32.41815948],[75.87254333,32.57619095]]]},"properties":{"GID_0":"IND","NAME_0":"India","GID_1":"IND.14_1","NAME_1":"Jammu and Kashmir","VARNAME_1":"","NL_NAME_1":"","TYPE_1":"State","ENGTYPE_1":"State","CC_1":"","HASC_1":"IN.JK"}},
{"type":"Feature","geometry":{"type":"Polygon","coordinates":[[[86.72278595,22.21524811],[86.80011749,22.21363068],[86.79026794,22.26280022],[86.79960632,22.24097252],[86.81186676,22.26393127],[86.88568115,22.25212097],[86.88623047,22.29412079],[86.82919312,22.32459068],[86.84393311,22.39606094],[86.76226044,22.42523193],[86.7454071,22.4756794],[86.79860687,22.49882126],[86.7599411,22.57242966],[86.65170288,22.57579041],[86.61786652,22.67338943],[86.53925323,22.72064972],[86.5065918,22.70152092],[86.41615295,22.77650833],[86.46304321,22.89663124],[86.43282318,22.92340279],[86.51835632,22.94433022],[86.5402832,22.9872303],[86.39303589,22.97423935],[86.29825592,23.01328278],[86.21247864,22.9918499],[86.03692627,23.14361],[85.91499329,23.12952995],[85.83155823,23.19511986],[85.82636261,23.26312065],[85.87798309,23.32370949],[85.86625671,23.36484909],[85.89569092,23.37059021],[85.86602783,23.4702301],[85.94390869,23.45462036],[86.04722595,23.49364281],[86.01077271,23.55164909],[86.04686737,23.58386993],[86.14476776,23.56777191],[86.1455307,23.47307014],[86.23874664,23.46969032],[86.24317932,23.41958046],[86.2784729,23.44112015],[86.30000305,23.42006111],[86.37194824,23.48266029],[86.35797119,23.5430603],[86.43988037,23.62961006],[86.52865601,23.62898064],[86.69384766,23.69452095],[86.79203796,23.6873703],[86.81977081,23.76107025],[86.79283905,23.83138084],[86.82077026,23.81130981],[86.87121582,23.84418106],[86.88226318,23.81447983],[86.8950119,23.87995148],[87.12416077,23.79503822],[87.16644287,23.81958961],[87.13092804,23.86696053],[87.23623657,23.85306931],[87.21855927,23.83080101],[87.24272919,23.82616043],[87.24822235,23.90701103],[87.27041626,23.87294006],[87.29454803,23.89857101],[87.23797607,24.04121971],[87.33235931,24.03100967],[87.32787323,23.99599075],[87.45796967,23.98142052],[87.43383026,24.00832176],[87.51055145,24.03983116],[87.49359894,24.11520958],[87.57615662,24.08526039],[87.60761261,24.12894249],[87.56938171,24.15565109],[87.68956757,24.1498394],[87.69255829,24.18618011],[87.63772583,24.21158028],[87.63571167,24.24253082],[87.75627899,24.30359268],[87.81002045,24.40662003],[87.78475189,24.41454124],[87.82287598,24.49440956],[87.79515076,24.49105072],[87.80634308,24.54520035],[87.76940918,24.58176041],[87.8482132,24.55105019],[87.90997314,24.59386826],[87.8727417,24.61071968],[87.90161133,24.61258125],[87.91340637,24.6585598],[87.88661957,24.67410278],[87.90083313,24.72159958],[87.81806183,24.76598167],[87.83753204,24.78780174],[87.85453796,24.76431084],[87.88897705,24.85293961],[87.9733429,24.89648247],[87.87697601,25.02803993],[87.7765274,25.09127045],[87.7875824,25.2204895],[87.78330994,25.24617767],[87.70778656,25.25640869],[87.6841507,25.31013107],[87.60688019,25.31138039],[87.5800705,25.34839058],[87.53974915,25.28161812],[87.48150635,25.29517174],[87.47216034,25.19466972],[87.32345581,25.22309113],[87.29110718,25.08926964],[87.21135712,25.08959961],[87.14676666,25.02431107],[87.1581192,24.88563156],[87.0785675,24.82225037],[87.05046844,24.60676956],[86.93009186,24.64282036],[86.89807892,24.58654022],[86.91117859,24.53867912],[86.87639618,24.56731987],[86.80029297,24.5646019],[86.7771225,24.61976051],[86.668396,24.56064034],[86.60292053,24.60506821],[86.50572205,24.5177002],[86.45220947,24.36862946],[86.27913666,24.4620018],[86.32286072,24.58409119],[86.13329315,24.60354042],[86.12444305,24.70516014],[86.08657837,24.74632072],[86.03907013,24.74131966],[86.05058289,24.77954102],[85.95030212,24.73211861],[85.8777771,24.80029106],[85.73674011,24.82265091],[85.6966629,24.71347237],[85.6495285,24.68704033],[85.66470337,24.58193016],[85.57657623,24.60301018],[85.51830292,24.52454948],[85.48648071,24.55075073],[85.28251648,24.52668953],[85.28196716,24.49720001],[85.15067291,24.46286964],[85.16938019,24.42947006],[85.0894165,24.37919998],[85.06548309,24.38676071],[85.07615662,24.43987083],[84.99040222,24.41222954],[84.96856689,24.37594986],[84.89803314,24.37212944],[84.88017273,24.46280098],[84.83439636,24.45252037],[84.83262634,24.51148033],[84.79532623,24.52949142],[84.67891693,24.4563427],[84.65825653,24.39374161],[84.57247925,24.41234016],[84.52152252,24.37626076],[84.4935379,24.28704071],[84.29321289,24.45082283],[84.32634735,24.50271988],[84.29297638,24.56599045],[84.25714111,24.53075027],[84.18830109,24.55532074],[84.17926025,24.51041985],[84.14605713,24.54030037],[84.10977936,24.48139954],[84.04673767,24.61228943],[83.99221039,24.63803291],[83.93300629,24.55174255],[83.86804199,24.53288078],[83.71669006,24.50494957],[83.49816895,24.52705956],[83.393013,24.50119019],[83.40013885,24.40867996],[83.45139313,24.36474991],[83.37593842,24.31454086],[83.40188599,24.26600075],[83.32356262,24.1013298],[83.42536926,24.08376122],[83.44758606,24.04248047],[83.50670624,24.0282402],[83.54284668,23.89824104],[83.57615662,23.88438034],[83.56121063,23.86295128],[83.69538879,23.82066917],[83.72940063,23.75473022],[83.71472931,23.68254089],[83.77488708,23.59950066],[83.93525696,23.56303978],[83.9378891,23.6224308],[84.00702667,23.63231087],[84.02266693,23.54424095],[83.9695282,23.4554081],[83.96582794,23.38121033],[84.00653076,23.35280037],[84.04338837,23.37401009],[84.07025146,23.32999039],[84.03367615,23.13844109],[84.12937927,23.08154106],[84.14800262,22.96386909],[84.18992615,23.02371979],[84.21705627,22.97647285],[84.3705368,22.97507095],[84.38905334,22.93873978],[84.36988831,22.86450005],[84.32946014,22.85955048],[84.28528595,22.76337051],[84.22535706,22.73516083],[84.22061157,22.66891098],[84.08039093,22.6365509],[84.00505066,22.56956291],[84.00250244,22.52086067],[84.13492584,22.47094917],[84.15248871,22.4009304],[84.28922272,22.33732033],[84.42608643,22.3488102],[84.52662659,22.42002106],[84.74385071,22.41475105],[84.75269318,22.44201279],[84.80779266,22.44686127],[84.89379883,22.41801071],[85.06249237,22.47841072],[85.07405853,22.34859085],[85.11445618,22.2904892],[85.07051086,22.27215958],[85.02374268,22.11199188],[84.97982025,22.08468056],[85.0954361,22.09945107],[85.21074677,22.04318047],[85.23094177,22.00027084],[85.30007935,22.10705948],[85.3944397,22.15859985],[85.53954315,22.08658981],[85.64460754,22.09028053],[85.6815033,22.04878044],[85.80204773,22.11083031],[85.83075714,22.07697105],[85.78794098,22.0771904],[85.76074982,21.98971939],[85.90542603,21.96663094],[86.02671814,22.18522263],[85.9697876,22.24340057],[86.04328918,22.30619049],[85.99288177,22.33815956],[86.02124786,22.37504005],[86.00874329,22.42432022],[85.95350647,22.45597267],[86.0384903,22.5635891],[86.10733032,22.48489761],[86.2798233,22.4455204],[86.35273743,22.34542084],[86.43335724,22.30154037],[86.49994659,22.34095192],[86.53237915,22.29819107],[86.72278595,22.21524811]]]},"properties":{"GID_0":"IND","NAME_0":"India","GID_1":"IND.15_1","NAME_1":"Jharkhand","VARNAME_1":"Vananchal","NL_NAME_1":"","TYPE_1":"State","ENGTYPE_1":"State","CC_1":"","HASC_1":"IN.JH"}},
{"type":"Feature","geometry":{"type":"Polygon","coordinates":[[[76.42346191,11.65932083],[76.50421143,11.69804096],[76.56006622,11.61012077],[76.74626923,11.61054134],[76.83728027,11.57448006],[76.82847595,11.64410973],[76.89968872,11.78327179],[76.95960236,11.76519966],[77.00443268,11.80301952],[77.10929871,11.71280098],[77.10282898,11.7631197],[77.24173737,11.80245972],[77.41925049,11.75067139],[77.48439789,11.93239975],[77.664711,11.93970013],[77.76844788,12.10559177],[77.71951294,12.17152023],[77.46566772,12.20226097],[77.4701767,12.26187038],[77.54270935,12.28371143],[77.62008667,12.40847969],[77.62520599,12.47726154],[77.57536316,12.46837997],[77.60636902,12.49979115],[77.57850647,12.50701141],[77.5700531,12.5579319],[77.59033966,12.65754128],[77.73140717,12.66397953],[77.79949188,12.78685856],[77.78488159,12.83380985],[77.9177475,12.87837124],[77.92479706,12.8137207],[77.94555664,12.8493309],[78.0014801,12.79543972],[78.0149231,12.84592056],[78.04673004,12.84237003],[78.1206665,12.7700119],[78.22064972,12.75259018],[78.2410965,12.84742069],[78.30310059,12.84720039],[78.34542847,12.92806053],[78.37834167,12.89519119],[78.43582916,12.90067005],[78.45423889,12.85316181],[78.4226532,12.96860027],[78.457901,12.96324158],[78.45157623,13.03153229],[78.50457764,13.05276203],[78.52796173,13.09735966],[78.50875092,13.11958981],[78.56907654,13.1564827],[78.54094696,13.18725109],[78.57746887,13.26204967],[78.55565643,13.29942989],[78.52079773,13.25559139],[78.47174835,13.30792046],[78.36699677,13.32003975],[78.39737701,13.33233166],[78.35515594,13.35507107],[78.39076233,13.5781002],[78.22769165,13.58722115],[78.18327332,13.55638027],[78.19393921,13.61615944],[78.15576172,13.64871025],[78.08072662,13.63534069],[78.05834198,13.66697025],[78.1053772,13.68440056],[78.08492279,13.7334919],[78.11823273,13.77690029],[78.11353302,13.84089088],[78.04115295,13.88672924],[78.03782654,13.85284996],[77.98516083,13.86166954],[77.94458008,13.81997108],[77.94246674,13.8802309],[77.97802734,13.89334965],[77.96643066,13.95055199],[77.91160583,13.89724064],[77.88698578,13.93118191],[77.81829071,13.93488121],[77.82772064,13.86061954],[77.71286011,13.79051971],[77.70874786,13.73273945],[77.649086,13.77583981],[77.610466,13.75543976],[77.62124634,13.72740173],[77.59559631,13.74357891],[77.55607605,13.71646023],[77.51966858,13.74384975],[77.52152252,13.68787003],[77.48734283,13.70679188],[77.47648621,13.67759991],[77.44481659,13.69576073],[77.45745087,13.79705048],[77.40866089,13.79925156],[77.42453003,13.83512974],[77.32000732,13.8257513],[77.30693054,13.85723972],[77.2504425,13.83947086],[77.23384094,13.89493179],[77.17880249,13.85984039],[77.17703247,13.91740036],[77.16249084,13.85698032],[77.12388611,13.84939003],[77.1622467,13.8207407],[77.1665802,13.75466919],[77.06004333,13.73886108],[77.02636719,13.77144146],[76.993927,13.74151039],[76.96839142,13.81439018],[77.0358429,13.92559147],[76.93109894,14.02273178],[76.9750061,14.06527042],[76.92697906,14.12720966],[76.88368225,14.13103199],[76.89142609,14.15899944],[76.94164276,14.18931198],[77.0198288,14.17270184],[77.0236969,14.0532589],[77.12110138,14.04218006],[77.14733887,13.99162197],[77.31349182,14.02482033],[77.35378265,13.98232079],[77.3483429,13.89654064],[77.39705658,13.88054085],[77.43064117,13.96877956],[77.37565613,13.96911144],[77.38336182,14.00735855],[77.32618713,14.02293968],[77.39544678,14.10344124],[77.34453583,14.09601116],[77.34773254,14.12434101],[77.40972137,14.1697197],[77.5004425,14.15096092],[77.49936676,14.26051044],[77.38565826,14.32487011],[77.41570282,14.21196175],[77.38378906,14.1918211],[77.35926056,14.26933002],[77.27958679,14.27608967],[77.28114319,14.33111095],[77.23195648,14.31107044],[77.15215302,14.3377409],[77.11192322,14.2875309],[77.10507965,14.21328163],[76.94346619,14.23631001],[76.92485809,14.27218056],[76.95011139,14.29402924],[76.87909698,14.34638977],[76.88314056,14.39029121],[76.94156647,14.39954185],[76.9733963,14.47828102],[76.87020111,14.46844006],[76.76091003,14.59628105],[76.79807281,14.73459053],[76.78034973,14.77926159],[76.84873962,14.80403137],[76.86547852,14.93760014],[76.86445618,14.96401978],[76.76377106,14.96986961],[76.77422333,15.07138062],[76.79693604,15.09076023],[76.87670135,15.02867889],[77.04688263,15.029212],[77.041008,15.00548172],[77.07881927,15.00000954],[77.16320038,15.16133118],[77.12090302,15.221241],[77.16414642,15.2590704],[77.10968781,15.32728195],[77.06157684,15.32186031],[77.02739716,15.43518066],[76.97039032,15.49092197],[77.02659607,15.49999046],[77.02928162,15.63383865],[77.08143616,15.65284061],[77.11620331,15.62510967],[77.12497711,15.65905094],[77.04708862,15.72501183],[77.06723785,15.79605007],[77.0222702,15.83178043],[77.03318787,15.85308075],[77.07679749,15.90974045],[77.18062592,15.95006275],[77.50945282,15.92086029],[77.48362732,16.15855026],[77.51116943,16.21718979],[77.48755646,16.24982071],[77.59030151,16.28685188],[77.59160614,16.33751106],[77.49449158,16.37578964],[77.34294891,16.37972069],[77.23517609,16.46808052],[77.36628723,16.48410988],[77.41532135,16.5178299],[77.39144135,16.56520081],[77.46417236,16.58420944],[77.46939087,16.64691162],[77.43293762,16.63763809],[77.41657257,16.66281128],[77.46504211,16.67828178],[77.46679688,16.71194077],[77.42341614,16.71453094],[77.43753815,16.78321075],[77.471138,16.77913094],[77.45339966,16.90903282],[77.49938965,17.0073204],[77.46263885,17.10407066],[77.35999298,17.16162109],[77.39881134,17.20877838],[77.38035583,17.21977043],[77.45450592,17.27589035],[77.434021,17.28825951],[77.45159912,17.37049103],[77.52802277,17.37211037],[77.51014709,17.42725945],[77.61061096,17.44423294],[77.65276337,17.50325012],[77.68401337,17.4728508],[77.68562317,17.50564957],[77.59172821,17.53268051],[77.58982849,17.5627594],[77.54839325,17.54945946],[77.52742004,17.57322121],[77.50161743,17.5408802],[77.43992615,17.58147049],[77.4503479,17.69129944],[77.56202698,17.74711037],[77.51087952,17.80144119],[77.59668732,17.87045097],[77.58516693,17.90822983],[77.61657715,17.90286827],[77.62374115,17.95775032],[77.65339661,17.96935272],[77.54574585,18.05376053],[77.60056305,18.09939957],[77.56430817,18.20055008],[77.60301971,18.27799988],[77.54995728,18.29134941],[77.50950623,18.30673027],[77.51020813,18.27844048],[77.46539307,18.25996017],[77.43637085,18.30649185],[77.35881042,18.31064987],[77.41011047,18.38853073],[77.36975098,18.40070915],[77.36962891,18.44765091],[77.34207916,18.43029022],[77.31741333,18.45379066],[77.24022675,18.40864754],[77.20617676,18.27795982],[77.17053223,18.28087044],[77.14998627,18.21656036],[77.09554291,18.19510078],[77.10888672,18.15269089],[76.95410919,18.18489075],[76.92256165,18.11610985],[76.96827698,18.09711075],[76.95464325,18.03968048],[76.91771698,18.03322983],[76.91644287,17.91509056],[76.80280304,17.86832047],[76.74067688,17.89801025],[76.73745728,17.85705948],[76.78816986,17.82647133],[76.76275635,17.78710938],[76.71570587,17.78191948],[76.72760773,17.73699951],[76.69055176,17.67995262],[76.61444855,17.76831245],[76.57322693,17.70216942],[76.57330322,17.76000023],[76.5236969,17.75889015],[76.52363586,17.71523094],[76.48636627,17.71352005],[76.48929596,17.66066933],[76.4287262,17.64441109],[76.4156723,17.60420036],[76.33167267,17.59486961],[76.36612701,17.52217293],[76.34348297,17.49435043],[76.37503815,17.49352074],[76.33080292,17.46881866],[76.33365631,17.43229294],[76.37317657,17.43441963],[76.36199951,17.37508011],[76.4080658,17.3692894],[76.38170624,17.31180954],[76.35227203,17.31059074],[76.34361267,17.34993172],[76.27587891,17.33053017],[76.24436188,17.37467957],[76.17233276,17.34873009],[76.17575836,17.29721069],[76.12120819,17.36634064],[76.07874298,17.3300705],[76.05452728,17.35429955],[75.93115234,17.32411003],[75.8936615,17.35362053],[75.88723755,17.41732979],[75.86196899,17.38585091],[75.82472229,17.42284966],[75.80233765,17.37010193],[75.73703766,17.4218998],[75.69119263,17.41261101],[75.6355896,17.47751045],[75.61580658,17.39185905],[75.57853699,17.38293076],[75.60595703,17.3032608],[75.65988922,17.26144028],[75.62802124,17.17012024],[75.67848969,17.09417152],[75.64375305,17.03639984],[75.67224121,17.03573036],[75.67460632,16.96026993],[75.64502716,16.95103264],[75.57579803,17.00779915],[75.57034302,16.96362114],[75.49249268,16.9428997],[75.46791077,16.98533058],[75.28843689,16.95477295],[75.28277588,16.87424088],[75.21585846,16.84033966],[75.18319702,16.84204102],[75.18965912,16.87350082],[75.14112854,16.87354088],[75.09041595,16.94865036],[75.03190613,16.92567062],[74.93839264,16.94099045],[74.96726227,16.90538025],[74.91195679,16.85593987],[74.9238205,16.76995087],[74.69819641,16.71520042],[74.6605072,16.63758087],[74.69037628,16.60445976],[74.64280701,16.60677147],[74.6363678,16.57574081],[74.5740509,16.55196953],[74.55143738,16.63321114],[74.49800873,16.62664032],[74.47738647,16.66077995],[74.47245789,16.60481071],[74.40348053,16.5786705],[74.3899231,16.5279007],[74.32940674,16.55347061],[74.31411743,16.50209808],[74.27636719,16.54453278],[74.28575897,16.50337029],[74.25315857,16.49488068],[74.26877594,16.47603035],[74.29989624,16.50263023],[74.29631805,16.45901108],[74.33886719,16.45216179],[74.34265137,16.40049171],[74.36911011,16.39432907],[74.36165619,16.36474991],[74.32546234,16.37924957],[74.33383942,16.26807022],[74.35328674,16.2918396],[74.4212265,16.28059006],[74.50311279,16.23104095],[74.51287842,16.18826294],[74.48908997,16.08732033],[74.4345932,16.1106205],[74.36815643,16.05295944],[74.47027588,16.0405407],[74.39186859,15.90115929],[74.41158295,15.85259056],[74.37412262,15.89161015],[74.34453583,15.85205078],[74.38931274,15.84414005],[74.36485291,15.77365112],[74.25006866,15.74118042],[74.22734833,15.78567123],[74.13062286,15.71792126],[74.13359833,15.67840099],[74.0965271,15.6708498],[74.12602997,15.65028954],[74.19013214,15.68098068],[74.21324921,15.64902973],[74.25525665,15.65421009],[74.25431061,15.56583023],[74.28727722,15.52600002],[74.2563324,15.48952007],[74.34165192,15.2929306],[74.25752258,15.25762939],[74.32190704,15.18406963],[74.28956604,15.1431303],[74.30233765,15.03985977],[74.27011871,14.96664143],[74.21183777,14.9214201],[74.17215729,14.95100975],[74.17539215,14.90891933],[74.0973587,14.89565945],[74.13098145,14.84624958],[74.09541321,14.79875088],[74.2048645,14.71791553],[74.23458099,14.74792099],[74.26654053,14.71485996],[74.3095932,14.52069092],[74.35597229,14.52207947],[74.3354187,14.5648613],[74.35430908,14.54291534],[74.37152863,14.57347202],[74.39319611,14.53125095],[74.35375977,14.5029211],[74.50152588,14.02264118],[74.63318634,13.84902954],[74.60679626,13.86652946],[74.72902679,13.27708054],[74.6904068,13.34846973],[74.77348328,13.08318996],[74.7895813,13.09875011],[74.80236053,12.93124962],[74.86708069,12.75445175],[74.99228668,12.79045963],[75.00860596,12.76043129],[74.98477936,12.72988129],[75.04966736,12.71469975],[75.04780579,12.66008854],[75.08309174,12.66640854],[75.08609772,12.69778156],[75.1506424,12.67634201],[75.14296722,12.63331032],[75.20143127,12.62511063],[75.22290039,12.56264019],[75.27672577,12.61166],[75.32785797,12.58518124],[75.27258301,12.55886173],[75.28114319,12.51813984],[75.3348465,12.49024105],[75.34086609,12.45604992],[75.41448975,12.49671173],[75.42250824,12.46006107],[75.36662292,12.45166016],[75.36560059,12.4070406],[75.42138672,12.36672974],[75.41912842,12.28639984],[75.48272705,12.28618145],[75.57684326,12.15075016],[75.63508606,12.1423912],[75.66242981,12.0911808],[75.70159912,12.10033131],[75.71705627,12.06208992],[75.79534912,12.07423115],[75.82697296,11.97797108],[75.87674713,11.94071198],[75.99819183,11.92362118],[76.10791016,11.97063923],[76.10806274,11.85118103],[76.18403625,11.8637619],[76.21852875,11.80003929],[76.2720108,11.80354023],[76.3349762,11.73062992],[76.4076767,11.75333118],[76.39640808,11.70107937],[76.42346191,11.65932083]]]},"properties":{"GID_0":"IND","NAME_0":"India","GID_1":"IND.16_1","NAME_1":"Karnataka","VARNAME_1":"Maisur|Mysore","NL_NAME_1":"","TYPE_1":"State","ENGTYPE_1":"State","CC_1":"","HASC_1":"IN.KA"}},
{"type":"Feature","geometry":{"type":"MultiPolygon","coordinates":[[[[76.45207977,9.54569435],[76.43541718,9.5284729],[76.46430206,9.52986145],[76.45207977,9.54569435]]],[[[75.3116684,12.04930592],[75.33930206,12.04763794],[75.29930878,12.0156889],[75.33319092,12.01014137],[75.29873657,12.00347042],[75.26819611,12.02347183],[75.26597595,12.00597095],[75.27902985,12.00208473],[75.3079071,11.95236111],[75.30430603,11.97124958],[75.35708618,11.93125057],[75.37374878,11.95736122],[75.40013885,11.91763973],[75.30319214,11.94708538],[75.31819153,11.90541744],[75.45402527,11.77847195],[75.46013641,11.8073597],[75.45986176,11.7654171],[75.4743042,11.80347157],[75.50013733,11.79819489],[75.47486115,11.76652908],[75.50763702,11.76124763],[75.47207642,11.76375961],[75.5423584,11.68181133],[75.61736298,11.47708321],[75.68264008,11.44819546],[75.80208588,11.16263771],[75.82902527,11.18069553],[75.80180359,11.15819359],[75.82485962,11.12541676],[75.85847473,11.1384716],[75.82514191,11.12291718],[75.91014099,10.79236031],[76.03624725,10.51014042],[76.03180695,10.53708363],[76.04818726,10.53514194],[76.04152679,10.57542133],[76.06764221,10.54458427],[76.0340271,10.52569485],[76.0993042,10.38069439],[76.1598587,10.18847179],[76.19152832,10.19431114],[76.20263672,10.1390276],[76.16596985,10.17486095],[76.22402954,9.97707939],[76.24541473,9.97236156],[76.20569611,10.14708233],[76.23930359,10.07513905],[76.22569275,10.12708282],[76.26457977,10.07931042],[76.25708008,10.04597092],[76.24041748,10.0709734],[76.24958038,10.0298624],[76.30347443,9.92569447],[76.31153107,9.94847202],[76.31874847,9.88876057],[76.34319305,9.88514137],[76.3401413,9.91958427],[76.37735748,9.86486244],[76.38263702,9.70346928],[76.41374969,9.69680977],[76.4026413,9.64735889],[76.43013763,9.61125088],[76.41596985,9.56597137],[76.50208282,9.53097343],[76.48042297,9.51125145],[76.35708618,9.52541637],[76.39875031,9.67430496],[76.36069489,9.70041656],[76.37069702,9.82014275],[76.32068634,9.87125015],[76.34764099,9.7118063],[76.31931305,9.87625122],[76.29569244,9.88986206],[76.28458405,9.83263874],[76.2876358,9.89847183],[76.26957703,9.86625195],[76.25736237,9.91569996],[76.26541901,9.89680576],[76.26652527,9.91236115],[76.29652405,9.89291573],[76.29541779,9.91792011],[76.23735809,9.96542168],[76.33791351,9.41597176],[76.46125031,9.13958359],[76.42263794,9.24569321],[76.47070313,9.14235973],[76.49041748,9.17014027],[76.48374939,9.12680531],[76.46347809,9.13402939],[76.54624939,8.90235996],[76.63180542,8.83625126],[76.97486115,8.38514042],[77.09069824,8.29747009],[77.15965271,8.31250095],[77.13481903,8.37852955],[77.20951843,8.43771935],[77.18649292,8.49337101],[77.24754333,8.50137997],[77.26515961,8.53744984],[77.15531921,8.73756027],[77.2146759,8.77576065],[77.24150085,8.86478233],[77.13217926,9.01185036],[77.18208313,9.03650093],[77.25177765,9.14304066],[77.26682281,9.2908802],[77.3962326,9.49654198],[77.35054779,9.52629185],[77.34089661,9.59505081],[77.32478333,9.5632],[77.30430603,9.59304142],[77.25501251,9.564991],[77.15187073,9.60601997],[77.2339859,9.78851986],[77.20443726,9.89431953],[77.2614212,9.96372128],[77.18814087,10.09565163],[77.25978088,10.11908054],[77.28044891,10.20725155],[77.24652863,10.22060966],[77.22216034,10.34030056],[77.16295624,10.34628105],[76.97078705,10.20865059],[76.81967163,10.2952404],[76.82972717,10.58506203],[76.80499268,10.62634087],[76.87261963,10.62943172],[76.8555069,10.67527199],[76.89750671,10.77079964],[76.81755829,10.86180115],[76.64916229,10.92415237],[76.70652008,11.03135109],[76.79247284,11.0423727],[76.73709869,11.04751015],[76.73871613,11.12129021],[76.69117737,11.14451027],[76.72557831,11.20889091],[76.69696808,11.23133087],[76.62303925,11.18567085],[76.48764801,11.20279026],[76.45272064,11.18021011],[76.44638824,11.23046112],[76.54016876,11.29234791],[76.53820038,11.35159016],[76.44838715,11.38141918],[76.41039276,11.43359089],[76.27806091,11.47453117],[76.24009705,11.45964146],[76.22574615,11.56443977],[76.27097321,11.59290886],[76.29789734,11.56433105],[76.35011292,11.58274174],[76.38006592,11.62241936],[76.42479706,11.62329006],[76.42346191,11.65932083],[76.39640808,11.70107937],[76.4076767,11.75333118],[76.3349762,11.73062992],[76.2720108,11.80354023],[76.21852875,11.80003929],[76.18403625,11.8637619],[76.10806274,11.85118103],[76.10791016,11.97063923],[75.99819183,11.92362118],[75.87674713,11.94071198],[75.82697296,11.97797108],[75.79534912,12.07423115],[75.71705627,12.06208992],[75.70159912,12.10033131],[75.66242981,12.0911808],[75.63508606,12.1423912],[75.57684326,12.15075016],[75.48272705,12.28618145],[75.41912842,12.28639984],[75.42138672,12.36672974],[75.36560059,12.4070406],[75.36662292,12.45166016],[75.42250824,12.46006107],[75.41448975,12.49671173],[75.34086609,12.45604992],[75.3348465,12.49024105],[75.28114319,12.51813984],[75.27258301,12.55886173],[75.32785797,12.58518124],[75.27672577,12.61166],[75.22290039,12.56264019],[75.20143127,12.62511063],[75.14296722,12.63331032],[75.1506424,12.67634201],[75.08609772,12.69778156],[75.08309174,12.66640854],[75.04780579,12.66008854],[75.04966736,12.71469975],[74.98477936,12.72988129],[75.00860596,12.76043129],[74.99228668,12.79045963],[74.86708069,12.75445175],[74.9734726,12.49874878],[75.18180847,12.09514046],[75.1920929,12.13264275],[75.19291687,12.10068035],[75.17263794,12.08570194],[75.22013855,12.07014179],[75.17817688,12.07874966],[75.20153046,12.00541687],[75.23069763,12.02414036],[75.22306061,12.10484028],[75.39982605,12.14050102],[75.30906677,12.10266113],[75.3116684,12.04930592]]]]},"properties":{"GID_0":"IND","NAME_0":"India","GID_1":"IND.17_1","NAME_1":"Kerala","VARNAME_1":"","NL_NAME_1":"","TYPE_1":"State","ENGTYPE_1":"State","CC_1":"","HASC_1":"IN.KL"}},
{"type":"Feature","geometry":{"type":"MultiPolygon","coordinates":[[[[73.08097076,8.32764244],[73.01875305,8.2715292],[73.04930878,8.2668047],[73.08097076,8.32764244]]],[[[73.6784668,10.8215313],[73.66208649,10.80847168],[73.70263672,10.81486225],[73.6784668,10.8215313]]]]},"properties":{"GID_0":"IND","NAME_0":"India","GID_1":"IND.18_1","NAME_1":"Lakshadweep","VARNAME_1":"Íles Laquedives|Laccadive|Minicoy and Amindivi Islands|Laccadives|Lackadiverna|Lakkadiven|Lakkadi","NL_NAME_1":"","TYPE_1":"Union Territor","ENGTYPE_1":"Union Territory","CC_1":"","HASC_1":"IN.LD"}},
{"type":"Feature","geometry":{"type":"Polygon","coordinates":[[[74.14601898,21.9540596],[74.20063782,21.92564964],[74.289711,21.93579102],[74.38831329,22.02017975],[74.44603729,22.02651978],[74.44863892,21.97113037],[74.52749634,21.90878105],[74.51122284,21.72674942],[74.55237579,21.71839905],[74.55887604,21.68208122],[74.7890625,21.61086082],[74.90187836,21.63022995],[75.05774689,21.5649395],[75.11509705,21.45956039],[75.21985626,21.4108696],[75.54814911,21.37248993],[75.8881073,21.39962959],[76.05237579,21.35270119],[76.09867096,21.37392807],[76.17272186,21.18828964],[76.11396027,21.16464043],[76.17263794,21.08460045],[76.37637329,21.07731056],[76.45269012,21.11486816],[76.48737335,21.19606018],[76.62336731,21.19265938],[76.66107178,21.28242111],[76.62452698,21.33510017],[76.78418732,21.46648979],[76.76293182,21.52264977],[76.79534912,21.5975399],[76.90112305,21.6008091],[77.07232666,21.72293091],[77.17144775,21.72726059],[77.20742035,21.69400978],[77.28314972,21.72422028],[77.28623962,21.76275063],[77.4754715,21.77144051],[77.54218292,21.70103073],[77.57099915,21.56262016],[77.6071167,21.54277039],[77.4575119,21.55657005],[77.4169693,21.53306007],[77.4870224,21.3777504],[77.58444214,21.36447906],[77.60154724,21.3935585],[77.66722107,21.37149048],[77.69113159,21.39706993],[77.70524597,21.35906982],[77.73387909,21.36473083],[77.79936981,21.41230011],[77.88186646,21.37769127],[77.93878174,21.38690948],[78.16934204,21.49850082],[78.18094635,21.55868149],[78.26925659,21.57071114],[78.26612091,21.59428024],[78.36096191,21.57829857],[78.3795166,21.61865044],[78.42256165,21.60194969],[78.43009949,21.50175095],[78.50856018,21.52843285],[78.72418976,21.46438026],[78.74648285,21.49386978],[78.77218628,21.46713066],[78.78462219,21.48913956],[78.93183136,21.48740005],[78.91323853,21.59235954],[78.9944458,21.61874962],[79.08808899,21.59918976],[79.14782715,21.66052055],[79.21990204,21.65081024],[79.2286911,21.72392845],[79.34902191,21.67889023],[79.4885788,21.67412186],[79.53662109,21.54421806],[79.6474762,21.55717278],[79.73262024,21.60252953],[79.91581726,21.52448082],[79.93638611,21.55680084],[79.99355316,21.53471184],[80.06356812,21.55458069],[80.18821716,21.63420105],[80.26022339,21.62014961],[80.3706131,21.52096939],[80.41130829,21.4382019],[80.40336609,21.37648964],[80.48549652,21.39763832],[80.59316254,21.32479095],[80.65653229,21.3307724],[80.73021698,21.47205162],[80.72632599,21.73102951],[80.74297333,21.75796127],[80.811203,21.74749184],[80.84117126,21.85645294],[80.8184433,21.95679092],[80.84577179,21.96089935],[80.90608978,22.11444092],[80.95052338,22.11301041],[80.97885132,22.04831123],[81.00427246,22.07002068],[80.97175598,22.12148094],[81.01579285,22.1327095],[81.01944733,22.22919083],[81.08467865,22.24674988],[81.11384583,22.29438019],[81.10999298,22.44112015],[81.18004608,22.49015045],[81.21839142,22.45165062],[81.27546692,22.49944115],[81.30396271,22.48175049],[81.32293701,22.52433014],[81.3787384,22.50530052],[81.39655304,22.44132042],[81.51906586,22.53998184],[81.61579132,22.53902054],[81.65654755,22.63200188],[81.72294617,22.6762104],[81.74053955,22.64806938],[81.76272583,22.66358948],[81.76940155,22.87350845],[81.85634613,22.8908596],[81.94024658,22.95709038],[81.93810272,23.07781029],[82.024086,23.08012009],[82.06713104,23.11681747],[82.11588287,23.10379982],[82.15107727,23.1417408],[82.14248657,23.22770119],[82.18585968,23.32538986],[82.11090088,23.35584068],[82.09848022,23.39770126],[82.04573822,23.37787056],[82.01451874,23.38791847],[82.01597595,23.4235096],[81.97612,23.41311073],[81.91635895,23.53209114],[81.82717896,23.5112896],[81.73603058,23.5674305],[81.62822723,23.4903698],[81.60704803,23.50688934],[81.56973267,23.58864975],[81.68728638,23.72134972],[81.59844208,23.85367966],[81.61051178,23.90697289],[81.66159821,23.92559814],[81.71906281,23.84042931],[81.78266144,23.81184006],[81.91644287,23.87298965],[82.00073242,23.86314011],[82.04540253,23.82058907],[82.16240692,23.81995964],[82.20388794,23.8529911],[82.22614288,23.80693245],[82.46002197,23.81139946],[82.5161972,23.78423119],[82.54451752,23.79418945],[82.52735138,23.82407951],[82.65202332,23.85650063],[82.65651703,23.90786171],[82.8077774,23.96305847],[82.79727173,24.0051403],[82.74199677,24.02140045],[82.76625824,24.07786751],[82.70839691,24.08076096],[82.65738678,24.13479805],[82.67085266,24.15847015],[82.72036743,24.1389904],[82.76413727,24.29243088],[82.76058197,24.37304115],[82.70716095,24.38517952],[82.73654938,24.49977112],[82.71253204,24.5562191],[82.80076599,24.55268097],[82.76278687,24.64566994],[82.6951828,24.64425278],[82.65792847,24.70039749],[82.52926636,24.65196037],[82.43231201,24.70628166],[82.40159607,24.68379974],[82.40917206,24.59782982],[82.29393005,24.61374092],[82.29641724,24.67001152],[82.22992706,24.66963959],[82.24365997,24.77575111],[82.19948578,24.75206947],[82.21375275,24.72866058],[82.17288208,24.73957062],[82.20947266,24.78149033],[82.17900848,24.80465126],[82.19596863,24.82452965],[82.11219025,24.79226112],[82.00489044,24.85069084],[81.95915222,24.83061028],[81.89644623,24.89250946],[81.89846802,25.00962067],[81.78922272,25.01013947],[81.73239136,25.04870987],[81.6818924,25.04377174],[81.65869141,25.07973099],[81.60434723,25.06074905],[81.63195038,25.10326958],[81.61675262,25.12261963],[81.60122681,25.10021019],[81.61898804,25.1596508],[81.57718658,25.19129944],[81.50778961,25.18497086],[81.53000641,25.16333961],[81.47175598,25.13499069],[81.50757599,25.10680962],[81.4837265,25.07493973],[81.40084839,25.10777092],[81.43833923,25.11044121],[81.43022156,25.13363075],[81.39122009,25.1231308],[81.32995605,25.17249107],[81.31466675,25.11629105],[81.30638885,25.16599274],[81.26911926,25.16773987],[81.26158905,25.06846046],[81.2016983,24.99572945],[81.21260834,24.93452072],[81.16143036,24.95851135],[81.13244629,24.89207077],[81.07641602,24.95226097],[80.95523071,24.92571068],[80.93682098,24.97249985],[80.9000473,24.93958092],[80.80220032,24.94445992],[80.78999329,24.97178268],[80.84818268,24.99814034],[80.82668304,25.03919029],[80.90492249,25.16031075],[80.8780365,25.19560051],[80.83628082,25.19268036],[80.82769775,25.1103096],[80.79957581,25.14641762],[80.69963837,25.13714981],[80.77593994,25.06169128],[80.67356873,25.05417061],[80.67926025,25.08181953],[80.65629578,25.07444191],[80.60135651,25.10440826],[80.63239288,25.12328148],[80.59458923,25.15524101],[80.58777618,25.10910034],[80.60678101,25.07217979],[80.47612762,25.10225105],[80.49420929,25.04532051],[80.44071198,25.0820694],[80.3657608,25.05776024],[80.38218689,25.00974083],[80.27849579,25.02164841],[80.35128784,25.14490128],[80.42369843,25.17414284],[80.39906311,25.24296951],[80.30404663,25.28889275],[80.31075287,25.38731766],[80.255867,25.42871094],[80.24518585,25.40489006],[80.19391632,25.41623116],[80.12329865,25.3384304],[80.02073669,25.34316063],[79.99672699,25.26865005],[79.84713745,25.24020004],[79.855896,25.09850121],[79.74563599,25.14388275],[79.5978775,25.13143158],[79.56552124,25.17755127],[79.48987579,25.08275032],[79.46053314,25.09633064],[79.46837616,25.13445091],[79.43106842,25.10750961],[79.41512299,25.13909912],[79.39914703,25.11346054],[79.38387299,25.17028046],[79.44270325,25.21256065],[79.45919037,25.26945114],[79.49040222,25.2703495],[79.45741272,25.2838707],[79.41530609,25.25922012],[79.36741638,25.29432106],[79.35296631,25.26538086],[79.34588623,25.33304024],[79.29473114,25.3402195],[79.25945282,25.27144051],[79.34008789,25.27276039],[79.34696198,25.21424103],[79.27359772,25.24811935],[79.30322266,25.13332939],[79.2600708,25.12210083],[79.23583984,25.16096115],[79.21391296,25.14838028],[79.23838043,25.11636925],[79.1848526,25.15113258],[79.17930603,25.11769295],[79.12917328,25.11076927],[79.08429718,25.19252968],[79.02176666,25.14319038],[79.05644226,25.22570992],[79.00496674,25.27696991],[78.97116852,25.24492073],[78.99581146,25.19593811],[78.94834137,25.22018051],[78.87184143,25.16600037],[78.87587738,25.25576973],[78.970047,25.28520966],[78.95285797,25.34987068],[78.87651825,25.34445953],[78.8417511,25.22916031],[78.81167603,25.29984093],[78.7832489,25.29761124],[78.87474823,25.38765907],[78.94935608,25.40015984],[78.89245605,25.37529755],[78.92862701,25.35180092],[78.978508,25.3760128],[78.96012878,25.43889046],[78.90322876,25.44693756],[78.93563843,25.48002052],[78.93074036,25.55972099],[78.87435913,25.55701256],[78.87600708,25.5243206],[78.82832336,25.50998116],[78.8571701,25.4671402],[78.83426666,25.43246078],[78.82985687,25.46569061],[78.73175049,25.50065041],[78.75506592,25.43385124],[78.81291199,25.43042755],[78.74314117,25.41270065],[78.76438141,25.35840034],[78.65789032,25.38797951],[78.65651703,25.42012978],[78.70140076,25.42885971],[78.65271759,25.44400024],[78.62858582,25.40646172],[78.56112671,25.39569283],[78.57621765,25.35193062],[78.52514648,25.36301231],[78.52507782,25.30653],[78.49217224,25.32382965],[78.42736053,25.28867149],[78.4540329,25.27060127],[78.49668121,25.29385948],[78.56858063,25.25860977],[78.59716797,25.09787178],[78.64192963,25.06149101],[78.62204742,24.96490097],[78.668396,24.90239906],[78.76448059,24.86136818],[78.78054047,24.81497192],[78.74946594,24.60498047],[78.8817215,24.63969994],[78.96639252,24.49694824],[78.91381073,24.50084114],[78.90859222,24.46677017],[78.98438263,24.44136047],[78.96687317,24.35366058],[78.87886047,24.22305107],[78.79168701,24.18024063],[78.76027679,24.25848961],[78.66912079,24.24501991],[78.57843781,24.35708046],[78.50537109,24.39394951],[78.43477631,24.29766083],[78.37963867,24.27556038],[78.3259964,24.32961845],[78.36094666,24.38578987],[78.26687622,24.44737053],[78.21971893,24.52277946],[78.25888824,24.55818939],[78.26847839,24.66710091],[78.1638031,24.85709953],[78.32753754,24.9995594],[78.32776642,25.08876991],[78.44291687,25.12877083],[78.41829681,25.1534996],[78.44645691,25.16902161],[78.38536072,25.19515991],[78.39775848,25.21775055],[78.30802917,25.31098938],[78.3312912,25.33671951],[78.29551697,25.37479973],[78.34758759,25.45483971],[78.42072296,25.47761917],[78.42933655,25.56385994],[78.58119202,25.56430817],[78.60862732,25.58908081],[78.64862061,25.5656395],[78.80519104,25.6245575],[78.8113327,25.67448044],[78.74681854,25.74909019],[78.82050323,25.79940033],[78.81124878,25.83012009],[78.86192322,25.79919815],[78.84662628,25.86050034],[78.8826828,25.87026978],[78.87638092,25.91566086],[78.92952728,25.94935989],[78.94432831,26.03695107],[79.00315094,26.08179283],[78.94267273,26.13914108],[79.00071716,26.15497971],[78.97737885,26.19549942],[79.05705261,26.23289108],[79.03703308,26.26699066],[79.08357239,26.27240944],[79.13374329,26.3449707],[79.07679749,26.36269188],[79.12676239,26.44481087],[79.04846191,26.45605087],[79.06093597,26.50329971],[78.97962189,26.57407951],[79.00566101,26.61046982],[78.99317932,26.68457031],[78.93791199,26.66269112],[78.94814301,26.6967411],[78.8649292,26.70466995],[78.81138611,26.7654705],[78.71534729,26.80021286],[78.5658493,26.75769043],[78.4258728,26.83231926],[78.38973999,26.82489967],[78.35135651,26.87437057],[78.28206635,26.86408806],[78.26088715,26.82094955],[78.20979309,26.83609009],[78.16094971,26.82703972],[78.17611694,26.79149246],[78.09983063,26.79700851],[78.08573914,26.68305016],[77.99221802,26.70264053],[77.89457703,26.66221046],[77.8793869,26.62029076],[77.82041168,26.59983826],[77.81299591,26.55480957],[77.74434662,26.54524994],[77.71398163,26.50424957],[77.66768646,26.50831032],[77.52288055,26.41491127],[77.42771912,26.40690994],[77.43242645,26.36499977],[77.33467102,26.35723114],[77.20310974,26.23740005],[77.12403107,26.23795128],[77.09168243,26.19087982],[76.88777924,26.09332275],[76.80631256,25.95297813],[76.73332977,25.90254974],[76.64612579,25.90885162],[76.62660217,25.87087059],[76.59272766,25.8741684],[76.52931213,25.79797173],[76.53061676,25.73397064],[76.48239136,25.71813011],[76.56427765,25.44240189],[76.60254669,25.38898087],[76.76673126,25.33623123],[76.77009583,25.31219101],[76.89322662,25.32240105],[76.94182587,25.27536011],[77.07546997,25.33969116],[77.20514679,25.31142998],[77.22026062,25.37342834],[77.28298187,25.42358971],[77.36134338,25.41296005],[77.33641815,25.3255806],[77.37178802,25.32022095],[77.34966278,25.27177048],[77.41799164,25.1930294],[77.39070892,25.18819046],[77.39852905,25.11327171],[77.30285645,25.08386993],[77.26226044,25.11926079],[77.16957855,25.11371994],[77.11445618,25.06908989],[76.99372864,25.07995033],[76.85434723,25.01031113],[76.89122772,24.91967964],[76.9489212,24.87286949],[76.80158234,24.81983948],[76.84729767,24.75040054],[76.95173645,24.76546097],[77.0266571,24.71092033],[77.06469727,24.56991005],[76.96531677,24.46086121],[76.91464996,24.48765945],[76.91287231,24.54356956],[76.81459045,24.53437042],[76.85132599,24.46910858],[76.84017944,24.33872032],[76.94444275,24.2062912],[76.89994049,24.13111115],[76.80111694,24.12034035],[76.75499725,24.17209053],[76.70114136,24.17144012],[76.67420959,24.19342995],[76.69296265,24.28504944],[76.58802032,24.2495594],[76.57972717,24.18067932],[76.53143311,24.16346931],[76.46994781,24.23139954],[76.41443634,24.20742035],[76.32689667,24.25361824],[76.28277588,24.21571159],[76.21556854,24.21680832],[76.18548584,24.33151054],[76.12132263,24.19639015],[76.13469696,24.09528923],[75.96018219,24.02536964],[75.97582245,23.93293953],[75.77706146,23.85387039],[75.70233154,23.90405083],[75.72911072,23.85820961],[75.71784973,23.81903267],[75.68740082,23.81925011],[75.68447876,23.76056862],[75.65183258,23.80194855],[75.58252716,23.80035973],[75.56062317,23.85995102],[75.45649719,23.92074013],[75.51438141,24.04873276],[75.58383942,23.99192047],[75.66919708,24.03354263],[75.70040894,23.9690609],[75.76203918,23.99795151],[75.77961731,24.06208038],[75.83376312,24.07542992],[75.83579254,24.11135101],[75.74349213,24.13960075],[75.77350616,24.22089195],[75.82688141,24.24641037],[75.811203,24.30344963],[75.73792267,24.34797096],[75.72688293,24.40527916],[75.79113007,24.47520256],[75.84725189,24.41897011],[75.90899658,24.45614052],[75.89105225,24.50958824],[75.9250412,24.53339958],[75.91739655,24.5714798],[75.82814789,24.61334991],[75.83875275,24.72986984],[75.7596817,24.76479912],[75.61332703,24.68842125],[75.58190155,24.72270012],[75.45189667,24.69321823],[75.21694946,24.7224102],[75.18551636,24.76805115],[75.25192261,24.83716965],[75.22773743,24.84775925],[75.20131683,24.88420105],[75.20819092,24.90999985],[75.24994659,24.89569092],[75.22738647,24.85914993],[75.27893829,24.85349083],[75.30573273,24.8133297],[75.417099,24.86390114],[75.42421722,24.89275169],[75.31130219,24.86945915],[75.26145172,24.88965988],[75.29308319,24.92317963],[75.27590179,24.97673035],[75.31387329,24.90044022],[75.34558868,25.0428009],[75.15912628,25.04547119],[75.16439819,24.99166107],[75.1157074,24.96539116],[75.11886597,24.88903999],[75.04338837,24.85922813],[74.92008209,24.89184952],[74.84635162,24.97429085],[74.8236084,24.92850113],[74.84889221,24.79265976],[74.85856628,24.81306076],[75.00705719,24.79606056],[75.02023315,24.75276756],[74.99343109,24.75272942],[74.99989319,24.70848846],[74.94285583,24.66039085],[74.89285278,24.65534973],[74.79931641,24.79564095],[74.77527618,24.68773079],[74.81710815,24.67167091],[74.71193695,24.51094055],[74.85813141,24.46733284],[74.75280762,24.28265953],[74.89428711,24.2616806],[74.8811264,24.21350288],[74.99298859,24.02970123],[74.9056778,23.8739109],[74.94056702,23.73487091],[74.90762329,23.68283081],[74.93972015,23.63037109],[74.84542084,23.55417061],[74.61338043,23.46136093],[74.51830292,23.32872963],[74.5534668,23.28252029],[74.5719223,23.30089188],[74.64624786,23.25971985],[74.70114899,23.27214241],[74.72215271,23.24251175],[74.69500732,23.22307968],[74.7457962,23.23270988],[74.74569702,23.21211052],[74.66915894,23.2014904],[74.51228333,23.08883095],[74.39118958,23.11199951],[74.32277679,23.06269073],[74.3707962,22.98005295],[74.34163666,22.96469116],[74.3620224,22.93309021],[74.400383,22.89937973],[74.45147705,22.92399979],[74.47891998,22.85864067],[74.38418579,22.64356995],[74.26535797,22.6448307],[74.15332031,22.51741982],[74.06674957,22.55089951],[74.03466797,22.50836945],[74.08526611,22.50851822],[74.07808685,22.46564293],[74.1230011,22.4208107],[74.14424896,22.45671082],[74.18667603,22.44415092],[74.19082642,22.47788048],[74.20461273,22.43717194],[74.29418182,22.39446831],[74.20680237,22.36762047],[74.19106293,22.32192993],[74.1342926,22.3323307],[74.11196136,22.37161255],[74.07198334,22.36024094],[74.07578278,22.22187805],[74.12277985,22.21290016],[74.13027191,22.09770966],[74.18070984,22.08660126],[74.09770203,22.01545906],[74.15384674,21.98641968],[74.14601898,21.9540596]]]},"properties":{"GID_0":"IND","NAME_0":"India","GID_1":"IND.19_1","NAME_1":"Madhya Pradesh","VARNAME_1":"","NL_NAME_1":"","TYPE_1":"State","ENGTYPE_1":"State","CC_1":"","HASC_1":"IN.MP"}},
{"type":"Feature","geometry":{"type":"Polygon","coordinates":[[[77.54995728,18.29134941],[77.56691742,18.3179493],[77.51950073,18.3492527],[77.5552063,18.4178524],[77.52593994,18.427351],[77.58521271,18.44544983],[77.54619598,18.46338272],[77.60106659,18.47421074],[77.59726715,18.54754066],[77.64881134,18.55261993],[77.65756989,18.5272007],[77.73651123,18.55480957],[77.73285675,18.6760006],[77.75762939,18.70709038],[77.78643799,18.68412018],[77.83746338,18.80746078],[77.94255066,18.82229042],[77.88157654,18.90853119],[77.84049988,18.91130066],[77.85372925,18.95227814],[77.76735687,18.98142052],[77.75739288,19.0285511],[77.76168823,19.06204033],[77.79718018,19.05130959],[77.80265045,19.10196114],[77.8481369,19.09008026],[77.84654999,19.19697952],[77.86738586,19.25526047],[77.90570831,19.26721954],[77.86087799,19.30212975],[77.9489212,19.34127998],[78.0511322,19.24176025],[78.1700592,19.23633003],[78.19715118,19.33172989],[78.18216705,19.41176987],[78.3088913,19.45640945],[78.27910614,19.55820084],[78.31098938,19.60417938],[78.26972198,19.66312981],[78.34527588,19.71356964],[78.36773682,19.78108025],[78.33899689,19.83917999],[78.29412842,19.84955025],[78.31951141,19.91546822],[78.33625031,19.88319016],[78.38414764,19.87922287],[78.3976593,19.83640289],[78.49391937,19.79314995],[78.52626801,19.82165909],[78.60365295,19.81750107],[78.71644592,19.76679993],[78.84562683,19.75835037],[78.8588028,19.65631104],[78.96895599,19.64923286],[78.98052979,19.5850811],[78.9545517,19.55183029],[79.10286713,19.52795029],[79.17778778,19.46069145],[79.22293854,19.4677906],[79.24386597,19.61255264],[79.31426239,19.56552124],[79.36902618,19.57123184],[79.47042084,19.49745178],[79.54265594,19.54852295],[79.59805298,19.50377083],[79.6397171,19.57500076],[79.78542328,19.59358978],[79.94020844,19.46450996],[79.97305298,19.40102005],[79.92016602,19.22640991],[79.94320679,19.17060089],[79.85804749,19.10411072],[79.85958862,19.03462982],[79.91610718,19.04735947],[79.93448639,19.02169991],[79.93900299,18.85889244],[79.89401245,18.83083916],[80.11081696,18.67618942],[80.15808105,18.69594002],[80.18895721,18.67558098],[80.26753998,18.71796989],[80.24215698,18.75974846],[80.34850311,18.82394028],[80.26763916,18.92878914],[80.26772308,18.98732948],[80.32211304,19.07487106],[80.32485199,19.1415329],[80.38667297,19.18902016],[80.38334656,19.23913956],[80.56781769,19.40092087],[80.6101532,19.30714035],[80.67189026,19.32644844],[80.68860626,19.28348923],[80.74923706,19.28674126],[80.84500885,19.36091042],[80.78793335,19.42670059],[80.89206696,19.46568108],[80.8276062,19.56267166],[80.65685272,19.61226082],[80.66584015,19.69221115],[80.53967285,19.77459908],[80.54242706,19.81927109],[80.46916199,19.82466125],[80.47808838,19.77240944],[80.39470673,19.79457855],[80.49752045,19.86874962],[80.48265076,19.89889908],[80.4076767,19.90590286],[80.40629578,19.93250084],[80.4437027,19.95267105],[80.52037811,19.93087959],[80.54615784,20.06571007],[80.49803162,20.13891983],[80.39383698,20.14402008],[80.41398621,20.19023132],[80.38295746,20.2417202],[80.51082611,20.26961136],[80.61776733,20.33368111],[80.58602142,20.39561081],[80.62232208,20.60386276],[80.51190186,20.58511925],[80.4815979,20.61709976],[80.58011627,20.68364143],[80.54553223,20.76536942],[80.5418396,20.93391991],[80.45555878,20.93210983],[80.42375946,21.00959015],[80.44734192,21.03662109],[80.43331909,21.0971508],[80.45729828,21.17284012],[80.63530731,21.25013924],[80.67295074,21.29828835],[80.65653229,21.3307724],[80.59316254,21.32479095],[80.48549652,21.39763832],[80.40336609,21.37648964],[80.41130829,21.4382019],[80.3706131,21.52096939],[80.26022339,21.62014961],[80.18821716,21.63420105],[80.06356812,21.55458069],[79.99355316,21.53471184],[79.93638611,21.55680084],[79.91581726,21.52448082],[79.73262024,21.60252953],[79.6474762,21.55717278],[79.53662109,21.54421806],[79.4885788,21.67412186],[79.34902191,21.67889023],[79.2286911,21.72392845],[79.21990204,21.65081024],[79.14782715,21.66052055],[79.08808899,21.59918976],[78.9944458,21.61874962],[78.91323853,21.59235954],[78.93183136,21.48740005],[78.78462219,21.48913956],[78.77218628,21.46713066],[78.74648285,21.49386978],[78.72418976,21.46438026],[78.50856018,21.52843285],[78.43009949,21.50175095],[78.42256165,21.60194969],[78.3795166,21.61865044],[78.36096191,21.57829857],[78.26612091,21.59428024],[78.26925659,21.57071114],[78.18094635,21.55868149],[78.16934204,21.49850082],[77.93878174,21.38690948],[77.88186646,21.37769127],[77.79936981,21.41230011],[77.73387909,21.36473083],[77.70524597,21.35906982],[77.69113159,21.39706993],[77.66722107,21.37149048],[77.60154724,21.3935585],[77.58444214,21.36447906],[77.4870224,21.3777504],[77.4169693,21.53306007],[77.4575119,21.55657005],[77.6071167,21.54277039],[77.57099915,21.56262016],[77.54218292,21.70103073],[77.4754715,21.77144051],[77.28623962,21.76275063],[77.28314972,21.72422028],[77.20742035,21.69400978],[77.17144775,21.72726059],[77.07232666,21.72293091],[76.90112305,21.6008091],[76.79534912,21.5975399],[76.76293182,21.52264977],[76.78418732,21.46648979],[76.62452698,21.33510017],[76.66107178,21.28242111],[76.62336731,21.19265938],[76.48737335,21.19606018],[76.45269012,21.11486816],[76.37637329,21.07731056],[76.17263794,21.08460045],[76.11396027,21.16464043],[76.17272186,21.18828964],[76.09867096,21.37392807],[76.05237579,21.35270119],[75.8881073,21.39962959],[75.54814911,21.37248993],[75.21985626,21.4108696],[75.11509705,21.45956039],[75.05774689,21.5649395],[74.90187836,21.63022995],[74.7890625,21.61086082],[74.55887604,21.68208122],[74.55237579,21.71839905],[74.51122284,21.72674942],[74.52749634,21.90878105],[74.44863892,21.97113037],[74.44603729,22.02651978],[74.38831329,22.02017975],[74.289711,21.93579102],[74.20063782,21.92564964],[74.14601898,21.9540596],[73.81051636,21.82333755],[73.89810181,21.66727066],[73.78761292,21.62504959],[73.86078644,21.49582291],[74.02555847,21.55261993],[74.18183136,21.56176949],[74.20523834,21.52921104],[74.30996704,21.56732178],[74.32772064,21.49575043],[74.11097717,21.44810104],[74.06716156,21.48193169],[74.04854584,21.41942978],[73.95284271,21.40237045],[73.94848633,21.2975502],[73.89199066,21.26241112],[73.83213806,21.26745033],[73.82254791,21.17192078],[73.63639832,21.13265991],[73.61316681,21.17605972],[73.58830261,21.16790009],[73.65994263,21.10837936],[73.75260925,21.11408997],[73.7421875,21.05550003],[73.77485657,21.01045036],[73.90644836,20.98315048],[73.94953156,20.74230957],[73.82264709,20.69382095],[73.83828735,20.6157608],[73.6707077,20.56233978],[73.60730743,20.63630104],[73.53837585,20.67386055],[73.49843597,20.65341949],[73.48261261,20.71722984],[73.4536972,20.7104702],[73.40273285,20.64259911],[73.50074005,20.54024124],[73.39134979,20.39019966],[73.4234314,20.35209084],[73.42991638,20.20623016],[73.3111496,20.20721054],[73.28907776,20.14956284],[73.21631622,20.12199974],[73.18586731,20.05290031],[73.06063843,20.09906006],[73.05281067,20.06767082],[73.01747894,20.13495827],[72.97322845,20.13080025],[72.97042847,20.21232986],[72.87454224,20.2258091],[72.83534241,20.14464188],[72.73764038,20.13653946],[72.7076416,20.07014084],[72.71624756,19.97236061],[72.75374603,19.9426403],[72.75485992,19.92736053],[72.71985626,19.96875191],[72.69013977,19.95819473],[72.66430664,19.93292046],[72.68125153,19.86513901],[72.6506958,19.83958054],[72.69568634,19.80486107],[72.69346619,19.73569107],[72.71930695,19.7551403],[72.69374847,19.7293129],[72.73792267,19.59791946],[72.71263885,19.59597015],[72.71819305,19.53874969],[72.76486206,19.50430489],[72.78624725,19.52597237],[72.74458313,19.46292114],[72.75763702,19.37597275],[72.79902649,19.33125114],[72.78236389,19.19319534],[72.83957672,19.26736069],[72.78013611,19.16625023],[72.79347229,19.12985992],[72.8298645,19.18236351],[72.8034668,19.1415329],[72.8381958,19.03928185],[72.79181671,18.95070076],[72.82347107,18.94153023],[72.80764008,18.89097023],[72.86207581,19.00291824],[72.90930176,18.99124908],[72.9631958,19.05847168],[72.99291992,19.05903244],[73.0029068,19.00152969],[73.03234863,18.99930954],[72.95569611,18.97402954],[72.9576416,18.90847206],[72.90791321,18.90208435],[72.92652893,18.85097122],[72.98874664,18.86597252],[72.98264313,18.80957985],[72.97041321,18.78985977],[72.94069672,18.82792091],[72.91625214,18.79236031],[72.86930847,18.8045826],[72.85514069,18.69680977],[72.9284668,18.54181099],[72.90458679,18.53930473],[72.89541626,18.4726429],[72.91401672,18.35485268],[73.02791595,18.26430511],[73.05458069,18.27042007],[73.04013824,18.30153084],[73.08790588,18.32681084],[73.08625031,18.28791618],[73.04292297,18.29707909],[73.08039856,18.23125267],[73.05958557,18.19069481],[73.0881958,18.1515274],[73.05569458,18.1870842],[73.06930542,18.22208214],[72.98152924,18.24208069],[72.96457672,18.28013992],[72.93541718,18.28153038],[72.93096924,18.22041702],[72.98764038,18.19514084],[72.98986053,18.05513954],[73.04541779,18.04153061],[73.00208282,18.02124977],[73.03819275,17.98431015],[73.02960205,17.94431114],[73.09236145,17.94069481],[73.05014038,17.90680695],[73.13263702,17.83013916],[73.08735657,17.83875084],[73.13513947,17.71624947],[73.12708282,17.63708115],[73.16847229,17.58236122],[73.13708496,17.55597305],[73.20569611,17.43902969],[73.16708374,17.40513802],[73.24402618,17.3073616],[73.22763824,17.28153038],[73.18930817,17.29792023],[73.29819489,17.07847214],[73.2784729,17.04041862],[73.29013824,17.04763985],[73.31986237,17.03819466],[73.28430939,17.04013824],[73.28930664,17.00682068],[73.26597595,17.04763985],[73.25430298,17.02736092],[73.29430389,16.98597145],[73.27708435,16.89208412],[73.31346893,16.88903046],[73.28569794,16.88070107],[73.29541779,16.81679153],[73.33319092,16.81653023],[73.30541992,16.72930527],[73.35263824,16.59653091],[73.31680298,16.60096931],[73.39402771,16.55264091],[73.34570313,16.55652809],[73.39013672,16.51431084],[73.34902954,16.50430107],[73.31817627,16.55652809],[73.31624603,16.5134697],[73.36541748,16.39763832],[73.4054184,16.40486145],[73.36791992,16.36347008],[73.41124725,16.36208344],[73.38540649,16.33653069],[73.41042328,16.27791977],[73.43569946,16.28652954],[73.4109726,16.27346992],[73.42986298,16.19903183],[73.44736481,16.22458267],[73.4548645,16.05513954],[73.50985718,15.93736076],[73.59041595,15.91236115],[73.68013763,15.72437096],[73.83303833,15.73775196],[73.86548615,15.79752922],[73.88244629,15.74935055],[73.94536591,15.74152184],[73.998703,15.61112976],[74.12602997,15.65028954],[74.0965271,15.6708498],[74.13359833,15.67840099],[74.13062286,15.71792126],[74.22734833,15.78567123],[74.25006866,15.74118042],[74.36485291,15.77365112],[74.38931274,15.84414005],[74.34453583,15.85205078],[74.37412262,15.89161015],[74.41158295,15.85259056],[74.39186859,15.90115929],[74.47027588,16.0405407],[74.36815643,16.05295944],[74.4345932,16.1106205],[74.48908997,16.08732033],[74.51287842,16.18826294],[74.50311279,16.23104095],[74.4212265,16.28059006],[74.35328674,16.2918396],[74.33383942,16.26807022],[74.32546234,16.37924957],[74.36165619,16.36474991],[74.36911011,16.39432907],[74.34265137,16.40049171],[74.33886719,16.45216179],[74.29631805,16.45901108],[74.29989624,16.50263023],[74.26877594,16.47603035],[74.25315857,16.49488068],[74.28575897,16.50337029],[74.27636719,16.54453278],[74.31411743,16.50209808],[74.32940674,16.55347061],[74.3899231,16.5279007],[74.40348053,16.5786705],[74.47245789,16.60481071],[74.47738647,16.66077995],[74.49800873,16.62664032],[74.55143738,16.63321114],[74.5740509,16.55196953],[74.6363678,16.57574081],[74.64280701,16.60677147],[74.69037628,16.60445976],[74.6605072,16.63758087],[74.69819641,16.71520042],[74.9238205,16.76995087],[74.91195679,16.85593987],[74.96726227,16.90538025],[74.93839264,16.94099045],[75.03190613,16.92567062],[75.09041595,16.94865036],[75.14112854,16.87354088],[75.18965912,16.87350082],[75.18319702,16.84204102],[75.21585846,16.84033966],[75.28277588,16.87424088],[75.28843689,16.95477295],[75.46791077,16.98533058],[75.49249268,16.9428997],[75.57034302,16.96362114],[75.57579803,17.00779915],[75.64502716,16.95103264],[75.67460632,16.96026993],[75.67224121,17.03573036],[75.64375305,17.03639984],[75.67848969,17.09417152],[75.62802124,17.17012024],[75.65988922,17.26144028],[75.60595703,17.3032608],[75.57853699,17.38293076],[75.61580658,17.39185905],[75.6355896,17.47751045],[75.69119263,17.41261101],[75.73703766,17.4218998],[75.80233765,17.37010193],[75.82472229,17.42284966],[75.86196899,17.38585091],[75.88723755,17.41732979],[75.8936615,17.35362053],[75.93115234,17.32411003],[76.05452728,17.35429955],[76.07874298,17.3300705],[76.12120819,17.36634064],[76.17575836,17.29721069],[76.17233276,17.34873009],[76.24436188,17.37467957],[76.27587891,17.33053017],[76.34361267,17.34993172],[76.35227203,17.31059074],[76.38170624,17.31180954],[76.4080658,17.3692894],[76.36199951,17.37508011],[76.37317657,17.43441963],[76.33365631,17.43229294],[76.33080292,17.46881866],[76.37503815,17.49352074],[76.34348297,17.49435043],[76.36612701,17.52217293],[76.33167267,17.59486961],[76.4156723,17.60420036],[76.4287262,17.64441109],[76.48929596,17.66066933],[76.48636627,17.71352005],[76.52363586,17.71523094],[76.5236969,17.75889015],[76.57330322,17.76000023],[76.57322693,17.70216942],[76.61444855,17.76831245],[76.69055176,17.67995262],[76.72760773,17.73699951],[76.71570587,17.78191948],[76.76275635,17.78710938],[76.78816986,17.82647133],[76.73745728,17.85705948],[76.74067688,17.89801025],[76.80280304,17.86832047],[76.91644287,17.91509056],[76.91771698,18.03322983],[76.95464325,18.03968048],[76.96827698,18.09711075],[76.92256165,18.11610985],[76.95410919,18.18489075],[77.10888672,18.15269089],[77.09554291,18.19510078],[77.14998627,18.21656036],[77.17053223,18.28087044],[77.20617676,18.27795982],[77.24022675,18.40864754],[77.31741333,18.45379066],[77.34207916,18.43029022],[77.36962891,18.44765091],[77.36975098,18.40070915],[77.41011047,18.38853073],[77.35881042,18.31064987],[77.43637085,18.30649185],[77.46539307,18.25996017],[77.51020813,18.27844048],[77.50950623,18.30673027],[77.54995728,18.29134941]]]},"properties":{"GID_0":"IND","NAME_0":"India","GID_1":"IND.20_1","NAME_1":"Maharashtra","VARNAME_1":"","NL_NAME_1":"","TYPE_1":"State","ENGTYPE_1":"State","CC_1":"","HASC_1":"IN.MH"}},
{"type":"Feature","geometry":{"type":"Polygon","coordinates":[[[93.33737183,24.05340004],[93.3469162,24.11296844],[93.41542816,24.07921982],[93.46885681,23.9739399],[93.51508331,23.94716835],[93.5635376,23.98957825],[93.60346222,23.96959114],[93.62065887,24.01424026],[93.75694275,24.00949287],[93.81598663,23.92982864],[93.95378113,23.95019913],[94.09609222,23.89357185],[94.12264252,23.84272957],[94.16146088,23.85277939],[94.32634735,24.3389492],[94.38336945,24.37940979],[94.36534119,24.39967918],[94.40390778,24.42114067],[94.40341949,24.48777962],[94.53148651,24.63239098],[94.55098724,24.71653938],[94.61084747,24.72211266],[94.6378479,24.84235954],[94.71907043,24.94247055],[94.74565887,25.13659096],[94.58535767,25.21574974],[94.68242645,25.45973015],[94.55741882,25.5127697],[94.55574036,25.58581161],[94.59519958,25.64385033],[94.57301331,25.69765091],[94.50537109,25.61699295],[94.43002319,25.59272194],[94.42027283,25.54265022],[94.3135376,25.4944706],[94.21485138,25.50024033],[94.19487,25.5524292],[94.09210968,25.5327301],[94.01473236,25.59613037],[93.96521759,25.55657768],[93.77063751,25.54027939],[93.76579285,25.49990082],[93.80404663,25.49902916],[93.80899811,25.46558952],[93.69277954,25.36158943],[93.60801697,25.20205116],[93.55471039,25.25052834],[93.50514221,25.24413109],[93.47402191,25.3092804],[93.38871765,25.24592018],[93.33577728,25.09584045],[93.24884033,25.01880074],[93.26241302,24.95137024],[93.19735718,24.81126022],[93.15294647,24.78977966],[93.10978699,24.80974007],[93.0758667,24.71039009],[93.10470581,24.67534256],[93.07541656,24.59622955],[93.10697937,24.58356094],[93.06111908,24.57483292],[93.03916931,24.41113091],[93.00049591,24.40327072],[93.04337311,24.34338951],[92.97637939,24.11482048],[93.07949066,24.10297012],[93.10092163,24.04508972],[93.14791107,24.0880909],[93.21673584,24.05006027],[93.24801636,24.08533859],[93.25528717,24.02379036],[93.33737183,24.05340004]]]},"properties":{"GID_0":"IND","NAME_0":"India","GID_1":"IND.21_1","NAME_1":"Manipur","VARNAME_1":"","NL_NAME_1":"","TYPE_1":"State","ENGTYPE_1":"State","CC_1":"","HASC_1":"IN.MN"}},
{"type":"Feature","geometry":{"type":"Polygon","coordinates":[[[89.86273193,25.54319382],[89.81958008,25.3807869],[89.831604,25.29566193],[89.96735382,25.30331612],[90.11226654,25.22547531],[90.33013153,25.19389343],[90.440979,25.14462662],[90.64878082,25.17333984],[90.64962769,25.19524574],[90.69850159,25.15685463],[90.78166962,25.18149376],[90.85353851,25.15577126],[91.27098083,25.20397758],[91.47055054,25.13374901],[91.61411285,25.17534828],[91.60057831,25.14593506],[91.63785553,25.12265396],[91.70363617,25.16008568],[91.74757385,25.14027214],[91.75515747,25.17749214],[92.06183624,25.18711853],[92.22773743,25.0936985],[92.42521667,25.02965927],[92.41943359,24.96756744],[92.46328735,24.95591736],[92.42849731,24.97257996],[92.42590332,25.0318203],[92.46325684,25.03712845],[92.48429871,25.10806084],[92.54294586,25.09959984],[92.52466583,25.14002991],[92.62164307,25.11770058],[92.66690826,25.17706108],[92.80442047,25.21932983],[92.76464844,25.24934959],[92.78437042,25.3325386],[92.65428162,25.43534088],[92.60909271,25.41657066],[92.59815979,25.47165108],[92.56741333,25.46747017],[92.6446991,25.53744125],[92.65345764,25.59218025],[92.57250214,25.56042099],[92.55761719,25.61198807],[92.50170898,25.62293053],[92.43213654,25.69100952],[92.4331665,25.73145294],[92.38510132,25.75356293],[92.16069794,25.67185974],[92.15310669,25.81274986],[92.22547913,25.90704918],[92.16369629,25.91179085],[92.15631866,25.94479942],[92.2973175,26.07914925],[91.99106598,26.04103279],[91.92209625,25.99953079],[91.87016296,26.05219078],[91.87578583,26.09773064],[91.81931305,26.11874008],[91.73126221,26.05920982],[91.7201767,25.95407104],[91.66931152,25.90538979],[91.61115265,25.93992043],[91.63215637,26.02240944],[91.57583618,26.03310966],[91.47476196,25.87123108],[91.52540588,25.87289047],[91.33355713,25.83884048],[91.27562714,25.74694061],[91.22387695,25.72341919],[91.19198608,25.72958183],[91.17993164,25.7763195],[91.1964798,25.8590107],[91.00078583,25.82225037],[91.02922058,25.88804817],[90.967453,25.88718033],[90.94274902,25.9475708],[90.91911316,25.913311],[90.88298035,25.9517498],[90.80989075,25.95215988],[90.77806091,25.90829086],[90.74053955,25.91521072],[90.74743652,25.95732117],[90.68604279,25.95080948],[90.62480927,25.89889908],[90.62901306,25.93742943],[90.5824585,25.95979118],[90.51254272,25.89624023],[90.53446198,25.95802116],[90.47728729,26.0152607],[90.42862701,25.98904037],[90.36499023,26.01032066],[90.32434082,25.97438049],[90.18251038,25.94445038],[90.11865234,25.96125984],[90.00473785,25.87868118],[90.00831604,25.84683037],[89.94458008,25.82447815],[89.95524597,25.77445984],[89.89261627,25.73500061],[90.01729584,25.60219193],[89.86273193,25.54319382]]]},"properties":{"GID_0":"IND","NAME_0":"India","GID_1":"IND.22_1","NAME_1":"Meghalaya","VARNAME_1":"","NL_NAME_1":"","TYPE_1":"State","ENGTYPE_1":"State","CC_1":"","HASC_1":"IN.ML"}},
{"type":"Feature","geometry":{"type":"Polygon","coordinates":[[[92.27965546,23.71568108],[92.3170166,23.4718132],[92.40337372,23.24142838],[92.34671021,23.23578835],[92.35786438,23.10353088],[92.39225006,23.0565033],[92.3717041,22.93621254],[92.44753265,22.89359093],[92.47386932,22.74634933],[92.50773621,22.73688316],[92.52856445,22.66577148],[92.52177429,22.56025124],[92.61094666,22.13853455],[92.56250763,22.12827301],[92.60968018,21.97683716],[92.68435669,22.01791],[92.68383789,22.10534859],[92.69355774,22.07724953],[92.71788788,22.15262985],[92.86773682,22.06536293],[92.91088867,21.94622993],[92.95580292,22.02992058],[93.00924683,21.98393059],[93.01326752,22.102211],[93.06556702,22.10205269],[93.04666138,22.19762039],[93.15441132,22.17819023],[93.14710999,22.24654007],[93.20858002,22.26106834],[93.19081116,22.42725945],[93.11168671,22.53178978],[93.14437103,22.59885979],[93.0917511,22.70934105],[93.09926605,22.81040955],[93.1387558,22.9131794],[93.16835022,22.91913033],[93.1329422,23.04750061],[93.19445038,23.06031036],[93.25319672,23.00648117],[93.29772186,23.00579834],[93.39364624,23.13861275],[93.36580658,23.35448074],[93.41423798,23.38801193],[93.39718628,23.43331146],[93.44470215,23.68242836],[93.4052887,23.76159096],[93.39871979,23.93028069],[93.33442688,23.98694992],[93.33737183,24.05340004],[93.25528717,24.02379036],[93.24801636,24.08533859],[93.21673584,24.05006027],[93.14791107,24.0880909],[93.10092163,24.04508972],[93.07949066,24.10297012],[92.97637939,24.11482048],[93.04337311,24.34338951],[93.00049591,24.40327072],[92.91153717,24.41290092],[92.82898712,24.37776947],[92.76519775,24.52084923],[92.6906662,24.35480118],[92.62428284,24.33265114],[92.61158752,24.2533493],[92.55063629,24.2458992],[92.53151703,24.17741966],[92.48087311,24.14132118],[92.43656921,24.15242958],[92.42237854,24.25311089],[92.29668427,24.25174141],[92.33691406,24.14691162],[92.31144714,23.96058273],[92.33114624,23.91180229],[92.3203125,23.86590576],[92.2765274,23.8528862],[92.28681183,23.81676102],[92.25939941,23.814991],[92.27965546,23.71568108]]]},"properties":{"GID_0":"IND","NAME_0":"India","GID_1":"IND.23_1","NAME_1":"Mizoram","VARNAME_1":"","NL_NAME_1":"","TYPE_1":"State","ENGTYPE_1":"State","CC_1":"","HASC_1":"IN.MZ"}},
{"type":"Feature","geometry":{"type":"Polygon","coordinates":[[[95.19551849,27.04294968],[95.02134705,26.92539978],[94.92816162,26.95210075],[94.88622284,26.93246078],[94.80220795,26.80606079],[94.68660736,26.73258972],[94.60414886,26.7392807],[94.57469177,26.69102097],[94.5450592,26.71090126],[94.46794128,26.66982079],[94.46250153,26.6354599],[94.40786743,26.61433029],[94.39945221,26.53232002],[94.31651306,26.46293068],[94.27674103,26.5588398],[94.18654633,26.46051025],[94.17550659,26.34421921],[94.10804749,26.32640076],[94.00480652,26.17327118],[93.95488739,26.00732994],[93.97939301,25.91967964],[93.79576111,25.81435013],[93.77301788,25.96602058],[93.68768311,25.90944099],[93.70548248,25.84863091],[93.57324982,25.76079941],[93.49991608,25.65652084],[93.33174133,25.54681015],[93.3959198,25.46412086],[93.46186829,25.4346981],[93.47402191,25.3092804],[93.50514221,25.24413109],[93.55471039,25.25052834],[93.60801697,25.20205116],[93.69277954,25.36158943],[93.80899811,25.46558952],[93.80404663,25.49902916],[93.76579285,25.49990082],[93.77063751,25.54027939],[93.96521759,25.55657768],[94.01473236,25.59613037],[94.09210968,25.5327301],[94.19487,25.5524292],[94.21485138,25.50024033],[94.3135376,25.4944706],[94.42027283,25.54265022],[94.43002319,25.59272194],[94.50537109,25.61699295],[94.57301331,25.69765091],[94.59519958,25.64385033],[94.55574036,25.58581161],[94.55741882,25.5127697],[94.68242645,25.45973015],[94.81249237,25.49537086],[94.84944153,25.56068993],[94.90499115,25.56711006],[94.88897705,25.59311104],[94.93757629,25.66903114],[95.05252838,25.76265907],[95.02186584,25.90999985],[95.1064682,25.96815109],[95.18569946,26.08035088],[95.12056732,26.10974121],[95.13574219,26.38783264],[95.06720734,26.46154976],[95.15470886,26.61948967],[95.23763275,26.68629074],[95.21614075,26.73531914],[95.24491882,26.78733063],[95.18450165,26.86483002],[95.2338562,26.89084053],[95.19551849,27.04294968]]]},"properties":{"GID_0":"IND","NAME_0":"India","GID_1":"IND.24_1","NAME_1":"Nagaland","VARNAME_1":"","NL_NAME_1":"","TYPE_1":"State","ENGTYPE_1":"State","CC_1":"","HASC_1":"IN.NL"}},
{"type":"Feature","geometry":{"type":"Polygon","coordinates":[[[77.33773804,28.50897026],[77.29380035,28.5667305],[77.33618164,28.60886955],[77.32348633,28.71587181],[77.28489685,28.71245956],[77.1969223,28.79528046],[77.2173233,28.83527946],[77.18686676,28.86681938],[77.1391983,28.84166908],[77.07585144,28.88451195],[77.03153992,28.83679008],[76.94230652,28.82068062],[76.93390656,28.63764954],[76.87793732,28.63763046],[76.83761597,28.55698967],[76.87937164,28.50905037],[77.00554657,28.51444054],[77.00609589,28.54277992],[77.07247925,28.52028084],[77.16577148,28.40846062],[77.24061584,28.42885971],[77.24265289,28.48460007],[77.33773804,28.50897026]]]},"properties":{"GID_0":"IND","NAME_0":"India","GID_1":"IND.25_1","NAME_1":"NCT of Delhi","VARNAME_1":"","NL_NAME_1":"","TYPE_1":"Union Territor","ENGTYPE_1":"Union Territory","CC_1":"","HASC_1":"IN.DL"}},
{"type":"Feature","geometry":{"type":"MultiPolygon","coordinates":[[[[84.73021698,19.08930588],[84.76101685,19.07131195],[84.7831955,19.11097145],[84.73021698,19.08930588]]],[[[81.75829315,17.89336014],[82.0246582,18.0578804],[82.16034698,18.04359818],[82.24170685,17.97976112],[82.26725006,17.98644066],[82.26695251,18.04827118],[82.32977295,18.040411],[82.33336639,18.14237976],[82.36515808,18.13966942],[82.30609894,18.19565964],[82.393013,18.30644035],[82.33444214,18.31713295],[82.38442993,18.36911011],[82.36128998,18.4099102],[82.47400665,18.53683281],[82.52313232,18.50392914],[82.53015137,18.43431091],[82.55377197,18.43765068],[82.53515625,18.3895607],[82.60050964,18.36870956],[82.58074188,18.27009964],[82.62687683,18.22874069],[82.65883636,18.28660965],[82.7670517,18.33107948],[82.79917145,18.43940163],[82.88461304,18.41275978],[82.90274811,18.35591125],[83.0533905,18.37529945],[83.05982971,18.42863274],[83.01541138,18.4444294],[83.08933258,18.53791046],[83.03247833,18.54788971],[83.05394745,18.58646965],[83.00804138,18.58842087],[83.0096817,18.63652992],[83.13295746,18.77244949],[83.20506287,18.71586037],[83.21939087,18.76581955],[83.26609802,18.75700951],[83.27950287,18.78960037],[83.39630127,18.83070946],[83.41133881,18.85934067],[83.34661102,18.92687035],[83.38022614,18.92328262],[83.34575653,18.95709991],[83.32901001,18.91690826],[83.30526733,18.98968124],[83.40885162,18.99619102],[83.45548248,18.94557953],[83.45939636,19.06967163],[83.50538635,19.06477165],[83.49539948,19.01109123],[83.53138733,19.00542068],[83.5464325,19.07382965],[83.57876587,19.04978943],[83.62328339,19.15363121],[83.72325134,19.01189995],[83.70574188,18.98524094],[83.74582672,18.91817284],[83.78006744,18.90772057],[83.73956299,18.97844124],[83.78704071,19.00836945],[83.87017822,18.81842995],[84.02706146,18.80220032],[84.08177948,18.74464035],[84.33222198,18.79202271],[84.33602142,18.86671066],[84.3624115,18.85106087],[84.35144806,18.88319969],[84.38762665,18.87766838],[84.3653183,18.89625931],[84.42938995,18.91368294],[84.41513062,19.0138607],[84.4716568,18.98122025],[84.56613922,19.06503868],[84.58769226,19.01299095],[84.61271667,19.05483055],[84.65453339,19.05231094],[84.59184265,19.12384033],[84.7020874,19.15114975],[84.71903229,19.09584427],[84.72264099,19.13986015],[84.75041962,19.13652992],[84.72541809,19.09653091],[84.78237152,19.11320114],[84.90569305,19.26958275],[85.38555908,19.60611153],[85.90499878,19.83222198],[86.09514618,19.85991096],[86.22796631,19.90088081],[86.22252655,19.92562103],[86.2277832,19.90361023],[86.36422729,19.95372963],[86.31749725,19.94916534],[86.34102631,19.97237968],[86.30266571,19.9835434],[86.29494476,20.02441978],[86.23665619,20.02695084],[86.24785614,20.05318832],[86.26915741,20.06278038],[86.28722382,20.04972267],[86.29046631,20.06098175],[86.34221649,19.98639107],[86.38889313,19.97722816],[86.41176605,20.05554008],[86.43678284,20.0609684],[86.48388672,20.11027527],[86.52055359,20.16916656],[86.5588913,20.20055962],[86.50388336,20.16444016],[86.47138977,20.09749985],[86.46221924,20.11471939],[86.49111176,20.15777016],[86.45999908,20.16222191],[86.67973328,20.25805092],[86.67111206,20.28222275],[86.68000031,20.26333237],[86.78083038,20.34583473],[86.77971649,20.39167023],[86.72943115,20.40488052],[86.73388672,20.47916603],[86.78444672,20.53582954],[87.0451889,20.7094841],[86.93393707,20.71071053],[86.84506226,20.65081978],[86.82853699,20.67226982],[86.80223846,20.67521095],[86.79650879,20.66557121],[86.81408691,20.66365814],[86.82298279,20.64651108],[86.82055664,20.63958359],[86.81587219,20.63640022],[86.8069458,20.64333344],[86.77361298,20.64528084],[86.75569916,20.61334419],[86.82776642,20.77166939],[86.8813858,20.79750252],[86.95749664,20.78471947],[86.97027588,20.82332993],[86.82332611,21.13833046],[86.82250214,21.19388962],[86.89221954,21.31638908],[87.10694885,21.51773453],[87.20089722,21.54849052],[87.37999725,21.54555511],[87.48203278,21.60870361],[87.44367218,21.76088905],[87.37011719,21.76007271],[87.26242065,21.81385994],[87.23484802,21.95438004],[87.16744232,21.97340965],[87.15828705,21.93054962],[87.09353638,21.90789986],[87.09464264,21.86034012],[87.03024292,21.86531067],[86.99793243,21.90750122],[87.03431702,21.98919106],[87.01761627,22.04128075],[86.95723724,22.0833683],[86.83200836,22.09510994],[86.79032135,22.1539402],[86.71544647,22.14349174],[86.72278595,22.21524811],[86.53237915,22.29819107],[86.49994659,22.34095192],[86.43335724,22.30154037],[86.35273743,22.34542084],[86.2798233,22.4455204],[86.10733032,22.48489761],[86.0384903,22.5635891],[85.95350647,22.45597267],[86.00874329,22.42432022],[86.02124786,22.37504005],[85.99288177,22.33815956],[86.04328918,22.30619049],[85.9697876,22.24340057],[86.02671814,22.18522263],[85.90542603,21.96663094],[85.76074982,21.98971939],[85.78794098,22.0771904],[85.83075714,22.07697105],[85.80204773,22.11083031],[85.6815033,22.04878044],[85.64460754,22.09028053],[85.53954315,22.08658981],[85.3944397,22.15859985],[85.30007935,22.10705948],[85.23094177,22.00027084],[85.21074677,22.04318047],[85.0954361,22.09945107],[84.97982025,22.08468056],[85.02374268,22.11199188],[85.07051086,22.27215958],[85.11445618,22.2904892],[85.07405853,22.34859085],[85.06249237,22.47841072],[84.89379883,22.41801071],[84.80779266,22.44686127],[84.75269318,22.44201279],[84.74385071,22.41475105],[84.52662659,22.42002106],[84.42608643,22.3488102],[84.28922272,22.33732033],[84.15248871,22.4009304],[84.13492584,22.47094917],[84.00250244,22.52086067],[83.97609711,22.50221062],[84.04155731,22.46410942],[84.00421143,22.36766052],[83.86100769,22.34378052],[83.75279999,22.24286079],[83.64575195,22.22458839],[83.55916595,22.10386086],[83.60031891,22.0655098],[83.53836823,22.05537987],[83.53517151,21.96350098],[83.60047913,21.91084099],[83.58447266,21.84360123],[83.53124237,21.83189964],[83.53656769,21.79393005],[83.49091339,21.81454086],[83.46717834,21.78273964],[83.48413086,21.74155235],[83.4197464,21.67502022],[83.48454285,21.62556267],[83.45275879,21.60519028],[83.44123077,21.64927292],[83.38072205,21.61275101],[83.33463287,21.49555016],[83.40265656,21.34843063],[83.27001953,21.37503815],[83.27455902,21.28567123],[83.21835327,21.26012039],[83.19010162,21.13552856],[83.11984253,21.10106087],[82.95606995,21.17548943],[82.78884888,21.13927269],[82.63594055,21.1494503],[82.62230682,21.0365696],[82.55294037,20.94148064],[82.485672,20.90351105],[82.45905304,20.82384109],[82.34661865,20.88384819],[82.33512878,20.75851822],[82.36823273,20.62405968],[82.32401276,20.55388069],[82.4291687,20.42575264],[82.39377594,20.3355217],[82.42922974,20.2829628],[82.37892914,20.14463043],[82.39086151,20.05958939],[82.59836578,19.98563957],[82.70748901,19.99021912],[82.70271301,19.83103943],[82.64573669,19.82537079],[82.58506012,19.7710495],[82.59349823,19.8645401],[82.44239044,19.90298271],[82.33944702,19.82996178],[82.23062897,19.99808121],[82.1784668,19.97808266],[82.05789948,20.04986954],[82.02440643,20.01004028],[81.94135284,20.10225105],[81.866539,20.03603935],[81.84963226,19.90805054],[81.96037292,19.85473824],[81.98014832,19.79578018],[82.05982971,19.78309822],[82.02239227,19.50180244],[82.09207916,19.50984001],[82.11930847,19.4239006],[82.18305969,19.41761017],[82.14083099,19.3619194],[82.1831665,19.31970024],[82.15172577,19.26546288],[82.17878723,19.15885925],[82.15978241,19.1264801],[82.21211243,19.09054947],[82.1940918,19.06022072],[82.23956299,18.91045952],[82.17272949,18.89528847],[82.16114807,18.79096031],[82.08141327,18.75587082],[82.07858276,18.71208191],[81.96768188,18.69061279],[81.9474411,18.62882042],[81.88537598,18.65032959],[81.8883667,18.62099075],[81.95452881,18.58670998],[81.94690704,18.5591507],[81.90859985,18.56422806],[81.85794067,18.51305962],[81.76210022,18.4113102],[81.74491119,18.34535027],[81.65809631,18.33929062],[81.65866852,18.3110981],[81.52796173,18.25908089],[81.47731018,17.97002029],[81.43725586,17.87593842],[81.39382935,17.88513947],[81.38497162,17.80659294],[81.61115265,17.81536293],[81.66306305,17.87693024],[81.70317078,17.86112976],[81.75829315,17.89336014]]],[[[86.28814697,20.02861023],[86.30805206,20.03472137],[86.26999664,20.05833244],[86.24475861,20.03425217],[86.28814697,20.02861023]]],[[[86.80426788,20.67662048],[86.82847595,20.67359543],[86.84487152,20.65199852],[86.87832642,20.73306084],[86.85917664,20.66472054],[86.93187714,20.7157402],[86.99658966,20.71027946],[87.00694275,20.74305916],[86.99054718,20.77166939],[86.85101318,20.77482986],[86.77379608,20.6463871],[86.80583191,20.64528084],[86.81912231,20.63924217],[86.82186127,20.64706993],[86.81335449,20.66238976],[86.79541016,20.66562271],[86.79666901,20.67250824],[86.80426788,20.67662048]]]]},"properties":{"GID_0":"IND","NAME_0":"India","GID_1":"IND.26_1","NAME_1":"Odisha","VARNAME_1":"","NL_NAME_1":"","TYPE_1":"State","ENGTYPE_1":"State","CC_1":"","HASC_1":"IN.OR"}},
{"type":"Feature","geometry":{"type":"MultiPolygon","coordinates":[[[[79.85124969,10.81377125],[79.82375336,10.81792068],[79.8520813,10.82763004],[79.85457611,10.97602177],[79.73721313,10.98910046],[79.7455368,10.9433403],[79.70287323,10.94562054],[79.74302673,10.8819418],[79.80898285,10.86744022],[79.78956604,10.8617506],[79.81333923,10.81408119],[79.85124969,10.81377125]]],[[[75.23069763,12.02414036],[75.30208588,11.94847012],[75.30458069,11.95236111],[75.2820816,11.98680973],[75.26347351,12.00291729],[75.26264191,12.01208305],[75.27097321,12.02958202],[75.2959671,12.01764202],[75.3116684,12.04930592],[75.30906677,12.10266113],[75.39982605,12.14050102],[75.22306061,12.10484028],[75.23069763,12.02414036]]],[[[82.29938507,16.71402931],[82.29951477,16.71433258],[82.29370117,16.74304008],[82.22042084,16.7183094],[82.21768188,16.75168991],[82.17463684,16.7251091],[82.25763702,16.69011307],[82.24569702,16.71681023],[82.29938507,16.71402931]]],[[[79.80041504,11.8083992],[79.81958008,11.87430859],[79.79069519,11.87874889],[79.82375336,11.88181019],[79.83763885,11.94054985],[79.79972839,11.96428967],[79.73690033,11.9071703],[79.71570587,11.9674511],[79.74964905,11.98613071],[79.70584869,11.97737026],[79.679039,12.01926041],[79.64434052,11.99267197],[79.6990509,11.97205925],[79.67819977,11.93653202],[79.72489929,11.89151001],[79.69153595,11.8784008],[79.68286133,11.90470886],[79.65907288,11.86566925],[79.69573212,11.87337971],[79.72776031,11.83233929],[79.74980927,11.8605299],[79.75213623,11.82445145],[79.78176117,11.840271],[79.80041504,11.8083992]]]]},"properties":{"GID_0":"IND","NAME_0":"India","GID_1":"IND.27_1","NAME_1":"Puducherry","VARNAME_1":"Pondicherry|Puduchcheri|Pondichéry","NL_NAME_1":"","TYPE_1":"Union Territor","ENGTYPE_1":"Union Territory","CC_1":"","HASC_1":"IN.PY"}},
{"type":"Feature","geometry":{"type":"Polygon","coordinates":[[[73.96631622,30.19504929],[73.96665192,30.12118912],[73.89480591,30.0468502],[73.89118195,29.97006989],[74.51906586,29.94334984],[74.64697266,29.90467072],[74.69078827,29.96927071],[74.80117798,29.99257278],[74.88149261,29.96834946],[74.88523865,29.9391098],[74.91573334,29.94915962],[74.9899292,29.85646057],[75.06548309,29.87903976],[75.08480072,29.91514015],[75.09017944,29.80666161],[75.15405273,29.78101921],[75.18234253,29.83870125],[75.23097992,29.75206757],[75.15783691,29.66271019],[75.22123718,29.60655022],[75.22348022,29.54617119],[75.29606628,29.5680809],[75.28056335,29.61010933],[75.31772614,29.67070007],[75.35044861,29.65928078],[75.33535004,29.69384956],[75.44426727,29.80784988],[75.56878662,29.74262047],[75.62535858,29.7732296],[75.69744873,29.75521088],[75.70593262,29.80862045],[75.7716217,29.82538986],[75.82901764,29.81232071],[75.87928009,29.74707031],[76.03565216,29.74668121],[76.07766724,29.80577278],[76.11638641,29.79640007],[76.24201202,29.86902809],[76.16629028,29.92865944],[76.20387268,29.94412041],[76.19091797,30.01641273],[76.25499725,30.10457993],[76.19061279,30.13496017],[76.20387268,30.15890121],[76.32289886,30.10822105],[76.34892273,30.12766075],[76.32588196,30.14924049],[76.39000702,30.12754059],[76.3809967,30.18324089],[76.41020203,30.20228958],[76.4520874,30.10070992],[76.60105133,30.08023071],[76.63891602,30.20594025],[76.58399963,30.25653076],[76.53253174,30.22713089],[76.54763794,30.26492119],[76.71515656,30.33291054],[76.73853302,30.35964966],[76.70014954,30.39361191],[76.75786591,30.43889046],[76.80845642,30.41185951],[76.8324585,30.43388176],[76.88022614,30.35970116],[76.9272995,30.38863945],[76.88884735,30.44111061],[76.91342926,30.59970284],[76.85858154,30.64063072],[76.86222839,30.6792717],[76.83479309,30.65582085],[76.81980896,30.68582916],[76.79437256,30.66931915],[76.7263031,30.6959095],[76.69062805,30.76008034],[76.75933838,30.79903984],[76.82818604,30.76379013],[76.8467865,30.79252052],[76.76985931,30.90639114],[76.61006927,31.0042305],[76.62573242,31.11024284],[76.58931732,31.12770081],[76.59039307,31.18285942],[76.62594604,31.22709084],[76.58061218,31.21635246],[76.60161591,31.25090981],[76.57050323,31.28014946],[76.53495026,31.25535011],[76.53717041,31.28395081],[76.51811218,31.26231003],[76.46671295,31.31021118],[76.43113708,31.28284073],[76.44827271,31.30599022],[76.36313629,31.44135094],[76.31584167,31.40237808],[76.33666229,31.35301971],[76.2960968,31.31920052],[76.17282867,31.30673981],[76.13503265,31.36175919],[76.15349579,31.41401291],[75.92182922,31.81718063],[75.97146606,31.81454849],[75.89454651,31.94980049],[75.68981934,32.06153107],[75.57875824,32.0816803],[75.66182709,32.16466904],[75.62021637,32.18516922],[75.62254333,32.23468018],[75.73639679,32.27376175],[75.8438797,32.37931061],[75.93216705,32.41682053],[75.85096741,32.50786972],[75.87254333,32.57619095],[75.71153259,32.41815948],[75.52921295,32.34888077],[75.50123596,32.27605057],[75.47223663,32.34004974],[75.32232666,32.33732605],[75.36315155,32.23468018],[75.31420135,32.2149086],[75.31423187,32.15918732],[75.23916626,32.08715057],[75.19532013,32.11664963],[75.1644516,32.06797028],[75.11625671,32.08280945],[75.00492859,32.02875519],[74.92592621,32.06565094],[74.87242889,32.05052948],[74.80914307,31.95513916],[74.73591614,31.93738937],[74.709198,31.95794868],[74.70326233,31.92489815],[74.60028076,31.88602066],[74.55638123,31.82882118],[74.51728058,31.72291183],[74.60090637,31.56783867],[74.5657959,31.50172806],[74.64206696,31.45996094],[74.51111603,31.27233124],[74.5045929,31.13850975],[74.55193329,31.08562088],[74.59279633,31.08740807],[74.59236908,31.13335037],[74.62145996,31.13703156],[74.67732239,31.13060951],[74.69442749,31.09543991],[74.62251282,31.04702187],[74.55839539,31.06752586],[74.53811646,30.99354172],[74.36552429,30.88540649],[74.36300659,30.84580612],[74.31614685,30.84758186],[74.26220703,30.76803017],[74.28180695,30.73023415],[74.09099579,30.61279106],[74.07761383,30.52936172],[74.03401184,30.5362606],[73.962677,30.45760727],[73.93528748,30.46295738],[73.87125397,30.36857224],[73.9578476,30.26169014],[73.96631622,30.19504929]]]},"properties":{"GID_0":"IND","NAME_0":"India","GID_1":"IND.28_1","NAME_1":"Punjab","VARNAME_1":"","NL_NAME_1":"","TYPE_1":"State","ENGTYPE_1":"State","CC_1":"","HASC_1":"IN.PB"}},
{"type":"Feature","geometry":{"type":"Polygon","coordinates":[[[74.32277679,23.06269073],[74.39118958,23.11199951],[74.51228333,23.08883095],[74.66915894,23.2014904],[74.74569702,23.21211052],[74.7457962,23.23270988],[74.69500732,23.22307968],[74.72215271,23.24251175],[74.70114899,23.27214241],[74.64624786,23.25971985],[74.5719223,23.30089188],[74.5534668,23.28252029],[74.51830292,23.32872963],[74.61338043,23.46136093],[74.84542084,23.55417061],[74.93972015,23.63037109],[74.90762329,23.68283081],[74.94056702,23.73487091],[74.9056778,23.8739109],[74.99298859,24.02970123],[74.8811264,24.21350288],[74.89428711,24.2616806],[74.75280762,24.28265953],[74.85813141,24.46733284],[74.71193695,24.51094055],[74.81710815,24.67167091],[74.77527618,24.68773079],[74.79931641,24.79564095],[74.89285278,24.65534973],[74.94285583,24.66039085],[74.99989319,24.70848846],[74.99343109,24.75272942],[75.02023315,24.75276756],[75.00705719,24.79606056],[74.85856628,24.81306076],[74.84889221,24.79265976],[74.8236084,24.92850113],[74.84635162,24.97429085],[74.92008209,24.89184952],[75.04338837,24.85922813],[75.11886597,24.88903999],[75.1157074,24.96539116],[75.16439819,24.99166107],[75.15912628,25.04547119],[75.34558868,25.0428009],[75.31387329,24.90044022],[75.27590179,24.97673035],[75.29308319,24.92317963],[75.26145172,24.88965988],[75.31130219,24.86945915],[75.42421722,24.89275169],[75.417099,24.86390114],[75.30573273,24.8133297],[75.27893829,24.85349083],[75.22738647,24.85914993],[75.24994659,24.89569092],[75.20819092,24.90999985],[75.20131683,24.88420105],[75.22773743,24.84775925],[75.25192261,24.83716965],[75.18551636,24.76805115],[75.21694946,24.7224102],[75.45189667,24.69321823],[75.58190155,24.72270012],[75.61332703,24.68842125],[75.7596817,24.76479912],[75.83875275,24.72986984],[75.82814789,24.61334991],[75.91739655,24.5714798],[75.9250412,24.53339958],[75.89105225,24.50958824],[75.90899658,24.45614052],[75.84725189,24.41897011],[75.79113007,24.47520256],[75.72688293,24.40527916],[75.73792267,24.34797096],[75.811203,24.30344963],[75.82688141,24.24641037],[75.77350616,24.22089195],[75.74349213,24.13960075],[75.83579254,24.11135101],[75.83376312,24.07542992],[75.77961731,24.06208038],[75.76203918,23.99795151],[75.70040894,23.9690609],[75.66919708,24.03354263],[75.58383942,23.99192047],[75.51438141,24.04873276],[75.45649719,23.92074013],[75.56062317,23.85995102],[75.58252716,23.80035973],[75.65183258,23.80194855],[75.68447876,23.76056862],[75.68740082,23.81925011],[75.71784973,23.81903267],[75.72911072,23.85820961],[75.70233154,23.90405083],[75.77706146,23.85387039],[75.97582245,23.93293953],[75.96018219,24.02536964],[76.13469696,24.09528923],[76.12132263,24.19639015],[76.18548584,24.33151054],[76.21556854,24.21680832],[76.28277588,24.21571159],[76.32689667,24.25361824],[76.41443634,24.20742035],[76.46994781,24.23139954],[76.53143311,24.16346931],[76.57972717,24.18067932],[76.58802032,24.2495594],[76.69296265,24.28504944],[76.67420959,24.19342995],[76.70114136,24.17144012],[76.75499725,24.17209053],[76.80111694,24.12034035],[76.89994049,24.13111115],[76.94444275,24.2062912],[76.84017944,24.33872032],[76.85132599,24.46910858],[76.81459045,24.53437042],[76.91287231,24.54356956],[76.91464996,24.48765945],[76.96531677,24.46086121],[77.06469727,24.56991005],[77.0266571,24.71092033],[76.95173645,24.76546097],[76.84729767,24.75040054],[76.80158234,24.81983948],[76.9489212,24.87286949],[76.89122772,24.91967964],[76.85434723,25.01031113],[76.99372864,25.07995033],[77.11445618,25.06908989],[77.16957855,25.11371994],[77.26226044,25.11926079],[77.30285645,25.08386993],[77.39852905,25.11327171],[77.39070892,25.18819046],[77.41799164,25.1930294],[77.34966278,25.27177048],[77.37178802,25.32022095],[77.33641815,25.3255806],[77.36134338,25.41296005],[77.28298187,25.42358971],[77.22026062,25.37342834],[77.20514679,25.31142998],[77.07546997,25.33969116],[76.94182587,25.27536011],[76.89322662,25.32240105],[76.77009583,25.31219101],[76.76673126,25.33623123],[76.60254669,25.38898087],[76.56427765,25.44240189],[76.48239136,25.71813011],[76.53061676,25.73397064],[76.52931213,25.79797173],[76.59272766,25.8741684],[76.62660217,25.87087059],[76.64612579,25.90885162],[76.73332977,25.90254974],[76.80631256,25.95297813],[76.88777924,26.09332275],[77.09168243,26.19087982],[77.12403107,26.23795128],[77.20310974,26.23740005],[77.33467102,26.35723114],[77.43242645,26.36499977],[77.42771912,26.40690994],[77.52288055,26.41491127],[77.66768646,26.50831032],[77.71398163,26.50424957],[77.74434662,26.54524994],[77.81299591,26.55480957],[77.82041168,26.59983826],[77.8793869,26.62029076],[77.89457703,26.66221046],[77.99221802,26.70264053],[78.08573914,26.68305016],[78.09983063,26.79700851],[78.17611694,26.79149246],[78.16094971,26.82703972],[78.20979309,26.83609009],[78.19113922,26.88861084],[78.22657013,26.88262939],[78.26223755,26.92351151],[78.21589661,26.95395088],[78.11134338,26.95323181],[78.10147095,26.90498924],[78.04223633,26.91542053],[78.02202606,26.86087036],[78.00666046,26.9106617],[77.94197083,26.89978981],[77.89994049,26.9245491],[77.8901062,26.88945961],[77.75337982,26.93773842],[77.7158432,26.88133049],[77.60450745,26.83280182],[77.52069092,26.82200813],[77.49797821,26.84794998],[77.49334717,26.76699066],[77.44831085,26.74674988],[77.42247009,26.86701965],[77.73634338,26.98822021],[77.75501251,27.02276039],[77.70358276,27.0003109],[77.67331696,27.05155945],[77.62740326,27.01550102],[77.55739594,27.03689957],[77.56568146,27.07801056],[77.52136993,27.0672226],[77.49841309,27.09519005],[77.59078217,27.12308121],[77.6051178,27.16847992],[77.67299652,27.20036125],[77.59166718,27.30055809],[77.61411285,27.34338951],[77.57454681,27.32673073],[77.4318924,27.39915848],[77.42959595,27.46204948],[77.33513641,27.53002167],[77.35011292,27.59340096],[77.31121063,27.61169052],[77.33654785,27.69618034],[77.29760742,27.71868134],[77.30414581,27.78800964],[77.27577972,27.80654907],[77.23174286,27.78580093],[77.19384766,27.82193947],[77.16870117,27.78490067],[77.18065643,27.80865288],[77.15061951,27.81555939],[77.12652588,27.77646065],[77.03827667,27.82004166],[77.02066803,27.77812004],[77.079216,27.73841095],[76.9935379,27.74170113],[76.97049713,27.65714264],[76.90262604,27.65851974],[76.88092041,27.69936943],[76.91456604,27.70082092],[76.88407898,27.73090935],[76.92664337,27.83422089],[76.91864777,27.99761009],[76.96176147,28.14401054],[76.85048676,28.22666931],[76.80136871,28.21160126],[76.79148865,28.15724182],[76.65122986,28.0967598],[76.66007233,28.0190506],[76.53819275,27.970541],[76.53852081,28.03911972],[76.45372772,28.04966927],[76.49765778,28.0647316],[76.44857025,28.09317017],[76.49780273,28.10662079],[76.47099304,28.15474129],[76.37677002,28.13807106],[76.33590698,28.17734146],[76.27906799,28.17872047],[76.35560608,28.12845039],[76.29740143,28.10104942],[76.354599,28.07420158],[76.34126282,28.0360508],[76.29715729,28.02596092],[76.25109863,28.07092094],[76.17733765,28.05925941],[76.21382904,28.03168106],[76.15386963,27.99253082],[76.22328186,27.84093094],[76.17292023,27.80746078],[76.0880661,27.86844826],[76.04962921,27.84786034],[75.96308136,27.86473083],[75.97738647,27.9092598],[75.92362213,27.93309021],[75.96317291,27.93695068],[75.98690796,27.98463058],[75.95639801,28.00102043],[75.99053955,28.01017189],[75.96998596,28.03094864],[76.03562927,28.07398033],[76.01564789,28.08885193],[75.98455048,28.0507412],[75.98206329,28.08022118],[75.93608856,28.09353065],[76.02774811,28.17272186],[76.09288788,28.15521812],[75.92237854,28.36890984],[75.77031708,28.40761948],[75.77822876,28.45761108],[75.62909698,28.54597092],[75.61804962,28.60220909],[75.55570984,28.6145916],[75.46707916,28.92625046],[75.51110077,29.01082993],[75.43473816,29.01654053],[75.4302597,29.06472015],[75.38065338,29.07032013],[75.39620972,29.12844086],[75.36115265,29.14262009],[75.40065002,29.18890953],[75.39570618,29.26194],[75.31492615,29.23596001],[75.31926727,29.29343987],[75.22345734,29.23495102],[75.17999268,29.26861954],[75.07807922,29.23245049],[75.03991699,29.28714943],[74.95310974,29.28194046],[74.92714691,29.36463928],[74.84113312,29.4040699],[74.75663757,29.35596085],[74.650177,29.37236977],[74.64182281,29.33119965],[74.59577942,29.32831192],[74.52910614,29.44953918],[74.57891083,29.45862007],[74.61440277,29.52711105],[74.56653595,29.56349945],[74.60540009,29.7528801],[74.47200012,29.74403],[74.46526337,29.78754997],[74.55356598,29.86564064],[74.50502777,29.90776062],[74.51906586,29.94334984],[73.89118195,29.97006989],[73.89480591,30.0468502],[73.96665192,30.12118912],[73.96631622,30.19504929],[73.78721619,30.06640053],[73.39137268,29.93787003],[73.27131653,29.55696106],[72.94171906,29.0272007],[72.38469696,28.76394081],[72.30195618,28.6648159],[72.18442535,28.35800552],[71.93325806,28.12685966],[71.89737701,27.95742035],[71.65828705,27.86893082],[71.27295685,27.84192848],[70.88417053,27.6984005],[70.75766754,27.71720886],[70.67841339,27.8390522],[70.67210388,27.91431808],[70.5626297,28.01980209],[70.36616516,28.00824928],[70.1569519,27.83404922],[70.01626587,27.55599594],[69.578125,27.1654892],[69.51320648,27.01686859],[69.48373413,26.80623055],[69.50765228,26.74845123],[69.81536102,26.59215736],[70.06619263,26.59929085],[70.16773987,26.5507431],[70.17266846,26.24507713],[70.08257294,26.07385826],[70.09607697,25.94431686],[70.27961731,25.70125961],[70.3996582,25.66379929],[70.66596222,25.69722939],[70.67417145,25.38932037],[70.89431,25.14405823],[70.94548798,24.9345417],[71.10713959,24.68065071],[71.29773712,24.60764122],[71.35103607,24.65321922],[71.38305664,24.62168121],[71.4883194,24.67385101],[71.61659241,24.670681],[71.66156006,24.63326073],[71.79898834,24.67052078],[71.81176758,24.62182045],[71.85839081,24.60416985],[71.87647247,24.67515945],[71.94419098,24.62677956],[72.05249023,24.70578957],[72.08525085,24.69700813],[72.0848999,24.65275192],[72.16539764,24.61450005],[72.35378265,24.61810112],[72.3259964,24.58686066],[72.25099945,24.58016014],[72.29512024,24.5384407],[72.35793304,24.55251122],[72.38632202,24.50051117],[72.44248962,24.50424957],[72.4646759,24.40711975],[72.50771332,24.40993118],[72.50055695,24.45029068],[72.54457855,24.5068512],[72.69725037,24.45721054],[72.73253632,24.3612709],[72.86811829,24.36581039],[72.92391205,24.32632256],[72.99146271,24.36397171],[72.96327972,24.38373947],[73.00034332,24.47063065],[73.09438324,24.49472809],[73.08496094,24.39447021],[73.16996765,24.35066986],[73.23147583,24.36466026],[73.18062592,24.30149078],[73.1449585,24.30785751],[73.08268738,24.18498039],[73.11416626,24.13858986],[73.22381592,24.09822083],[73.19893646,24.05146027],[73.24582672,24.01070976],[73.37346649,24.1281395],[73.42468262,23.93106079],[73.36207581,23.86186981],[73.36264801,23.78742981],[73.42048645,23.77933121],[73.50853729,23.70333099],[73.51348877,23.61681175],[73.57727051,23.65536118],[73.66073608,23.62290192],[73.63275146,23.45239258],[73.704216,23.45578194],[73.72614288,23.41266251],[73.7647171,23.45857811],[73.7830658,23.43461037],[73.83213043,23.44675064],[73.89427185,23.33713913],[73.97103119,23.37713814],[74.04447174,23.29609108],[74.13378143,23.26945114],[74.12702179,23.17885017],[74.18299103,23.15221977],[74.20754242,23.19205093],[74.24603271,23.18825912],[74.32277679,23.06269073]]]},"properties":{"GID_0":"IND","NAME_0":"India","GID_1":"IND.29_1","NAME_1":"Rajasthan","VARNAME_1":"Greater Rajasthan|Rajputana","NL_NAME_1":"","TYPE_1":"State","ENGTYPE_1":"State","CC_1":"","HASC_1":"IN.RJ"}},
{"type":"Feature","geometry":{"type":"Polygon","coordinates":[[[88.74694061,27.14536476],[88.8032074,27.2479744],[88.91441345,27.29006958],[88.91945648,27.32769966],[88.80932617,27.40518951],[88.76706696,27.56496048],[88.84661102,27.66889954],[88.85426331,27.8165226],[88.88574219,27.86133766],[88.83625031,27.93200111],[88.832901,28.01153946],[88.75108337,28.07331276],[88.66677094,28.07407951],[88.62123871,28.13096809],[88.53894806,28.03889084],[88.48311615,28.04558754],[88.38980103,27.97808075],[88.123909,27.9509201],[88.12998199,27.8815155],[88.19891357,27.85351563],[88.17572021,27.82021523],[88.19992065,27.79052925],[88.04633331,27.49576569],[88.08261871,27.42641449],[88.04941559,27.40521622],[88.06921387,27.33558083],[88.01696777,27.21887207],[88.07495117,27.20084],[88.08584595,27.14151001],[88.1366272,27.11687851],[88.30449677,27.12860107],[88.4319458,27.08160973],[88.55899048,27.18875122],[88.6914978,27.17869949],[88.74694061,27.14536476]]]},"properties":{"GID_0":"IND","NAME_0":"India","GID_1":"IND.30_1","NAME_1":"Sikkim","VARNAME_1":"","NL_NAME_1":"","TYPE_1":"State","ENGTYPE_1":"State","CC_1":"","HASC_1":"IN.SK"}},
{"type":"Feature","geometry":{"type":"MultiPolygon","coordinates":[[[[79.37374878,9.21958447],[79.31874847,9.27264023],[79.31458282,9.32791996],[79.20513916,9.28042126],[79.2159729,9.25263977],[79.29875946,9.24680996],[79.43985748,9.15819454],[79.37374878,9.21958447]]],[[[80.26875305,13.56245422],[80.26431274,13.56014061],[80.31485748,13.43347073],[80.26875305,13.56245422]]],[[[77.09069824,8.29747009],[77.31597137,8.12097168],[77.55097198,8.07652569],[77.57569122,8.13569546],[77.74624634,8.17708206],[77.80403137,8.24819565],[78.06708527,8.37069511],[78.0654068,8.42042065],[78.13041687,8.4970789],[78.13874817,8.58875084],[78.12735748,8.6384716],[78.10180664,8.59236145],[78.13597107,8.59208107],[78.0965271,8.58125019],[78.1048584,8.65153027],[78.12763977,8.65042019],[78.17069244,8.74514103],[78.23013306,8.74875069],[78.19847107,8.78903198],[78.15736389,8.77152824],[78.16874695,8.88208199],[78.26097107,9.01875114],[78.48874664,9.1501379],[78.48401642,9.1279192],[78.57818604,9.13125134],[78.65735626,9.15764141],[78.65791321,9.19236183],[78.71847534,9.19013977],[78.83235931,9.24319553],[78.8326416,9.26876068],[78.83486176,9.24514198],[79.1904068,9.28153133],[79.06458282,9.29986191],[78.93930817,9.40625191],[78.8981781,9.48014069],[78.93457794,9.60764122],[79.15513611,9.93236065],[79.2673645,10.03791618],[79.22902679,10.14431095],[79.29486084,10.26069546],[79.38569641,10.31680965],[79.51236725,10.30903053],[79.45597076,10.34208298],[79.5256958,10.31847095],[79.54514313,10.34792042],[79.58875275,10.33263779],[79.5265274,10.30541611],[79.73902893,10.27735996],[79.55124664,10.31235886],[79.61347198,10.31736088],[79.62985992,10.36319542],[79.63652802,10.31819057],[79.7104187,10.32515144],[79.73014069,10.31097126],[79.76125336,10.31319523],[79.7784729,10.30236244],[79.75708008,10.31208324],[79.7848587,10.28069496],[79.74291992,10.2751379],[79.83569336,10.27541637],[79.87930298,10.29652786],[79.85124969,10.81377125],[79.81333923,10.81408119],[79.78956604,10.8617506],[79.80898285,10.86744022],[79.74302673,10.8819418],[79.70287323,10.94562054],[79.7455368,10.9433403],[79.73721313,10.98910046],[79.85457611,10.97602177],[79.84764099,11.24292088],[79.80458069,11.23625183],[79.84654236,11.24403],[79.83790588,11.35681057],[79.81069183,11.37097073],[79.75708008,11.56375027],[79.80041504,11.8083992],[79.78176117,11.840271],[79.75213623,11.82445145],[79.74980927,11.8605299],[79.72776031,11.83233929],[79.69573212,11.87337971],[79.65907288,11.86566925],[79.68286133,11.90470886],[79.69153595,11.8784008],[79.72489929,11.89151001],[79.67819977,11.93653202],[79.6990509,11.97205925],[79.64434052,11.99267197],[79.679039,12.01926041],[79.70584869,11.97737026],[79.74964905,11.98613071],[79.71570587,11.9674511],[79.73690033,11.9071703],[79.79972839,11.96428967],[79.83763885,11.94054985],[80.00708008,12.25458336],[79.94458008,12.22014141],[80.00930786,12.25652695],[80.06318665,12.35125065],[80.01374817,12.32264137],[80.01708221,12.34041977],[80.05819702,12.36736202],[80.06402588,12.34986019],[80.05069733,12.3259697],[80.15598297,12.46681023],[80.18458557,12.57458305],[80.16485596,12.60374928],[80.18541718,12.57763863],[80.25402832,12.7790308],[80.23264313,12.84625053],[80.24791718,12.80515194],[80.26680756,13.01319408],[80.33374786,13.23513985],[80.30625153,13.2151413],[80.34485626,13.27319145],[80.32569122,13.44375038],[80.3290329,13.36653042],[80.31625366,13.42847347],[80.26847076,13.41736221],[80.26209259,13.47292042],[80.11819458,13.5084734],[80.06944275,13.53759098],[79.98967743,13.5267601],[80.03604126,13.4844799],[79.96186066,13.45127964],[79.92550659,13.33594036],[79.77980042,13.28207016],[79.75405884,13.30278969],[79.72129059,13.27223969],[79.78489685,13.22348022],[79.74437714,13.194911],[79.72283173,13.22185135],[79.68875122,13.20740986],[79.66853333,13.28193092],[79.58026123,13.24537086],[79.53578186,13.31107044],[79.42887878,13.32356167],[79.37460327,13.30303955],[79.42502594,13.2813406],[79.4108429,13.21216202],[79.44550323,13.21677113],[79.42378998,13.1874609],[79.34777069,13.16301918],[79.35457611,13.12977123],[79.30793762,13.09691143],[79.26741028,13.14120102],[79.21832275,13.13555145],[79.15270233,13.00729275],[79.06906891,13.01415062],[78.97959137,13.07651043],[78.91438293,13.06776142],[78.89346313,13.03509235],[78.92463684,13.01864147],[78.88191986,13.01976204],[78.8760376,13.08615971],[78.70244598,13.05615139],[78.6937561,13.00439167],[78.65110779,13.01793194],[78.61366272,12.97889042],[78.64671326,12.9190197],[78.54554749,12.74391079],[78.54767609,12.68559074],[78.48435211,12.73478127],[78.5098114,12.69878006],[78.45765686,12.66224957],[78.45478058,12.61201954],[78.36833954,12.61184025],[78.26442719,12.69184017],[78.18984985,12.6813097],[78.22722626,12.71517181],[78.22064972,12.75259018],[78.1206665,12.7700119],[78.04673004,12.84237003],[78.0149231,12.84592056],[78.0014801,12.79543972],[77.94555664,12.8493309],[77.92479706,12.8137207],[77.9177475,12.87837124],[77.78488159,12.83380985],[77.79949188,12.78685856],[77.73140717,12.66397953],[77.59033966,12.65754128],[77.5700531,12.5579319],[77.57850647,12.50701141],[77.60636902,12.49979115],[77.57536316,12.46837997],[77.62520599,12.47726154],[77.62008667,12.40847969],[77.54270935,12.28371143],[77.4701767,12.26187038],[77.46566772,12.20226097],[77.71951294,12.17152023],[77.76844788,12.10559177],[77.664711,11.93970013],[77.48439789,11.93239975],[77.41925049,11.75067139],[77.24173737,11.80245972],[77.10282898,11.7631197],[77.10929871,11.71280098],[77.00443268,11.80301952],[76.95960236,11.76519966],[76.89968872,11.78327179],[76.82847595,11.64410973],[76.83728027,11.57448006],[76.74626923,11.61054134],[76.56006622,11.61012077],[76.50421143,11.69804096],[76.42346191,11.65932083],[76.42479706,11.62329006],[76.38006592,11.62241936],[76.35011292,11.58274174],[76.29789734,11.56433105],[76.27097321,11.59290886],[76.22574615,11.56443977],[76.24009705,11.45964146],[76.27806091,11.47453117],[76.41039276,11.43359089],[76.44838715,11.38141918],[76.53820038,11.35159016],[76.54016876,11.29234791],[76.44638824,11.23046112],[76.45272064,11.18021011],[76.48764801,11.20279026],[76.62303925,11.18567085],[76.69696808,11.23133087],[76.72557831,11.20889091],[76.69117737,11.14451027],[76.73871613,11.12129021],[76.73709869,11.04751015],[76.79247284,11.0423727],[76.70652008,11.03135109],[76.64916229,10.92415237],[76.81755829,10.86180115],[76.89750671,10.77079964],[76.8555069,10.67527199],[76.87261963,10.62943172],[76.80499268,10.62634087],[76.82972717,10.58506203],[76.81967163,10.2952404],[76.97078705,10.20865059],[77.16295624,10.34628105],[77.22216034,10.34030056],[77.24652863,10.22060966],[77.28044891,10.20725155],[77.25978088,10.11908054],[77.18814087,10.09565163],[77.2614212,9.96372128],[77.20443726,9.89431953],[77.2339859,9.78851986],[77.15187073,9.60601997],[77.25501251,9.564991],[77.30430603,9.59304142],[77.32478333,9.5632],[77.34089661,9.59505081],[77.35054779,9.52629185],[77.3962326,9.49654198],[77.26682281,9.2908802],[77.25177765,9.14304066],[77.18208313,9.03650093],[77.13217926,9.01185036],[77.24150085,8.86478233],[77.2146759,8.77576065],[77.15531921,8.73756027],[77.26515961,8.53744984],[77.24754333,8.50137997],[77.18649292,8.49337101],[77.20951843,8.43771935],[77.13481903,8.37852955],[77.15965271,8.31250095],[77.09069824,8.29747009]]]]},"properties":{"GID_0":"IND","NAME_0":"India","GID_1":"IND.31_1","NAME_1":"Tamil Nadu","VARNAME_1":"Madras|Tamilnad","NL_NAME_1":"","TYPE_1":"State","ENGTYPE_1":"State","CC_1":"","HASC_1":"IN.TN"}},
{"type":"Feature","geometry":{"type":"Polygon","coordinates":[[[77.50945282,15.92086029],[77.79918671,15.86532021],[77.88768005,15.89592171],[78.0018692,15.85923004],[78.03629303,15.90209103],[78.0636673,15.84456158],[78.10958099,15.82718086],[78.23796844,15.9290514],[78.25666809,16.03129959],[78.31620789,16.02915192],[78.40566254,16.08094978],[78.55912781,16.05637169],[78.61701202,16.09890938],[78.71366882,16.02666092],[78.7750473,16.02360916],[78.83650208,16.08737755],[78.83783722,16.15673828],[78.91047668,16.1052227],[78.92549896,16.20233917],[79.03093719,16.2457428],[79.17658234,16.21713066],[79.21868896,16.23964119],[79.22527313,16.50822067],[79.26611328,16.56147003],[79.42658997,16.58252144],[79.77490234,16.7295208],[79.81025696,16.69049072],[79.86183929,16.69822121],[79.90207672,16.63784981],[79.95815277,16.64204979],[80.06967163,16.81360817],[79.99167633,16.86325073],[80.009552,16.90726089],[80.04588318,16.96529961],[80.13385773,16.98535919],[80.18212891,17.04494095],[80.2012558,17.01313972],[80.26217651,17.01062965],[80.37293243,16.81110001],[80.39971161,16.84973907],[80.45639801,16.79002953],[80.56281281,16.76283073],[80.60410309,16.78775978],[80.55458069,16.82478905],[80.58419037,16.92651939],[80.49130249,16.94818115],[80.48781586,16.91744041],[80.35824585,16.97063065],[80.38871765,17.01406097],[80.36699677,17.05656815],[80.3950882,17.07756805],[80.44624329,17.01702118],[80.49611664,17.10786057],[80.56017303,17.1380291],[80.65664673,17.08776283],[80.63960266,17.05512047],[80.7257309,17.06460953],[80.83246613,17.02571106],[80.87030792,17.14630127],[80.91330719,17.14595032],[80.90534973,17.20129013],[80.99125671,17.17970276],[81.16278839,17.23258018],[81.18154144,17.32222939],[81.26716614,17.31999969],[81.3246994,17.3906498],[81.41564941,17.36162949],[81.49341583,17.44882011],[81.52371979,17.56970978],[81.50292969,17.58987999],[81.57662201,17.72609138],[81.78235626,17.83195114],[81.75829315,17.89336014],[81.70317078,17.86112976],[81.66306305,17.87693024],[81.61115265,17.81536293],[81.38497162,17.80659294],[81.25403595,17.81212997],[81.15956879,17.85263062],[81.07360077,17.78629112],[81.03244781,17.78973007],[80.94399261,18.08102036],[80.97367859,18.16814995],[80.8620224,18.13266945],[80.86749268,18.20725822],[80.82958984,18.23411942],[80.79792786,18.16629982],[80.73455811,18.17171288],[80.73326874,18.21879005],[80.78827667,18.24978065],[80.74462128,18.30218124],[80.72653961,18.40899086],[80.48838806,18.62672043],[80.33879089,18.58820915],[80.26753998,18.71796989],[80.18895721,18.67558098],[80.15808105,18.69594002],[80.11081696,18.67618942],[79.89401245,18.83083916],[79.93900299,18.85889244],[79.93448639,19.02169991],[79.91610718,19.04735947],[79.85958862,19.03462982],[79.85804749,19.10411072],[79.94320679,19.17060089],[79.92016602,19.22640991],[79.97305298,19.40102005],[79.94020844,19.46450996],[79.78542328,19.59358978],[79.6397171,19.57500076],[79.59805298,19.50377083],[79.54265594,19.54852295],[79.47042084,19.49745178],[79.36902618,19.57123184],[79.31426239,19.56552124],[79.24386597,19.61255264],[79.22293854,19.4677906],[79.17778778,19.46069145],[79.10286713,19.52795029],[78.9545517,19.55183029],[78.98052979,19.5850811],[78.96895599,19.64923286],[78.8588028,19.65631104],[78.84562683,19.75835037],[78.71644592,19.76679993],[78.60365295,19.81750107],[78.52626801,19.82165909],[78.49391937,19.79314995],[78.3976593,19.83640289],[78.38414764,19.87922287],[78.33625031,19.88319016],[78.31951141,19.91546822],[78.29412842,19.84955025],[78.33899689,19.83917999],[78.36773682,19.78108025],[78.34527588,19.71356964],[78.26972198,19.66312981],[78.31098938,19.60417938],[78.27910614,19.55820084],[78.3088913,19.45640945],[78.18216705,19.41176987],[78.19715118,19.33172989],[78.1700592,19.23633003],[78.0511322,19.24176025],[77.9489212,19.34127998],[77.86087799,19.30212975],[77.90570831,19.26721954],[77.86738586,19.25526047],[77.84654999,19.19697952],[77.8481369,19.09008026],[77.80265045,19.10196114],[77.79718018,19.05130959],[77.76168823,19.06204033],[77.75739288,19.0285511],[77.76735687,18.98142052],[77.85372925,18.95227814],[77.84049988,18.91130066],[77.88157654,18.90853119],[77.94255066,18.82229042],[77.83746338,18.80746078],[77.78643799,18.68412018],[77.75762939,18.70709038],[77.73285675,18.6760006],[77.73651123,18.55480957],[77.65756989,18.5272007],[77.64881134,18.55261993],[77.59726715,18.54754066],[77.60106659,18.47421074],[77.54619598,18.46338272],[77.58521271,18.44544983],[77.52593994,18.427351],[77.5552063,18.4178524],[77.51950073,18.3492527],[77.56691742,18.3179493],[77.54995728,18.29134941],[77.60301971,18.27799988],[77.56430817,18.20055008],[77.60056305,18.09939957],[77.54574585,18.05376053],[77.65339661,17.96935272],[77.62374115,17.95775032],[77.61657715,17.90286827],[77.58516693,17.90822983],[77.59668732,17.87045097],[77.51087952,17.80144119],[77.56202698,17.74711037],[77.4503479,17.69129944],[77.43992615,17.58147049],[77.50161743,17.5408802],[77.52742004,17.57322121],[77.54839325,17.54945946],[77.58982849,17.5627594],[77.59172821,17.53268051],[77.68562317,17.50564957],[77.68401337,17.4728508],[77.65276337,17.50325012],[77.61061096,17.44423294],[77.51014709,17.42725945],[77.52802277,17.37211037],[77.45159912,17.37049103],[77.434021,17.28825951],[77.45450592,17.27589035],[77.38035583,17.21977043],[77.39881134,17.20877838],[77.35999298,17.16162109],[77.46263885,17.10407066],[77.49938965,17.0073204],[77.45339966,16.90903282],[77.471138,16.77913094],[77.43753815,16.78321075],[77.42341614,16.71453094],[77.46679688,16.71194077],[77.46504211,16.67828178],[77.41657257,16.66281128],[77.43293762,16.63763809],[77.46939087,16.64691162],[77.46417236,16.58420944],[77.39144135,16.56520081],[77.41532135,16.5178299],[77.36628723,16.48410988],[77.23517609,16.46808052],[77.34294891,16.37972069],[77.49449158,16.37578964],[77.59160614,16.33751106],[77.59030151,16.28685188],[77.48755646,16.24982071],[77.51116943,16.21718979],[77.48362732,16.15855026],[77.50945282,15.92086029]]]},"properties":{"GID_0":"IND","NAME_0":"India","GID_1":"IND.32_1","NAME_1":"Telangana","VARNAME_1":"","NL_NAME_1":"","TYPE_1":"State","ENGTYPE_1":"State","CC_1":"","HASC_1":"IN.TG"}},
{"type":"Feature","geometry":{"type":"Polygon","coordinates":[[[91.41801453,23.25741768],[91.45393372,23.25640106],[91.45050049,23.21959877],[91.50735474,23.18334389],[91.49088287,23.15776253],[91.54244995,22.99965286],[91.61902618,22.93848991],[91.64532471,22.9851265],[91.72559357,22.98927689],[91.78509521,23.03167725],[91.77445984,23.06971741],[91.83569336,23.09303856],[91.7907486,23.22552681],[91.77484894,23.27806091],[91.84104156,23.39985466],[91.89964294,23.44072151],[91.94273376,23.43524742],[91.97518921,23.48241043],[91.94230652,23.68180847],[91.96211243,23.72770119],[92.00842285,23.66373062],[92.06335449,23.64511108],[92.14855957,23.73570633],[92.20281219,23.70591927],[92.21643829,23.65211105],[92.24681854,23.72266006],[92.27965546,23.71568108],[92.25939941,23.814991],[92.28681183,23.81676102],[92.2765274,23.8528862],[92.3203125,23.86590576],[92.33114624,23.91180229],[92.31144714,23.96058273],[92.33691406,24.14691162],[92.29668427,24.25174141],[92.21289063,24.24932861],[92.27308655,24.38845062],[92.21572876,24.50774193],[92.15968323,24.52943993],[92.16622162,24.42207336],[92.09368896,24.37432861],[92.03777313,24.37796402],[91.96741486,24.38155937],[91.99585724,24.32217979],[91.95666504,24.35681725],[91.91992188,24.3375206],[91.94074249,24.26823807],[91.90570068,24.13881493],[91.84797668,24.1849556],[91.84747314,24.22827148],[91.81077576,24.21705437],[91.74507141,24.24641228],[91.75951385,24.14196014],[91.69210815,24.15980148],[91.66508484,24.23365211],[91.63946533,24.10864067],[91.58841705,24.07723045],[91.37453461,24.10789871],[91.3795929,23.97915649],[91.28367615,23.9831028],[91.2753067,23.9264183],[91.23295593,23.92709541],[91.25404358,23.83812904],[91.22629547,23.75126266],[91.1570282,23.74215317],[91.15418243,23.6885376],[91.20846558,23.68657303],[91.19935608,23.64674187],[91.15625763,23.67084503],[91.16243744,23.59519577],[91.24925995,23.49031258],[91.29099274,23.35079002],[91.32002258,23.36023712],[91.28979492,23.31865883],[91.32654572,23.25243759],[91.32331848,23.15822029],[91.36972046,23.07052231],[91.41246796,23.05408287],[91.37986755,23.18461227],[91.40883636,23.28532219],[91.41801453,23.25741768]]]},"properties":{"GID_0":"IND","NAME_0":"India","GID_1":"IND.33_1","NAME_1":"Tripura","VARNAME_1":"","NL_NAME_1":"","TYPE_1":"State","ENGTYPE_1":"State","CC_1":"","HASC_1":"IN.TR"}},
{"type":"Feature","geometry":{"type":"Polygon","coordinates":[[[77.27577972,27.80654907],[77.30414581,27.78800964],[77.29760742,27.71868134],[77.33654785,27.69618034],[77.31121063,27.61169052],[77.35011292,27.59340096],[77.33513641,27.53002167],[77.42959595,27.46204948],[77.4318924,27.39915848],[77.57454681,27.32673073],[77.61411285,27.34338951],[77.59166718,27.30055809],[77.67299652,27.20036125],[77.6051178,27.16847992],[77.59078217,27.12308121],[77.49841309,27.09519005],[77.52136993,27.0672226],[77.56568146,27.07801056],[77.55739594,27.03689957],[77.62740326,27.01550102],[77.67331696,27.05155945],[77.70358276,27.0003109],[77.75501251,27.02276039],[77.73634338,26.98822021],[77.42247009,26.86701965],[77.44831085,26.74674988],[77.49334717,26.76699066],[77.49797821,26.84794998],[77.52069092,26.82200813],[77.60450745,26.83280182],[77.7158432,26.88133049],[77.75337982,26.93773842],[77.8901062,26.88945961],[77.89994049,26.9245491],[77.94197083,26.89978981],[78.00666046,26.9106617],[78.02202606,26.86087036],[78.04223633,26.91542053],[78.10147095,26.90498924],[78.11134338,26.95323181],[78.21589661,26.95395088],[78.26223755,26.92351151],[78.22657013,26.88262939],[78.19113922,26.88861084],[78.20979309,26.83609009],[78.26088715,26.82094955],[78.28206635,26.86408806],[78.35135651,26.87437057],[78.38973999,26.82489967],[78.4258728,26.83231926],[78.5658493,26.75769043],[78.71534729,26.80021286],[78.81138611,26.7654705],[78.8649292,26.70466995],[78.94814301,26.6967411],[78.93791199,26.66269112],[78.99317932,26.68457031],[79.00566101,26.61046982],[78.97962189,26.57407951],[79.06093597,26.50329971],[79.04846191,26.45605087],[79.12676239,26.44481087],[79.07679749,26.36269188],[79.13374329,26.3449707],[79.08357239,26.27240944],[79.03703308,26.26699066],[79.05705261,26.23289108],[78.97737885,26.19549942],[79.00071716,26.15497971],[78.94267273,26.13914108],[79.00315094,26.08179283],[78.94432831,26.03695107],[78.92952728,25.94935989],[78.87638092,25.91566086],[78.8826828,25.87026978],[78.84662628,25.86050034],[78.86192322,25.79919815],[78.81124878,25.83012009],[78.82050323,25.79940033],[78.74681854,25.74909019],[78.8113327,25.67448044],[78.80519104,25.6245575],[78.64862061,25.5656395],[78.60862732,25.58908081],[78.58119202,25.56430817],[78.42933655,25.56385994],[78.42072296,25.47761917],[78.34758759,25.45483971],[78.29551697,25.37479973],[78.3312912,25.33671951],[78.30802917,25.31098938],[78.39775848,25.21775055],[78.38536072,25.19515991],[78.44645691,25.16902161],[78.41829681,25.1534996],[78.44291687,25.12877083],[78.32776642,25.08876991],[78.32753754,24.9995594],[78.1638031,24.85709953],[78.26847839,24.66710091],[78.25888824,24.55818939],[78.21971893,24.52277946],[78.26687622,24.44737053],[78.36094666,24.38578987],[78.3259964,24.32961845],[78.37963867,24.27556038],[78.43477631,24.29766083],[78.50537109,24.39394951],[78.57843781,24.35708046],[78.66912079,24.24501991],[78.76027679,24.25848961],[78.79168701,24.18024063],[78.87886047,24.22305107],[78.96687317,24.35366058],[78.98438263,24.44136047],[78.90859222,24.46677017],[78.91381073,24.50084114],[78.96639252,24.49694824],[78.8817215,24.63969994],[78.74946594,24.60498047],[78.78054047,24.81497192],[78.76448059,24.86136818],[78.668396,24.90239906],[78.62204742,24.96490097],[78.64192963,25.06149101],[78.59716797,25.09787178],[78.56858063,25.25860977],[78.49668121,25.29385948],[78.4540329,25.27060127],[78.42736053,25.28867149],[78.49217224,25.32382965],[78.52507782,25.30653],[78.52514648,25.36301231],[78.57621765,25.35193062],[78.56112671,25.39569283],[78.62858582,25.40646172],[78.65271759,25.44400024],[78.70140076,25.42885971],[78.65651703,25.42012978],[78.65789032,25.38797951],[78.76438141,25.35840034],[78.74314117,25.41270065],[78.81291199,25.43042755],[78.75506592,25.43385124],[78.73175049,25.50065041],[78.82985687,25.46569061],[78.83426666,25.43246078],[78.8571701,25.4671402],[78.82832336,25.50998116],[78.87600708,25.5243206],[78.87435913,25.55701256],[78.93074036,25.55972099],[78.93563843,25.48002052],[78.90322876,25.44693756],[78.96012878,25.43889046],[78.978508,25.3760128],[78.92862701,25.35180092],[78.89245605,25.37529755],[78.94935608,25.40015984],[78.87474823,25.38765907],[78.7832489,25.29761124],[78.81167603,25.29984093],[78.8417511,25.22916031],[78.87651825,25.34445953],[78.95285797,25.34987068],[78.970047,25.28520966],[78.87587738,25.25576973],[78.87184143,25.16600037],[78.94834137,25.22018051],[78.99581146,25.19593811],[78.97116852,25.24492073],[79.00496674,25.27696991],[79.05644226,25.22570992],[79.02176666,25.14319038],[79.08429718,25.19252968],[79.12917328,25.11076927],[79.17930603,25.11769295],[79.1848526,25.15113258],[79.23838043,25.11636925],[79.21391296,25.14838028],[79.23583984,25.16096115],[79.2600708,25.12210083],[79.30322266,25.13332939],[79.27359772,25.24811935],[79.34696198,25.21424103],[79.34008789,25.27276039],[79.25945282,25.27144051],[79.29473114,25.3402195],[79.34588623,25.33304024],[79.35296631,25.26538086],[79.36741638,25.29432106],[79.41530609,25.25922012],[79.45741272,25.2838707],[79.49040222,25.2703495],[79.45919037,25.26945114],[79.44270325,25.21256065],[79.38387299,25.17028046],[79.39914703,25.11346054],[79.41512299,25.13909912],[79.43106842,25.10750961],[79.46837616,25.13445091],[79.46053314,25.09633064],[79.48987579,25.08275032],[79.56552124,25.17755127],[79.5978775,25.13143158],[79.74563599,25.14388275],[79.855896,25.09850121],[79.84713745,25.24020004],[79.99672699,25.26865005],[80.02073669,25.34316063],[80.12329865,25.3384304],[80.19391632,25.41623116],[80.24518585,25.40489006],[80.255867,25.42871094],[80.31075287,25.38731766],[80.30404663,25.28889275],[80.39906311,25.24296951],[80.42369843,25.17414284],[80.35128784,25.14490128],[80.27849579,25.02164841],[80.38218689,25.00974083],[80.3657608,25.05776024],[80.44071198,25.0820694],[80.49420929,25.04532051],[80.47612762,25.10225105],[80.60678101,25.07217979],[80.58777618,25.10910034],[80.59458923,25.15524101],[80.63239288,25.12328148],[80.60135651,25.10440826],[80.65629578,25.07444191],[80.67926025,25.08181953],[80.67356873,25.05417061],[80.77593994,25.06169128],[80.69963837,25.13714981],[80.79957581,25.14641762],[80.82769775,25.1103096],[80.83628082,25.19268036],[80.8780365,25.19560051],[80.90492249,25.16031075],[80.82668304,25.03919029],[80.84818268,24.99814034],[80.78999329,24.97178268],[80.80220032,24.94445992],[80.9000473,24.93958092],[80.93682098,24.97249985],[80.95523071,24.92571068],[81.07641602,24.95226097],[81.13244629,24.89207077],[81.16143036,24.95851135],[81.21260834,24.93452072],[81.2016983,24.99572945],[81.26158905,25.06846046],[81.26911926,25.16773987],[81.30638885,25.16599274],[81.31466675,25.11629105],[81.32995605,25.17249107],[81.39122009,25.1231308],[81.43022156,25.13363075],[81.43833923,25.11044121],[81.40084839,25.10777092],[81.4837265,25.07493973],[81.50757599,25.10680962],[81.47175598,25.13499069],[81.53000641,25.16333961],[81.50778961,25.18497086],[81.57718658,25.19129944],[81.61898804,25.1596508],[81.60122681,25.10021019],[81.61675262,25.12261963],[81.63195038,25.10326958],[81.60434723,25.06074905],[81.65869141,25.07973099],[81.6818924,25.04377174],[81.73239136,25.04870987],[81.78922272,25.01013947],[81.89846802,25.00962067],[81.89644623,24.89250946],[81.95915222,24.83061028],[82.00489044,24.85069084],[82.11219025,24.79226112],[82.19596863,24.82452965],[82.17900848,24.80465126],[82.20947266,24.78149033],[82.17288208,24.73957062],[82.21375275,24.72866058],[82.19948578,24.75206947],[82.24365997,24.77575111],[82.22992706,24.66963959],[82.29641724,24.67001152],[82.29393005,24.61374092],[82.40917206,24.59782982],[82.40159607,24.68379974],[82.43231201,24.70628166],[82.52926636,24.65196037],[82.65792847,24.70039749],[82.6951828,24.64425278],[82.76278687,24.64566994],[82.80076599,24.55268097],[82.71253204,24.5562191],[82.73654938,24.49977112],[82.70716095,24.38517952],[82.76058197,24.37304115],[82.76413727,24.29243088],[82.72036743,24.1389904],[82.67085266,24.15847015],[82.65738678,24.13479805],[82.70839691,24.08076096],[82.76625824,24.07786751],[82.74199677,24.02140045],[82.79727173,24.0051403],[82.8077774,23.96305847],[82.93881989,23.87586975],[83.08660126,23.87817192],[83.18956757,23.92110062],[83.32356262,24.1013298],[83.40188599,24.26600075],[83.37593842,24.31454086],[83.45139313,24.36474991],[83.40013885,24.40867996],[83.393013,24.50119019],[83.49816895,24.52705956],[83.54141235,24.62618065],[83.49752045,24.65166092],[83.51370239,24.68115044],[83.47984314,24.73783112],[83.38680267,24.78421974],[83.34387207,25.01048279],[83.31817627,25.01732063],[83.34960938,25.19894028],[83.53946686,25.31764984],[83.62238312,25.32952118],[83.69458008,25.39609909],[83.76193237,25.38791084],[83.83837128,25.43688965],[83.81022644,25.46591949],[83.85112,25.47372055],[83.91705322,25.55849075],[84.07650757,25.63753128],[84.09439087,25.72038078],[84.14823151,25.73096085],[84.20291138,25.66963959],[84.28557587,25.66152954],[84.31858826,25.67193985],[84.3312912,25.74457169],[84.38001251,25.74868965],[84.40187836,25.69950104],[84.44877625,25.71449089],[84.48838806,25.67785072],[84.52458954,25.68435097],[84.53586578,25.72649002],[84.55233002,25.68403053],[84.55562592,25.73640823],[84.63059998,25.72834015],[84.60053253,25.76062965],[84.62021637,25.79409027],[84.52697754,25.83432961],[84.52864075,25.87774086],[84.42331696,25.89242172],[84.35138702,25.95934105],[84.29633331,25.94698906],[84.20181274,26.00056076],[84.16622925,25.99150085],[84.16726685,26.02547073],[84.0181427,26.14512062],[84.01152039,26.2406826],[84.07936859,26.22121048],[84.11295319,26.26192093],[84.15934753,26.24590111],[84.1713562,26.37397957],[84.07200623,26.38446999],[84.01098633,26.44845963],[83.90228271,26.45025063],[83.90220642,26.51807976],[83.9625473,26.50860023],[84.04776001,26.54348946],[84.08177948,26.64286041],[84.2722168,26.59936142],[84.41439819,26.62717056],[84.40223694,26.67122269],[84.32566071,26.68425751],[84.29802704,26.7532711],[84.2339859,26.73953056],[84.2410965,26.86243057],[84.20922089,26.87099075],[84.16892242,26.83451843],[84.13165283,26.85569],[84.14083862,26.88758087],[84.05200195,26.89170074],[84.02490234,26.94272041],[84.04081726,27.04467964],[83.9907608,27.06859016],[84.02072144,27.09548187],[83.93942261,27.09299278],[83.97878265,27.20043945],[83.89795685,27.25942993],[83.91668701,27.32533073],[83.8289566,27.32275963],[83.85850525,27.35096169],[83.61673737,27.46942329],[83.39093018,27.47949028],[83.41168976,27.4125061],[83.36121368,27.34301567],[83.30680084,27.33123207],[83.19021606,27.45401573],[83.03611755,27.44871521],[82.93161774,27.50086594],[82.73700714,27.50310135],[82.75788116,27.58661461],[82.70991516,27.72169876],[82.45071411,27.67861557],[82.06965637,27.92339325],[81.97011566,27.92881584],[81.92801666,27.85964584],[81.88684845,27.85715866],[81.70400238,27.98652077],[81.48022461,28.08251572],[81.44570923,28.16213989],[81.37693787,28.17689323],[81.37311554,28.14221573],[81.31978607,28.13341904],[81.32241058,28.19716835],[81.23453522,28.28888512],[81.2124176,28.36051559],[81.03411865,28.39871597],[81.01917267,28.45155907],[80.98088837,28.43431091],[80.98151398,28.45516205],[80.91738892,28.45752335],[80.91030884,28.49753952],[80.79075623,28.52425957],[80.76963043,28.56551743],[80.69192505,28.5870285],[80.66934204,28.64182091],[80.59145355,28.64762497],[80.57041931,28.68780327],[80.50518799,28.66522598],[80.51934052,28.55172348],[80.45281982,28.6288147],[80.36091614,28.63701439],[80.25228882,28.75782204],[80.07238007,28.82974434],[79.96782684,28.71562004],[79.92237854,28.73270988],[79.90129089,28.80212021],[79.8405304,28.80866051],[79.87563324,28.8183403],[79.85404968,28.84428978],[79.78336334,28.80541992],[79.8086319,28.86283112],[79.77446747,28.89183044],[79.66619873,28.84832954],[79.61354828,28.86873055],[79.55092621,28.84589195],[79.53645325,28.89253998],[79.5072403,28.86330032],[79.41121674,28.85588074],[79.40143585,28.93226051],[79.35967255,28.97047997],[79.29892731,28.95311165],[79.2040329,29.02910042],[79.15827942,29.02287865],[79.13080597,29.1293602],[79.02696228,29.17226982],[79.01700592,29.11786079],[78.96232605,29.16681099],[78.90040588,29.15061951],[78.85262299,29.26131058],[78.79988098,29.25785255],[78.71385956,29.31735039],[78.75740814,29.34976006],[78.78884125,29.32928276],[78.80898285,29.38287926],[78.87018585,29.39236259],[78.92292786,29.45618057],[78.7855072,29.47603035],[78.6052475,29.5617981],[78.52735901,29.62436295],[78.48757935,29.7413826],[78.41256714,29.77242088],[78.33174133,29.79618073],[78.23139954,29.70409012],[78.13912201,29.67609978],[78.03688049,29.55262947],[77.98802185,29.54586029],[77.98375702,29.58805084],[77.94728851,29.59043121],[77.97683716,29.61403847],[77.95198059,29.70536995],[77.79251862,29.68192101],[77.70201874,29.8717804],[77.78643799,30.09996986],[77.83853149,30.11227036],[77.93148041,30.24695969],[77.71077728,30.33876038],[77.63421631,30.41087914],[77.56305695,30.40448952],[77.57489014,30.38451958],[77.57035065,30.31122971],[77.42354584,30.16847992],[77.41442871,30.10713005],[77.27040863,30.04833984],[77.11704254,29.77090073],[77.14332581,29.70597076],[77.08490753,29.53359032],[77.13938904,29.44210052],[77.12003326,29.34979057],[77.15394592,29.33547974],[77.12204742,29.1057682],[77.21418762,29.00596046],[77.19013977,28.95566177],[77.22119141,28.90413284],[77.18686676,28.86681938],[77.2173233,28.83527946],[77.1969223,28.79528046],[77.28489685,28.71245956],[77.32348633,28.71587181],[77.33618164,28.60886955],[77.29380035,28.5667305],[77.33773804,28.50897026],[77.47455597,28.41351128],[77.49423981,28.35826111],[77.46375275,28.33801079],[77.49578857,28.30704117],[77.46730042,28.26972008],[77.54120636,28.2477417],[77.51911926,28.20178032],[77.48912048,28.21199036],[77.49211884,28.18510056],[77.54236603,28.1816597],[77.49636841,28.15987015],[77.46887207,28.08601189],[77.53733826,27.95776939],[77.46872711,27.93291092],[77.45848846,27.88529968],[77.41229248,27.89615822],[77.41239166,27.85907173],[77.33933258,27.85959053],[77.27577972,27.80654907]]]},"properties":{"GID_0":"IND","NAME_0":"India","GID_1":"IND.34_1","NAME_1":"Uttar Pradesh","VARNAME_1":"United Provinces","NL_NAME_1":"","TYPE_1":"State","ENGTYPE_1":"State","CC_1":"","HASC_1":"IN.UP"}},
{"type":"Feature","geometry":{"type":"Polygon","coordinates":[[[80.07238007,28.82974434],[80.06014252,28.91631699],[80.13732147,29.00731087],[80.14602661,29.10300064],[80.1860199,29.13731575],[80.23501587,29.11841583],[80.27340698,29.14202309],[80.24991608,29.22061539],[80.2990036,29.20503044],[80.31813812,29.3156395],[80.24481964,29.44450569],[80.30422211,29.45307922],[80.28843689,29.47722054],[80.35132599,29.51894569],[80.34435272,29.55286407],[80.40949249,29.5949192],[80.42192078,29.63911438],[80.36972046,29.75061607],[80.43771362,29.80571556],[80.49720001,29.79746628],[80.60533905,29.95871735],[80.67791748,29.95811462],[80.74939728,30.00662994],[80.76293182,30.04949188],[80.87921906,30.12851524],[80.86457062,30.16889572],[80.91191864,30.2232151],[81.01960754,30.25295258],[80.81128693,30.31998062],[80.58419037,30.48722267],[80.52648926,30.45430946],[80.40055084,30.53116989],[80.21573639,30.57904053],[80.18049622,30.66986084],[80.21977234,30.69725037],[80.22383881,30.76409912],[80.15727234,30.81275177],[80.10314941,30.77967072],[80.04411316,30.84399986],[79.91504669,30.89221954],[79.85492706,30.97891045],[79.74214935,31.00679016],[79.58724213,30.94309044],[79.5311203,30.97410011],[79.50125885,31.0391407],[79.41308594,31.03755188],[79.3818512,31.11835098],[79.28489685,31.17010117],[79.22164154,31.33730125],[79.05677795,31.47225952],[78.98967743,31.36183929],[78.92537689,31.33176041],[78.90688324,31.25918961],[78.99658203,31.11533928],[78.87139893,31.10732079],[78.79503632,31.20503998],[78.64769745,31.19466972],[78.59536743,31.23639107],[78.47010803,31.20375061],[78.35632324,31.29087067],[78.029953,31.18531036],[78.01423645,31.15493965],[77.95475769,31.1787796],[77.88748932,31.15470123],[77.80060577,31.06208038],[77.8171463,30.95356941],[77.76387787,30.97698975],[77.73457336,30.95956993],[77.74559784,30.92230988],[77.79561615,30.92379951],[77.78936768,30.85854912],[77.74452209,30.88119125],[77.74440765,30.82985115],[77.68828583,30.76866913],[77.77905273,30.66377068],[77.78199005,30.61935806],[77.72952271,30.59838295],[77.81064606,30.53318024],[77.56305695,30.40448952],[77.63421631,30.41087914],[77.71077728,30.33876038],[77.93148041,30.24695969],[77.83853149,30.11227036],[77.78643799,30.09996986],[77.70201874,29.8717804],[77.79251862,29.68192101],[77.95198059,29.70536995],[77.97683716,29.61403847],[77.94728851,29.59043121],[77.98375702,29.58805084],[77.98802185,29.54586029],[78.03688049,29.55262947],[78.13912201,29.67609978],[78.23139954,29.70409012],[78.33174133,29.79618073],[78.41256714,29.77242088],[78.48757935,29.7413826],[78.52735901,29.62436295],[78.6052475,29.5617981],[78.7855072,29.47603035],[78.92292786,29.45618057],[78.87018585,29.39236259],[78.80898285,29.38287926],[78.78884125,29.32928276],[78.75740814,29.34976006],[78.71385956,29.31735039],[78.79988098,29.25785255],[78.85262299,29.26131058],[78.90040588,29.15061951],[78.96232605,29.16681099],[79.01700592,29.11786079],[79.02696228,29.17226982],[79.13080597,29.1293602],[79.15827942,29.02287865],[79.2040329,29.02910042],[79.29892731,28.95311165],[79.35967255,28.97047997],[79.40143585,28.93226051],[79.41121674,28.85588074],[79.5072403,28.86330032],[79.53645325,28.89253998],[79.55092621,28.84589195],[79.61354828,28.86873055],[79.66619873,28.84832954],[79.77446747,28.89183044],[79.8086319,28.86283112],[79.78336334,28.80541992],[79.85404968,28.84428978],[79.87563324,28.8183403],[79.8405304,28.80866051],[79.90129089,28.80212021],[79.92237854,28.73270988],[79.96782684,28.71562004],[80.07238007,28.82974434]]]},"properties":{"GID_0":"IND","NAME_0":"India","GID_1":"IND.35_1","NAME_1":"Uttarakhand","VARNAME_1":"Uttarakhand","NL_NAME_1":"","TYPE_1":"State","ENGTYPE_1":"State","CC_1":"","HASC_1":"IN.UT"}},
{"type":"Feature","geometry":{"type":"MultiPolygon","coordinates":[[[[88.83472443,21.6072216],[88.84278107,21.55388832],[88.90361023,21.55583382],[88.83472443,21.6072216]]],[[[88.49771118,21.59975433],[88.48170471,21.55472565],[88.53083038,21.54220963],[88.53388977,21.57806015],[88.49771118,21.59975433]]],[[[88.96576691,21.64153481],[88.96202087,21.64867973],[88.96161652,21.6641922],[88.95520782,21.6770916],[88.94207001,21.64015007],[88.9908371,21.61499977],[88.99138641,21.64356995],[88.98654938,21.64484024],[88.96990204,21.64034081],[88.96576691,21.64153481]]],[[[88.53721619,21.63862038],[88.51000214,21.60222054],[88.55666351,21.60444641],[88.55000305,21.56361008],[88.58750153,21.60194206],[88.53721619,21.63862038]]],[[[88.72885132,21.63708115],[88.70720673,21.59422112],[88.73583221,21.57167244],[88.75718689,21.59897995],[88.72885132,21.63708115]]],[[[88.77194214,21.65306282],[88.72956848,21.6399498],[88.75823975,21.60003853],[88.7519455,21.57666588],[88.79805756,21.59166527],[88.77194214,21.65306282]]],[[[89.01072693,21.65061951],[88.98790741,21.6529808],[88.98583221,21.7052803],[88.95096588,21.70100975],[88.95444489,21.67944527],[88.96325684,21.66299057],[88.96421051,21.6453495],[88.96839905,21.64169884],[88.9828949,21.64591217],[88.99236298,21.64414024],[89,21.60167122],[89.0372467,21.61458015],[89.01072693,21.65061951]]],[[[88.23166656,21.64110947],[88.19555664,21.68194389],[88.20317841,21.72187996],[88.18138885,21.68610954],[88.2097168,21.60194016],[88.21283722,21.62308121],[88.23166656,21.64110947]]],[[[88.57688141,21.69173431],[88.55371094,21.64046478],[88.59249878,21.61805344],[88.57688141,21.69173431]]],[[[88.30931091,21.69219017],[88.3152771,21.60805511],[88.35807037,21.64750099],[88.33390045,21.70166969],[88.30931091,21.69219017]]],[[[88.4540329,21.70934105],[88.41855621,21.6825695],[88.44223022,21.61499977],[88.47068787,21.6729908],[88.4540329,21.70934105]]],[[[88.38195038,21.66722107],[88.40194702,21.59555626],[88.4319458,21.62780952],[88.39499664,21.75500107],[88.36863708,21.7273407],[88.40387726,21.71519089],[88.38195038,21.66722107]]],[[[89.05430603,21.61780357],[89.09518433,21.64658546],[89.05885315,21.7220726],[89.00979614,21.70487022],[89.02472687,21.69486046],[89.02848816,21.63531876],[89.05430603,21.61780357]]],[[[88.69712067,21.71287918],[88.69753265,21.66991043],[88.74913025,21.64700127],[88.70674896,21.68200684],[88.69712067,21.71287918]]],[[[88.80665588,21.70667267],[88.7583313,21.68250084],[88.74111176,21.68944359],[88.73055267,21.68472099],[88.75944519,21.66305542],[88.79416656,21.66444397],[88.79694366,21.65527725],[88.80665588,21.70667267]]],[[[88.56243134,21.70505905],[88.57420349,21.69402695],[88.54322052,21.72417068],[88.59052277,21.69028091],[88.5708313,21.73250008],[88.54046631,21.73574066],[88.51727295,21.71195984],[88.54638672,21.63666725],[88.56243134,21.70505905]]],[[[88.88305664,21.74527931],[88.8730545,21.69444466],[88.92082977,21.63222122],[88.9402771,21.69527817],[88.88305664,21.74527931]]],[[[88.97799683,21.72687531],[88.9927597,21.70000076],[88.99007416,21.6541214],[89.00775909,21.65222168],[89.02416229,21.6877327],[89.00778961,21.70713043],[89.02052307,21.71355057],[88.99972534,21.71527863],[88.97799683,21.72687531]]],[[[88.89389038,22.37055969],[88.88804626,22.37833214],[88.92166901,22.40139008],[88.90277863,22.41472435],[88.90801239,22.43415642],[88.89232635,22.46535301],[88.89225769,22.48337746],[88.9057312,22.5218029],[88.88889313,22.55417061],[88.84361267,22.5067997],[88.86773682,22.48786736],[88.85612488,22.42278099],[88.88218689,22.40363693],[88.87660217,22.38691711],[88.89389038,22.37055969]]],[[[87.48203278,21.60870361],[87.78971863,21.69499969],[87.9291687,21.80055618],[88.05305481,22.0102787],[87.96335602,22.10347748],[88.06223297,22.01305962],[88.18888855,22.09916687],[88.13555908,22.1847229],[88.00861359,22.20138931],[87.94000244,22.2602787],[87.9422226,22.36638832],[87.88376617,22.44158936],[87.94638824,22.40611076],[87.98486328,22.24570084],[88.04915619,22.22000122],[88.10500336,22.30469894],[88.06972504,22.21194458],[88.20305634,22.16694069],[88.22389221,22.07527542],[88.15366364,21.9591732],[88.16333008,21.87944412],[88.21722412,21.76444435],[88.27278137,21.75575066],[88.27200317,21.73048019],[88.28273773,21.75758171],[88.25166321,21.80194283],[88.28193665,21.76110077],[88.25897217,21.807621],[88.31376648,21.84730911],[88.29931641,21.85938072],[88.26059723,21.85786057],[88.25489807,21.8713398],[88.26973724,21.88519287],[88.26197815,21.85869026],[88.30059052,21.86132622],[88.30979919,21.87768364],[88.30893707,21.85639954],[88.32565308,21.86215019],[88.3370285,21.86161041],[88.34523773,21.8569603],[88.35357666,21.85715485],[88.34998322,21.92738914],[88.37054443,21.89779854],[88.35488129,21.82279968],[88.36400604,21.79783058],[88.39067078,21.79898071],[88.38279724,21.90068054],[88.40636444,21.91978455],[88.39805603,21.95222092],[88.37444305,21.96281815],[88.37277985,21.96665955],[88.37581635,21.96972084],[88.39431,21.97066116],[88.37760925,21.96906281],[88.37388611,21.96527863],[88.39906311,21.95249557],[88.4071579,21.91690445],[88.38466644,21.89980507],[88.40694427,21.88472176],[88.45848083,21.91884041],[88.46089172,22.01157951],[88.47355652,21.89534187],[88.5206604,21.91539574],[88.5218277,21.93901062],[88.49534607,21.95508385],[88.49118805,21.96046066],[88.49156952,21.96689034],[88.54141998,21.98171043],[88.55461884,22.03570938],[88.5433197,21.98199463],[88.49369812,21.96705246],[88.49423981,21.958395],[88.52172089,21.94268036],[88.52553558,21.92944145],[88.52177429,21.91374207],[88.4942627,21.87909126],[88.52805328,21.85305595],[88.54055786,21.90386963],[88.57054138,21.90360832],[88.54866791,21.92227936],[88.54624939,21.97348976],[88.55027771,21.92139053],[88.57250214,21.90722275],[88.58638763,21.92805099],[88.57833099,21.88944435],[88.60666656,21.91305733],[88.59658051,22.06726646],[88.60340118,22.02355957],[88.63665771,22.04528999],[88.57274628,22.18910027],[88.61928558,22.10884094],[88.67246246,22.20119858],[88.63934326,22.20812035],[88.63091278,22.22204971],[88.6791687,22.29389191],[88.66612244,22.33904076],[88.68492126,22.29427528],[88.63504028,22.21640015],[88.66562653,22.2174511],[88.68121338,22.209198],[88.7019577,22.20944214],[88.73361206,22.19555473],[88.74278259,22.20000076],[88.73999786,22.21472168],[88.7463913,22.20305824],[88.7436142,22.22916603],[88.79079437,22.25970268],[88.79270935,22.2761898],[88.8044281,22.2827301],[88.80261993,22.32898331],[88.8188858,22.36361122],[88.84923553,22.36454201],[88.8628006,22.35828018],[88.8713913,22.35889244],[88.87628937,22.35531044],[88.77799225,22.50650215],[88.68925476,22.52404976],[88.67740631,22.59349823],[88.6906662,22.52441216],[88.76888275,22.51359177],[88.76638794,22.56083488],[88.77166748,22.51338005],[88.85244751,22.43283272],[88.84281158,22.50787354],[88.86888885,22.54583549],[88.89638519,22.56333351],[88.93760681,22.56993294],[88.95771027,22.61078072],[88.93255615,22.6187439],[88.91027832,22.67500114],[88.90184784,22.67655373],[88.88594818,22.66669655],[88.86378479,22.66374779],[88.85722351,22.67749977],[88.86128235,22.69419479],[88.8479538,22.6911087],[88.84701538,22.70668602],[88.80901337,22.70946312],[88.80577087,22.73320007],[88.80891418,22.75343132],[88.84822845,22.75098991],[88.80908203,22.75113678],[88.80905151,22.71166801],[88.84869385,22.70842934],[88.84925842,22.69317627],[88.85953522,22.69700813],[88.86411285,22.6936512],[88.86485291,22.66486931],[88.90722656,22.67873764],[88.9210968,22.66583061],[88.9319458,22.64554977],[88.96195984,22.68593407],[88.91098022,22.75786209],[88.96813965,22.84517479],[88.90979004,22.8798027],[88.89405823,22.95248413],[88.85958862,22.94245529],[88.84777832,23.00549316],[88.87973785,23.00629044],[88.87187195,23.09674644],[88.99583435,23.21518898],[88.9422226,23.20635796],[88.81221771,23.25634003],[88.79105377,23.21829033],[88.71949005,23.25468826],[88.69624329,23.30223274],[88.74559784,23.30784416],[88.73214722,23.35250473],[88.76548767,23.36767197],[88.74876404,23.39814949],[88.76442719,23.44211006],[88.79541016,23.44360352],[88.80042267,23.4976368],[88.74342346,23.48056984],[88.65545654,23.55760956],[88.64599609,23.60813141],[88.58168793,23.60300064],[88.59371185,23.64091301],[88.56215668,23.63718414],[88.58055115,23.76519775],[88.55577087,23.78445244],[88.60203552,23.81651306],[88.57534027,23.86243629],[88.6675415,23.86959457],[88.73338318,23.91111755],[88.73744965,23.98267174],[88.7695694,23.98190689],[88.75874329,24.00818253],[88.72880554,23.99666023],[88.72770691,24.10092354],[88.69303894,24.11132431],[88.7463913,24.14717102],[88.73154449,24.2850914],[88.69652557,24.31542778],[88.56758118,24.32670975],[88.55500031,24.29648972],[88.52870941,24.34418106],[88.44632721,24.37866783],[88.33300781,24.38319016],[88.14835358,24.50533104],[88.01056671,24.66666031],[88.07058716,24.76942062],[88.17498779,24.86025047],[88.13968658,24.93612862],[88.22621918,24.95979118],[88.25902557,24.8781414],[88.2853775,24.8884697],[88.33312225,24.87044525],[88.3397522,24.93966866],[88.39898682,24.94299126],[88.45381165,25.03560066],[88.44364166,25.19739151],[88.49909973,25.21049309],[88.56480408,25.17461586],[88.70448303,25.20828819],[88.80583954,25.17054939],[88.84490967,25.21120071],[88.92301941,25.16500664],[88.96170807,25.20916557],[88.95624542,25.25515556],[89.00798798,25.26637459],[89.00887299,25.30314064],[88.92943573,25.30421257],[88.84010315,25.36387062],[88.81059265,25.5232029],[88.7616272,25.52595901],[88.76477814,25.49495506],[88.70750427,25.49994469],[88.69950867,25.47130966],[88.60906219,25.51643372],[88.5398941,25.50838661],[88.49989319,25.58405495],[88.44644165,25.59714699],[88.45376587,25.66501045],[88.40534973,25.67147064],[88.26846313,25.78079796],[88.26992798,25.8081398],[88.15214539,25.77576447],[88.11441803,25.79802322],[88.08705902,25.91368294],[88.12963867,25.99703789],[88.1871109,26.0240612],[88.15840912,26.08078575],[88.18044281,26.14569283],[88.35012817,26.22034645],[88.34960175,26.28230858],[88.45162964,26.37047768],[88.52482605,26.35983849],[88.48519897,26.46035004],[88.37234497,26.48840714],[88.3520813,26.44814873],[88.33165741,26.49120522],[88.37591553,26.59426689],[88.41512299,26.63326263],[88.43725586,26.54414177],[88.48352814,26.54106903],[88.55995941,26.45711136],[88.62069702,26.47106934],[88.62372589,26.43486214],[88.70224762,26.38855362],[88.68103027,26.38022041],[88.70463562,26.33258057],[88.74524689,26.3479557],[88.74645233,26.32247543],[88.67507172,26.32017136],[88.70938873,26.28886604],[88.66798401,26.29726601],[88.66620636,26.26273918],[88.79347229,26.31007385],[88.84026337,26.23140907],[88.88350677,26.23665047],[88.86820984,26.27746964],[88.89820099,26.28874397],[88.95703125,26.24058723],[89.05567932,26.24366951],[89.05856323,26.29505157],[89.01683044,26.28949356],[88.99397278,26.32003403],[88.90904236,26.38013649],[88.95579529,26.46029663],[88.99397278,26.41289711],[89.09568024,26.39154053],[89.0837326,26.32229805],[89.13624573,26.32021713],[89.1243515,26.29369164],[89.10469055,26.3159256],[89.10005188,26.27956581],[89.14087677,26.23587418],[89.15532684,26.13870811],[89.22937775,26.12289047],[89.26675415,26.09247971],[89.25434875,26.06421471],[89.34848785,26.01048088],[89.3924408,26.00723076],[89.42378235,26.04701042],[89.42741394,26.01324081],[89.54231262,26.00444794],[89.55799103,25.96461868],[89.5907135,25.97591591],[89.60836029,26.06361008],[89.65000153,26.06448364],[89.63266754,26.10696983],[89.59384918,26.10224152],[89.63297272,26.11758995],[89.59649658,26.13530159],[89.60738373,26.17923737],[89.66062164,26.17563057],[89.63076019,26.18412971],[89.63379669,26.23034668],[89.67971802,26.23449898],[89.70198822,26.17406273],[89.67425537,26.16704559],[89.71930695,26.16640663],[89.70253754,26.17712021],[89.70061493,26.18346405],[89.73203278,26.21228981],[89.69722748,26.21722984],[89.7287674,26.23820114],[89.7048111,26.26990128],[89.73745728,26.271101],[89.71782684,26.3057003],[89.75865936,26.28932953],[89.78201294,26.35327911],[89.85729218,26.38446045],[89.82727814,26.39647293],[89.86949921,26.44841957],[89.8600769,26.70137405],[89.77022552,26.7026062],[89.75244141,26.73556137],[89.62376404,26.71867561],[89.65090942,26.77643013],[89.55743408,26.81422806],[89.46974945,26.80272675],[89.37892914,26.86242485],[89.26225281,26.8139019],[89.13427734,26.80783653],[89.0956192,26.89177704],[89.02124786,26.94079971],[88.98036957,26.91724968],[88.94368744,26.93431091],[88.92150879,26.99381638],[88.87699127,26.94433403],[88.86998749,27.10914612],[88.74694061,27.14536476],[88.6914978,27.17869949],[88.55899048,27.18875122],[88.4319458,27.08160973],[88.30449677,27.12860107],[88.1366272,27.11687851],[88.08584595,27.14151001],[88.07495117,27.20084],[88.01696777,27.21887207],[87.99417114,27.10520744],[88.04026031,27.03631783],[88.13748169,26.98526764],[88.12301636,26.9501152],[88.19049835,26.7714119],[88.1054306,26.53940773],[88.10621643,26.53601456],[88.10614777,26.53562355],[88.14539337,26.51097107],[88.23120117,26.55198288],[88.179039,26.49057961],[88.26790619,26.42175293],[88.23760986,26.37537766],[88.29191589,26.35391045],[88.06983185,26.17571831],[88.01306915,26.14087105],[87.96405792,26.15197945],[87.96813202,26.08136177],[87.91293335,26.0909729],[87.84211731,26.04448128],[87.80375671,25.91214943],[87.82283783,25.87146759],[87.91091156,25.85174942],[87.88339996,25.82860947],[87.9105072,25.8148098],[87.89846802,25.76976013],[88.04862976,25.69057083],[88.02102661,25.58692169],[88.07285309,25.50390053],[88.07041168,25.48050117],[88.02754974,25.4861412],[87.92604828,25.53621292],[87.87921906,25.51597023],[87.86347198,25.46538925],[87.78132629,25.44465065],[87.75910187,25.40504074],[87.78398132,25.33242989],[87.85652161,25.2777729],[87.82277679,25.23434067],[87.83664703,25.19926071],[87.7875824,25.2204895],[87.7765274,25.09127045],[87.87697601,25.02803993],[87.9733429,24.89648247],[87.88897705,24.85293961],[87.85453796,24.76431084],[87.83753204,24.78780174],[87.81806183,24.76598167],[87.90083313,24.72159958],[87.88661957,24.67410278],[87.91340637,24.6585598],[87.90161133,24.61258125],[87.8727417,24.61071968],[87.90997314,24.59386826],[87.8482132,24.55105019],[87.76940918,24.58176041],[87.80634308,24.54520035],[87.79515076,24.49105072],[87.82287598,24.49440956],[87.78475189,24.41454124],[87.81002045,24.40662003],[87.75627899,24.30359268],[87.63571167,24.24253082],[87.63772583,24.21158028],[87.69255829,24.18618011],[87.68956757,24.1498394],[87.56938171,24.15565109],[87.60761261,24.12894249],[87.57615662,24.08526039],[87.49359894,24.11520958],[87.51055145,24.03983116],[87.43383026,24.00832176],[87.45796967,23.98142052],[87.32787323,23.99599075],[87.33235931,24.03100967],[87.23797607,24.04121971],[87.29454803,23.89857101],[87.27041626,23.87294006],[87.24822235,23.90701103],[87.24272919,23.82616043],[87.21855927,23.83080101],[87.23623657,23.85306931],[87.13092804,23.86696053],[87.16644287,23.81958961],[87.12416077,23.79503822],[86.8950119,23.87995148],[86.88226318,23.81447983],[86.87121582,23.84418106],[86.82077026,23.81130981],[86.79283905,23.83138084],[86.81977081,23.76107025],[86.79203796,23.6873703],[86.69384766,23.69452095],[86.52865601,23.62898064],[86.43988037,23.62961006],[86.35797119,23.5430603],[86.37194824,23.48266029],[86.30000305,23.42006111],[86.2784729,23.44112015],[86.24317932,23.41958046],[86.23874664,23.46969032],[86.1455307,23.47307014],[86.14476776,23.56777191],[86.04686737,23.58386993],[86.01077271,23.55164909],[86.04722595,23.49364281],[85.94390869,23.45462036],[85.86602783,23.4702301],[85.89569092,23.37059021],[85.86625671,23.36484909],[85.87798309,23.32370949],[85.82636261,23.26312065],[85.83155823,23.19511986],[85.91499329,23.12952995],[86.03692627,23.14361],[86.21247864,22.9918499],[86.29825592,23.01328278],[86.39303589,22.97423935],[86.5402832,22.9872303],[86.51835632,22.94433022],[86.43282318,22.92340279],[86.46304321,22.89663124],[86.41615295,22.77650833],[86.5065918,22.70152092],[86.53925323,22.72064972],[86.61786652,22.67338943],[86.65170288,22.57579041],[86.7599411,22.57242966],[86.79860687,22.49882126],[86.7454071,22.4756794],[86.76226044,22.42523193],[86.84393311,22.39606094],[86.82919312,22.32459068],[86.88623047,22.29412079],[86.88568115,22.25212097],[86.81186676,22.26393127],[86.79960632,22.24097252],[86.79026794,22.26280022],[86.80011749,22.21363068],[86.72278595,22.21524811],[86.71544647,22.14349174],[86.79032135,22.1539402],[86.83200836,22.09510994],[86.95723724,22.0833683],[87.01761627,22.04128075],[87.03431702,21.98919106],[86.99793243,21.90750122],[87.03024292,21.86531067],[87.09464264,21.86034012],[87.09353638,21.90789986],[87.15828705,21.93054962],[87.16744232,21.97340965],[87.23484802,21.95438004],[87.26242065,21.81385994],[87.37011719,21.76007271],[87.44367218,21.76088905],[87.48203278,21.60870361]],[[89.15951538,26.23424911],[89.13580322,26.27123833],[89.17163086,26.26330948],[89.15951538,26.23424911]],[[88.92779541,26.33548546],[88.97614288,26.2781086],[88.92539215,26.29395485],[88.92779541,26.33548546]]],[[[88.14138794,22.02639008],[88.07332611,21.99528122],[88.04722595,21.91167068],[88.14138794,22.02639008]]],[[[89.02481079,21.93172836],[89.06328583,21.93451118],[89.07800293,21.98693275],[89.01547241,22.06293106],[88.98516846,22.05522346],[88.96808624,22.01436043],[88.97499847,21.99250031],[88.99935913,22.00710487],[88.97556305,21.99139214],[88.99243927,21.97363091],[89.03250122,22.00208282],[88.9991684,21.95294952],[89.02481079,21.93172836]]],[[[88.86847687,21.9220295],[88.90727234,21.92953682],[88.90249634,22.01166916],[88.76172638,22.01490784],[88.7536087,21.98805809],[88.80029297,21.97045326],[88.75332642,21.98527908],[88.75250244,21.95611191],[88.77555847,21.94333076],[88.78722382,21.95499992],[88.79055786,21.94166946],[88.86847687,21.9220295]]],[[[88.74539185,21.97973824],[88.72373199,21.97381592],[88.73332977,21.92472076],[88.7993927,21.92592812],[88.80578613,21.93647957],[88.78890228,21.94071388],[88.78645325,21.95265007],[88.77584076,21.94145012],[88.75070953,21.95485115],[88.74539185,21.97973824]]],[[[88.66233063,21.95251083],[88.71559143,22.00086021],[88.65293884,22.01913071],[88.62837982,21.95970917],[88.66233063,21.95251083]]],[[[88.90278625,22.04533386],[88.88639832,22.05777359],[88.89204407,22.04933739],[88.89021301,22.04584312],[88.85198212,22.04123116],[88.86399078,22.02867317],[88.87088013,22.02750015],[88.87701416,22.01483917],[88.89170074,22.01472473],[88.90278625,22.04533386]]],[[[88.81185913,22.06075478],[88.780159,22.03783226],[88.8318634,22.02697563],[88.81185913,22.06075478]]],[[[88.94996643,22.18919182],[88.91971588,22.16111183],[88.89393616,22.16969872],[88.91316986,22.13002968],[88.94034576,22.12797737],[88.90143585,22.06528282],[88.91271973,21.99435997],[88.93588257,21.93649101],[88.9661026,21.92292976],[88.97638702,21.94611168],[88.96883392,21.92113876],[89.01257324,21.90199471],[88.99093628,21.95193481],[89.01352692,21.9791069],[88.99223328,21.97000313],[88.97249603,21.98779106],[88.96221924,22.01722145],[88.97709656,22.03839302],[88.96146393,22.04899788],[88.96325684,22.05741119],[88.93486023,22.05513954],[88.94610596,22.00000191],[88.92394257,22.02420235],[88.92463684,22.06459236],[88.96694183,22.07861137],[88.95054626,22.10416985],[88.96890259,22.08261299],[88.98491669,22.12712288],[88.94996643,22.18919182]]],[[[88.83602905,22.07283211],[88.83895874,22.02368927],[88.85962677,22.02603912],[88.85072327,22.03903008],[88.85214233,22.04380035],[88.89060211,22.04833031],[88.88295746,22.05721283],[88.87016296,22.06305122],[88.86915588,22.08136559],[88.85147095,22.0782795],[88.84101105,22.07153893],[88.83602905,22.07283211]]],[[[88.90408325,22.08420753],[88.87020874,22.08690071],[88.87129211,22.06385231],[88.89090729,22.06035614],[88.90408325,22.08420753]]],[[[88.7758255,22.09358978],[88.74978638,22.05589867],[88.83621216,22.06633949],[88.82778168,22.08603477],[88.8150177,22.08058357],[88.80375671,22.08487129],[88.79853058,22.10872841],[88.7758255,22.09358978]]],[[[88.29110718,21.59527969],[88.31027985,21.67638969],[88.2620697,21.73017311],[88.27200317,21.75440598],[88.21744537,21.76214981],[88.19777679,21.68861008],[88.23683167,21.64489937],[88.21639252,21.61638832],[88.24277496,21.59666634],[88.24054718,21.57361031],[88.25749969,21.55999947],[88.29666901,21.56750107],[88.29110718,21.59527969]]],[[[89.00511932,21.7649765],[89.01741028,21.71777916],[89.0592804,21.72591972],[89.00511932,21.7649765]]],[[[88.92710114,21.76194954],[88.9227829,21.71970749],[88.95024109,21.70232964],[88.98332977,21.70583153],[88.96944427,21.72277832],[88.98748016,21.74472046],[88.96889496,21.73919868],[88.9631958,21.75275421],[88.92710114,21.76194954]]],[[[88.84490204,21.61999893],[88.82861328,21.65055466],[88.85995483,21.6372261],[88.83916473,21.70694351],[88.86528015,21.75861168],[88.83167267,21.76610947],[88.76251221,21.70137024],[88.81500244,21.71000099],[88.80889893,21.63879013],[88.84490204,21.61999893]]],[[[88.36538696,21.76416588],[88.33750916,21.71076965],[88.36055756,21.68638992],[88.39805603,21.71333313],[88.36528015,21.72221947],[88.36538696,21.76416588]]],[[[88.74888611,21.76501083],[88.71219635,21.80722046],[88.69499969,21.74389076],[88.71111298,21.69017982],[88.74777985,21.65833092],[88.75499725,21.66563988],[88.73077393,21.68203163],[88.72929382,21.68675613],[88.74121857,21.69075966],[88.75778198,21.68366432],[88.76275635,21.69293022],[88.73586273,21.71929169],[88.77666473,21.72083282],[88.75276947,21.73157883],[88.74888611,21.76501083]]],[[[88.11555481,21.62583351],[88.15472412,21.64999962],[88.17094421,21.74510193],[88.13525391,21.87746239],[88.03666687,21.67500114],[88.11555481,21.62583351]]],[[[88.99967194,21.78546906],[88.95111084,21.75777817],[88.98787689,21.74664879],[88.98866272,21.73984909],[88.97666931,21.72861099],[89.00428009,21.71607208],[88.99967194,21.78546906]]],[[[88.30249023,21.72456169],[88.28890991,21.77848434],[88.2780304,21.72817039],[88.29727936,21.70560074],[88.30249023,21.72456169]]],[[[88.58222198,21.77778053],[88.56900024,21.76917839],[88.59279633,21.71870995],[88.62078857,21.73584557],[88.58595276,21.75341034],[88.58222198,21.77778053]]],[[[88.60972595,21.79027939],[88.58625031,21.75659752],[88.6230545,21.73666573],[88.60888672,21.7080555],[88.63083649,21.74250031],[88.60972595,21.79027939]]],[[[88.45861053,21.78865051],[88.44603729,21.79795837],[88.42336273,21.76772499],[88.43313599,21.70448112],[88.46721649,21.73722076],[88.45861053,21.78865051]]],[[[88.78749847,21.74500084],[88.79582977,21.78722191],[88.78726196,21.79579735],[88.79376221,21.80060196],[88.79355621,21.80974007],[88.78630066,21.82290077],[88.78210449,21.82519341],[88.76637268,21.78679085],[88.74975586,21.76964951],[88.75666046,21.73340988],[88.78749847,21.74500084]]],[[[88.54457092,21.8103199],[88.50417328,21.77082825],[88.53528595,21.7920208],[88.5043869,21.75741005],[88.51944733,21.7191658],[88.54171753,21.73767853],[88.57250214,21.73555565],[88.54457092,21.8103199]]],[[[88.42180634,21.81109047],[88.38265991,21.77910042],[88.42276001,21.71982002],[88.42086029,21.76723099],[88.44268799,21.79965019],[88.42180634,21.81109047]]],[[[88.82807922,21.80402946],[88.82167053,21.82290077],[88.79083252,21.75000954],[88.83027649,21.76666451],[88.82807922,21.80402946]]],[[[88.30583191,21.75158119],[88.33222961,21.71043968],[88.34317017,21.7599659],[88.3779068,21.76860237],[88.37967682,21.78848076],[88.36138916,21.79602051],[88.35141754,21.82190514],[88.35272217,21.85424232],[88.3454895,21.85506248],[88.33732605,21.8602066],[88.3236618,21.86044693],[88.3151474,21.85759735],[88.31154633,21.85363007],[88.31535339,21.84465981],[88.30773163,21.83030128],[88.2600708,21.8065052],[88.29601288,21.77404976],[88.31048584,21.79614067],[88.30583191,21.75158119]]],[[[88.91583252,21.82583427],[88.88305664,21.80805779],[88.89583588,21.78806114],[88.90693665,21.79417038],[88.89778137,21.75194359],[88.93723297,21.81666946],[88.91583252,21.82583427]]],[[[88.85610962,21.86528015],[88.83721924,21.84305573],[88.83499908,21.78166771],[88.91333008,21.72777939],[88.92138672,21.74361038],[88.89138794,21.75361061],[88.89805603,21.77861023],[88.88223267,21.79721832],[88.87722015,21.85166931],[88.85749817,21.85555649],[88.85610962,21.86528015]]],[[[88.94139099,21.84722137],[88.92444611,21.8358326],[88.93888855,21.81666756],[88.91416931,21.75555992],[88.92138672,21.76611137],[88.95888519,21.77083397],[88.94042206,21.7823658],[88.9402771,21.79305458],[88.97666931,21.82055664],[88.9539032,21.82529259],[88.94139099,21.84722137]]],[[[88.48487854,21.83469009],[88.45704651,21.80195999],[88.49884796,21.8103199],[88.48487854,21.83469009]]],[[[88.59221649,21.85000038],[88.57604218,21.81703377],[88.61416626,21.79805946],[88.59221649,21.85000038]]],[[[88.95532227,21.84774971],[88.97962189,21.81726456],[88.97523499,21.80259514],[88.95392609,21.80329514],[88.94281769,21.78560066],[88.97093964,21.77506256],[89.02976227,21.83276558],[88.98924255,21.8681221],[89.03096008,21.86278152],[88.97737885,21.89346695],[88.97912598,21.86744118],[88.95532227,21.84774971]]],[[[88.40484619,21.79929924],[88.4182663,21.81161118],[88.42402649,21.81240082],[88.46308136,21.79036522],[88.44870758,21.81661034],[88.48916626,21.83889008],[88.45201874,21.9048481],[88.39998627,21.87249947],[88.40484619,21.79929924]]],[[[88.78916931,21.87861061],[88.77694702,21.8669529],[88.7822113,21.85972023],[88.77139282,21.8533287],[88.76583099,21.82888985],[88.7841568,21.82611084],[88.78971863,21.82139015],[88.79444122,21.81250191],[88.79556274,21.80167007],[88.78888702,21.79582977],[88.79499817,21.79138947],[88.82971954,21.86222076],[88.8013916,21.86806107],[88.79888916,21.87083244],[88.80055237,21.87778091],[88.79360962,21.86639023],[88.78778076,21.86361122],[88.78610992,21.86833191],[88.79250336,21.87388992],[88.78916931,21.87861061]]],[[[88.59749603,21.86222076],[88.6397171,21.78499985],[88.65344238,21.86802101],[88.6333313,21.86972237],[88.62055206,21.89777946],[88.59749603,21.86222076]]],[[[88.70861053,21.81055641],[88.75166321,21.81528282],[88.75776672,21.78111076],[88.77722168,21.82167053],[88.7638855,21.82861137],[88.76860809,21.85250092],[88.78056335,21.85943985],[88.77166748,21.87610817],[88.75749969,21.87888908],[88.74749756,21.89666939],[88.71805573,21.90722275],[88.70861053,21.81055641]]],[[[88.83655548,21.91789246],[88.81961823,21.92819977],[88.85416412,21.88944435],[88.85721588,21.85861015],[88.87805176,21.85388947],[88.88804626,21.81222153],[88.91361237,21.82722282],[88.92305756,21.8244381],[88.9227829,21.83555984],[88.93916321,21.85000038],[88.92166901,21.85388947],[88.90693665,21.87888908],[88.91500092,21.88083267],[88.91777802,21.86055756],[88.93916321,21.8536129],[88.94721985,21.84056282],[88.95694733,21.86972237],[88.94333649,21.88472176],[88.95888519,21.86972237],[88.95555878,21.85388947],[88.97666931,21.86750031],[88.97389221,21.89777946],[88.91517639,21.92818069],[88.89006805,21.91465569],[88.83655548,21.91789246]]],[[[88.81694794,21.9011116],[88.81138611,21.89638901],[88.80916595,21.88332939],[88.80249786,21.87832832],[88.80027771,21.87055588],[88.80639648,21.86778069],[88.82138062,21.87249947],[88.82943726,21.86471748],[88.81694794,21.9011116]]],[[[88.56233978,21.89746094],[88.54116058,21.90256119],[88.53055573,21.84916878],[88.55103302,21.81729126],[88.56233978,21.89746094]]],[[[88.63999939,21.92168045],[88.62338257,21.90140915],[88.63445282,21.87055969],[88.66750336,21.91167068],[88.63999939,21.92168045]]],[[[88.72360992,21.93194389],[88.71888733,21.90916634],[88.74888611,21.89722252],[88.75805664,21.88027763],[88.77194214,21.87805939],[88.77610779,21.86972046],[88.78639221,21.87861061],[88.79083252,21.87916946],[88.79360199,21.87416077],[88.78722382,21.86694527],[88.78971863,21.86471748],[88.79666901,21.87667084],[88.80750275,21.88360977],[88.80860901,21.89528275],[88.81416321,21.90278053],[88.79944611,21.9197216],[88.7361145,21.91805649],[88.72360992,21.93194389]]],[[[88.98610687,22.10170364],[88.96350861,22.04927444],[88.97840881,22.03988075],[88.98447418,22.05666733],[89.01472473,22.06444359],[89.0255661,22.05265999],[89.0270462,22.07930946],[89.03822327,22.05339241],[89.01464844,22.11400795],[89.05047607,22.1306324],[89.00366974,22.19913483],[88.97268677,22.19343758],[88.99690247,22.13848305],[88.98610687,22.10170364]]],[[[88.81790161,22.12302971],[88.7986908,22.11092949],[88.80590057,22.08475304],[88.82525635,22.08728981],[88.82118225,22.09202194],[88.81920624,22.10442162],[88.82212067,22.09266281],[88.83187866,22.08402061],[88.83808899,22.07307816],[88.85118103,22.07936287],[88.86723328,22.08222008],[88.83844757,22.09019279],[88.86794281,22.08502007],[88.84924316,22.10397148],[88.84572601,22.11942101],[88.81790161,22.12302971]]],[[[88.7085495,22.04668808],[88.68506622,22.08512115],[88.78916931,22.16944885],[88.7649765,22.19219971],[88.73189545,22.19399071],[88.69991302,22.20823288],[88.6849823,22.20767975],[88.68083191,22.18750191],[88.65286255,22.16339111],[88.63418579,22.10621071],[88.66496277,22.0226593],[88.73301697,22.01057243],[88.7085495,22.04668808]]],[[[88.84053802,22.12470245],[88.848526,22.11783791],[88.85366058,22.10147858],[88.87225342,22.08780479],[88.89221954,22.11444855],[88.8967514,22.09058952],[88.9227829,22.10000229],[88.88072968,22.16747284],[88.84910583,22.16917229],[88.86073303,22.1440773],[88.84053802,22.12470245]]],[[[88.76145172,22.08918571],[88.80307007,22.12973213],[88.85612488,22.14472771],[88.84329987,22.16717911],[88.85079193,22.17356491],[88.86828613,22.17118645],[88.85912323,22.20446777],[88.84474945,22.18919182],[88.82805634,22.20804024],[88.82676697,22.19835854],[88.84050751,22.17494011],[88.83827209,22.16703224],[88.82958984,22.16529083],[88.80919647,22.17941093],[88.74916077,22.13500023],[88.70471954,22.06500053],[88.73916626,22.05699158],[88.76145172,22.08918571]]],[[[88.93237305,22.22500038],[88.91879272,22.23080826],[88.9080658,22.19631004],[88.93148041,22.17701149],[88.961586,22.19721031],[88.93237305,22.22500038]]],[[[88.81259918,22.28339195],[88.79505157,22.27607536],[88.79156494,22.2584362],[88.75293732,22.23145294],[88.74724579,22.19862938],[88.7674408,22.19421005],[88.79415131,22.17057037],[88.80961609,22.18333817],[88.83405304,22.16685295],[88.83805847,22.17527962],[88.82749939,22.19498634],[88.81822968,22.19558907],[88.81498718,22.20541954],[88.80554199,22.20835304],[88.79846954,22.22597313],[88.81425476,22.22987938],[88.82567596,22.24144173],[88.82624817,22.26459312],[88.81551361,22.26398659],[88.81259918,22.28339195]]],[[[88.98475647,22.38243294],[88.96736145,22.40769005],[88.94721985,22.25555992],[88.97251892,22.20971107],[89.01972198,22.20555305],[89.06218719,22.12842941],[89.09626007,22.15501213],[89.06864166,22.14736176],[89.06690216,22.19831467],[88.99388885,22.28611183],[89.02333069,22.29750252],[88.98361206,22.32533836],[88.98475647,22.38243294]]],[[[88.80544281,22.21244049],[88.81687927,22.20530128],[88.82012939,22.19616127],[88.82824707,22.20972252],[88.83480072,22.20885086],[88.8442688,22.19031715],[88.8544693,22.206213],[88.88194275,22.20055962],[88.88227844,22.21159935],[88.84946442,22.20978928],[88.84194946,22.21174049],[88.83943176,22.21552658],[88.85835266,22.24444389],[88.87583923,22.2528038],[88.85894775,22.2435894],[88.84101105,22.21426392],[88.85889435,22.21086121],[88.87844086,22.2137928],[88.88485718,22.21098137],[88.88343811,22.20005226],[88.86618042,22.19414711],[88.87317657,22.17051125],[88.89746094,22.17799187],[88.9196701,22.16631126],[88.90448761,22.19724274],[88.91388702,22.21610832],[88.90033722,22.22285271],[88.88543701,22.23679161],[88.88723755,22.26490974],[88.84416962,22.2902813],[88.88761139,22.26593208],[88.88650513,22.23766136],[88.90177917,22.22407532],[88.91448212,22.22011185],[88.9189682,22.23303223],[88.95407867,22.22524071],[88.93598938,22.30094337],[88.91110992,22.30582809],[88.89157104,22.34308243],[88.87055206,22.35778236],[88.81999969,22.35972404],[88.8041687,22.32972145],[88.80652618,22.28574944],[88.81545258,22.28297234],[88.81664276,22.27167892],[88.82730103,22.26545143],[88.82956696,22.25372124],[88.82842255,22.24190521],[88.81855011,22.23093987],[88.80053711,22.2262516],[88.80544281,22.21244049]]],[[[88.9102478,22.33291817],[88.94326782,22.31065178],[88.93923187,22.41855049],[88.95777893,22.3647213],[88.96416473,22.40916634],[88.99861145,22.42972183],[88.95996094,22.54862022],[88.92002106,22.56542015],[88.89476776,22.55846977],[88.91444397,22.51111031],[88.89472198,22.46611214],[88.92053986,22.42669106],[88.90777588,22.41583252],[88.9258194,22.40623283],[88.92166901,22.39194679],[88.93000031,22.39138985],[88.896698,22.38142967],[88.9102478,22.33291817]]]]},"properties":{"GID_0":"IND","NAME_0":"India","GID_1":"IND.36_1","NAME_1":"West Bengal","VARNAME_1":"Bangla|Bengala Occidentale|Bengala Ocidental|Bengale occidental","NL_NAME_1":"","TYPE_1":"State","ENGTYPE_1":"State","CC_1":"","HASC_1":"IN.WB"}}
]}