{"type":"FeatureCollection", "features": [
{"type":"Feature","geometry":{"type":"MultiPolygon","coordinates":[[[[93.77706146,6.88065004],[93.8338623,6.75509024],[93.94535828,6.95451498],[93.84722137,7.24417019],[93.68611145,7.19000006],[93.65556335,7.12528086],[93.66303253,7.00664616],[93.77706146,6.88065004]]],[[[93.71305847,7.44361115],[93.71389008,7.39277887],[93.63249969,7.37055492],[93.64833069,7.24249983],[93.75574493,7.35984278],[93.71305847,7.44361115]]],[[[93.18805695,8.19250011],[93.10582733,8.35028267],[93.08750153,8.26889038],[93.18805695,8.19250011]]],[[[92.78778076,9.24416637],[92.72083282,9.2136097],[92.73166656,9.12437725],[92.83055115,9.13869476],[92.85436249,9.2091589],[92.78778076,9.24416637]]],[[[93.40555573,7.90305519],[93.47472382,7.89249992],[93.40638733,8.01056099],[93.33638763,8.01222324],[93.3172226,7.93361092],[93.40555573,7.90305519]]],[[[93.54728699,8.02805233],[93.50723267,7.98472118],[93.57749939,7.92833281],[93.54728699,8.02805233]]],[[[93.53250122,8.04778194],[93.52176666,8.23328114],[93.45361328,8.16611004],[93.48500061,8.05194378],[93.52986145,8.07868004],[93.49305725,7.99888992],[93.53250122,8.04778194]]]]},"properties":{"GID_0":"IND","NAME_0":"India","GID_1":"IND.1_1","NAME_1":"Andaman and Nicobar","NL_NAME_1":"","GID_2":"IND.1.1_1","NAME_2":"Nicobar Islands","VARNAME_2":"","NL_NAME_2":"","TYPE_2":"District","ENGTYPE_2":"District","CC_2":"","HASC_2":"IN.AN.NI"}},
{"type":"Feature","geometry":{"type":"MultiPolygon","coordinates":[[[[92.69777679,12.79068184],[92.71803284,12.71889973],[92.71391296,12.82938957],[92.69777679,12.79068184]]],[[[92.77657318,12.3102808],[92.74228668,12.24553967],[92.76986694,12.23685169],[92.76773834,12.18659019],[92.73916626,12.0947504],[92.74167633,12.07810116],[92.76467896,12.06332016],[92.88931274,12.26594162],[92.77657318,12.3102808]]],[[[92.94139862,12.28080177],[92.90146637,12.28822136],[92.92208862,12.23095131],[92.94139862,12.28080177]]],[[[93.01583099,13.67611217],[92.97666931,13.65499973],[93.02777863,13.62693977],[93.01583099,13.67611217]]],[[[92.69565582,12.99195862],[92.62988281,12.88273144],[92.66815948,12.78257179],[92.72149658,12.88834476],[92.69565582,12.99195862]]],[[[92.78022766,12.62918186],[92.75332642,12.67078114],[92.68448639,12.60814095],[92.69950867,12.32779121],[92.75476837,12.295681],[92.77152252,12.3196907],[92.89694977,12.32537079],[92.79165649,12.47028065],[92.89901733,12.41562939],[92.83467865,12.49478054],[92.91452789,12.40589333],[92.96842194,12.49666882],[92.98051453,12.70972919],[92.89839935,12.92744064],[92.87354279,12.88116074],[92.84172821,12.87560654],[92.84224701,12.89103889],[92.81095886,12.89745235],[92.79190826,12.88985443],[92.78221893,12.80749893],[92.76083374,12.85944462],[92.72402191,12.82738018],[92.78022766,12.62918186]]],[[[92.83000183,13.17193985],[92.78833008,13.01833057],[92.82506561,13.01270771],[92.79419708,12.91438198],[92.84278107,12.89187145],[92.8429718,12.87629986],[92.87293243,12.88323021],[92.88230133,12.98272419],[92.93852234,12.97127628],[92.89431,13.05653095],[92.93667603,13.08471298],[92.974617,13.01286125],[93.03488159,13.08099079],[93.06667328,13.27250004],[92.95053864,13.34390068],[93.09059143,13.33593273],[93.02828979,13.37318134],[93.0708313,13.40666962],[93.02111053,13.43112087],[93.02722168,13.57917118],[92.87166595,13.47139072],[92.83000183,13.17193985]]]]},"properties":{"GID_0":"IND","NAME_0":"India","GID_1":"IND.1_1","NAME_1":"Andaman and Nicobar","NL_NAME_1":"","GID_2":"IND.1.2_1","NAME_2":"North and Middle Andaman","VARNAME_2":"","NL_NAME_2":"","TYPE_2":"District","ENGTYPE_2":"District","CC_2":"","HASC_2":"IN.AN.NM"}},
{"type":"Feature","geometry":{"type":"MultiPolygon","coordinates":[[[[92.47972107,10.52056026],[92.53177643,10.5189209],[92.5976181,10.68205929],[92.51541901,10.89770889],[92.37583923,10.77943134],[92.42056274,10.61472034],[92.3813858,10.53722],[92.47972107,10.52056026]]],[[[92.2141571,11.57568073],[92.27016449,11.5228138],[92.26990509,11.58494377],[92.2141571,11.57568073]]],[[[92.96578979,11.96675968],[93.04598236,11.88400936],[92.96499634,12.04972267],[92.92502594,11.99771118],[92.96578979,11.96675968]]],[[[93.83969879,12.32081985],[93.82668304,12.2448597],[93.88069916,12.23664188],[93.83969879,12.32081985]]],[[[92.96231079,12.12280083],[93.0455246,12.0453701],[93.02749634,12.16666985],[92.96231079,12.12280083]]],[[[93.08309174,12.19578171],[93.03647614,12.15692043],[93.07440948,12.0836277],[93.08309174,12.19578171]]],[[[92.62509918,11.42097092],[92.59282684,11.34982109],[92.69061279,11.36990929],[92.63598633,11.51728344],[92.62509918,11.42097092]]],[[[92.77108765,11.78885078],[92.78399658,11.93626118],[92.6799469,11.81880093],[92.76875305,11.99903965],[92.73924255,12.0409174],[92.78360748,12.04693985],[92.73527527,12.06527805],[92.73621368,12.10660362],[92.75749969,12.17639065],[92.72115326,12.18028069],[92.70371246,12.16543007],[92.69522095,12.23939133],[92.62361145,12.1027813],[92.61104584,11.87125969],[92.56240082,11.94647408],[92.51351929,11.84800053],[92.56156158,11.69484997],[92.64438629,11.6362896],[92.61785889,11.56282043],[92.71128082,11.47731781],[92.75665283,11.66507053],[92.66620636,11.6539011],[92.75507355,11.70105553],[92.77108765,11.78885078]]]]},"properties":{"GID_0":"IND","NAME_0":"India","GID_1":"IND.1_1","NAME_1":"Andaman and Nicobar","NL_NAME_1":"","GID_2":"IND.1.3_1","NAME_2":"South Andaman","VARNAME_2":"","NL_NAME_2":"","TYPE_2":"District","ENGTYPE_2":"District","CC_2":"","HASC_2":"IN.AN.SA"}},
{"type":"Feature","geometry":{"type":"Polygon","coordinates":[[[77.44975281,13.67579079],[77.649086,13.77583981],[77.70874786,13.73273945],[77.71286011,13.79051971],[77.82772064,13.86061954],[77.81829071,13.93488121],[77.91160583,13.89724064],[77.97857666,13.94765091],[77.94458008,13.81997108],[78.04115295,13.88672924],[78.11823273,13.77690029],[78.24804688,13.78262138],[78.2663269,13.8864193],[78.45619202,13.98481178],[78.41678619,14.27066994],[78.23745728,14.30696964],[77.93976593,14.55931091],[78.03935242,14.53096962],[78.12613678,14.62074089],[78.13249969,14.68645096],[78.04876709,14.76945019],[78.13677979,14.9380312],[77.98902893,15.03960037],[78.01825714,15.10742092],[77.96219635,15.14920044],[77.88169861,15.16862011],[77.78708649,15.0973196],[77.66333008,15.22528172],[77.60650635,15.17545986],[77.36057281,15.21564102],[77.28864288,15.12472153],[77.15276337,15.13162136],[77.07881927,15.00000954],[76.79693604,15.09076023],[76.75698853,14.98297119],[76.86547852,14.93760014],[76.76091003,14.59628105],[76.87020111,14.46844006],[76.9733963,14.47828102],[76.87909698,14.34638977],[76.94670105,14.30044937],[76.93784332,14.24012089],[77.00411987,14.23156929],[77.10507965,14.21328163],[77.15215302,14.3377409],[77.28114319,14.33111095],[77.38378906,14.1918211],[77.38565826,14.32487011],[77.4962616,14.2717514],[77.5004425,14.15096092],[77.3897171,14.16526031],[77.32618713,14.02293968],[77.43064117,13.96877956],[77.42562866,13.90205193],[77.3483429,13.89654064],[77.31349182,14.02482033],[77.15444183,13.99061012],[77.0236969,14.0532589],[77.0198288,14.17270184],[76.89142609,14.15899944],[76.94629669,14.08526039],[76.93109894,14.02273178],[77.04128265,13.8973999],[76.96839142,13.81439018],[76.99259186,13.74255085],[77.1665802,13.75466919],[77.12388611,13.84939003],[77.17703247,13.91740036],[77.17880249,13.85984039],[77.23384094,13.89493179],[77.2504425,13.83947086],[77.42453003,13.83512974],[77.44975281,13.67579079]]]},"properties":{"GID_0":"IND","NAME_0":"India","GID_1":"IND.2_1","NAME_1":"Andhra Pradesh","NL_NAME_1":"","GID_2":"IND.2.1_1","NAME_2":"Anantapur","VARNAME_2":"Anantpur, Ananthapur","NL_NAME_2":"","TYPE_2":"District","ENGTYPE_2":"District","CC_2":"","HASC_2":"IN.AD.AN"}},
{"type":"Feature","geometry":{"type":"Polygon","coordinates":[[[78.3975296,12.61359024],[78.45961761,12.61740971],[78.48435211,12.73478127],[78.54767609,12.68559074],[78.64671326,12.9190197],[78.61366272,12.97889042],[78.70244598,13.05615139],[78.8760376,13.08615971],[78.92463684,13.01864147],[78.91438293,13.06776142],[78.97959137,13.07651043],[79.15270233,13.00729275],[79.21832275,13.13555145],[79.27384949,13.12090111],[79.30793762,13.09691143],[79.44550323,13.21677113],[79.37460327,13.30303955],[79.41732025,13.32195854],[79.53578186,13.31107044],[79.58026123,13.24537086],[79.66853333,13.28193092],[79.74437714,13.194911],[79.78489685,13.22348022],[79.72129059,13.27223969],[79.92550659,13.33594036],[79.96186066,13.45127964],[80.03604126,13.4844799],[79.98967743,13.5267601],[80.0295105,13.52359009],[79.9465332,13.69427013],[79.85948181,13.6951704],[79.87130737,13.84285069],[79.80024719,13.91224194],[79.76017761,13.83754063],[79.67038727,13.91119957],[79.65886688,13.82271957],[79.57769775,13.9071207],[79.4332428,13.8777113],[79.46092987,13.7835207],[79.30000305,13.71222019],[78.99577332,13.89687061],[78.78939056,13.86885166],[78.76209259,13.81781101],[78.57859039,13.90118122],[78.57388306,13.97362137],[78.48639679,13.92945194],[78.45619202,13.98481178],[78.2663269,13.8864193],[78.24804688,13.78262138],[78.11823273,13.77690029],[78.05834198,13.66697025],[78.15576172,13.64871025],[78.18900299,13.55638027],[78.39076233,13.5781002],[78.36699677,13.32003975],[78.57746887,13.26204967],[78.56907654,13.1564827],[78.4226532,12.96860027],[78.45423889,12.85316181],[78.34542847,12.92806053],[78.30310059,12.84720039],[78.2410965,12.84742069],[78.22064972,12.75259018],[78.18984985,12.6813097],[78.3975296,12.61359024]]]},"properties":{"GID_0":"IND","NAME_0":"India","GID_1":"IND.2_1","NAME_1":"Andhra Pradesh","NL_NAME_1":"","GID_2":"IND.2.2_1","NAME_2":"Chittoor","VARNAME_2":"Chitoor|Chittor","NL_NAME_2":"","TYPE_2":"District","ENGTYPE_2":"District","CC_2":"","HASC_2":"IN.AD.CH"}},
{"type":"Feature","geometry":{"type":"MultiPolygon","coordinates":[[[[81.71055603,16.31986237],[82.30986023,16.5676403],[82.26791382,16.56402779],[82.25763702,16.69011307],[82.17463684,16.7251091],[82.29951477,16.71433258],[82.3429184,16.73791695],[82.36569214,16.90208054],[82.35791779,16.96375275],[82.32541656,16.99014282],[82.35430908,16.85152817],[82.31180573,16.84013939],[82.25041962,16.93402863],[82.36791992,17.11819458],[82.53756714,17.24625015],[82.59526062,17.45261955],[82.54840088,17.51525116],[82.46174622,17.52840996],[82.40267181,17.4629097],[82.25933075,17.61341095],[82.00668335,17.60950089],[82.00878143,17.75113106],[81.85903931,17.74123955],[82.01229858,17.83674049],[81.97305298,18.00567055],[81.75829315,17.89336014],[81.78235626,17.83195114],[81.57662201,17.72609138],[81.49816132,17.48999977],[81.64990234,17.3126297],[81.73927307,16.80315018],[81.85798645,16.60527992],[81.84349823,16.51381111],[81.74791718,16.4257412],[81.70278168,16.44813919],[81.71055603,16.31986237]]],[[[82.25875092,16.69011116],[82.31208038,16.60235977],[82.33207703,16.72486115],[82.28539276,16.69763947],[82.25875092,16.69011116]]]]},"properties":{"GID_0":"IND","NAME_0":"India","GID_1":"IND.2_1","NAME_1":"Andhra Pradesh","NL_NAME_1":"","GID_2":"IND.2.3_1","NAME_2":"East Godavari","VARNAME_2":"","NL_NAME_2":"","TYPE_2":"District","ENGTYPE_2":"District","CC_2":"","HASC_2":"IN.AD.EG"}},
{"type":"Feature","geometry":{"type":"Polygon","coordinates":[[[80.80902863,15.7318058],[80.89550781,15.98985195],[80.80005646,16.27507973],[80.63613129,16.49020958],[80.49962616,16.57660294],[80.13754272,16.65547943],[80.12078094,16.80471992],[80.06967163,16.81360817],[79.94256592,16.63262939],[79.77490234,16.7295208],[79.26611328,16.56147003],[79.21147156,16.36281013],[79.19198608,16.22271919],[79.21746063,16.17394066],[79.53878021,16.3050499],[79.56054687,15.93868065],[79.75087738,15.81556034],[79.79338074,15.93039131],[79.87819672,15.9110918],[79.91562653,15.9559412],[79.86080933,16.00684166],[79.91252136,16.06137085],[79.8771286,16.15732002],[80.04145813,16.1167202],[80.09259796,15.99995995],[80.29666138,16.04430008],[80.41240692,15.99131107],[80.369133,15.97650146],[80.38906097,15.89470005],[80.47184753,15.88778114],[80.42830658,15.80319309],[80.71180725,15.88014126],[80.80958557,15.83708382],[80.80902863,15.7318058]]]},"properties":{"GID_0":"IND","NAME_0":"India","GID_1":"IND.2_1","NAME_1":"Andhra Pradesh","NL_NAME_1":"","GID_2":"IND.2.4_1","NAME_2":"Guntur","VARNAME_2":"","NL_NAME_2":"","TYPE_2":"District","ENGTYPE_2":"District","CC_2":"","HASC_2":"IN.AD.GU"}},
{"type":"Feature","geometry":{"type":"Polygon","coordinates":[[[80.80902863,15.7318058],[81.00624847,15.75791645],[80.99318695,15.82125092],[81.14569092,15.97375011],[81.26541901,16.28125191],[81.36930847,16.36208344],[81.56096649,16.34558105],[81.32121277,16.50941086],[81.3061676,16.68157005],[81.22702789,16.56809044],[81.17118835,16.61359978],[81.00138092,16.55175018],[80.94586182,16.65507126],[81.00697327,16.64120102],[80.97408295,16.70759964],[81.0270462,16.80709076],[80.9274826,16.94779015],[80.95140076,17.03956985],[80.85884857,17.05085182],[80.63960266,17.05512047],[80.56017303,17.1380291],[80.44624329,17.01702118],[80.36699677,17.05656815],[80.35824585,16.97063065],[80.58419037,16.92651939],[80.55458069,16.82478905],[80.60410309,16.78775978],[80.56281281,16.76283073],[80.39971161,16.84973907],[80.37293243,16.81110001],[80.19426727,17.04251289],[80.04588318,16.96529961],[79.99167633,16.86325073],[80.06967163,16.81360817],[80.12078094,16.80471992],[80.13754272,16.65547943],[80.49962616,16.57660294],[80.63613129,16.49020958],[80.80005646,16.27507973],[80.89550781,15.98985195],[80.80902863,15.7318058]]]},"properties":{"GID_0":"IND","NAME_0":"India","GID_1":"IND.2_1","NAME_1":"Andhra Pradesh","NL_NAME_1":"","GID_2":"IND.2.5_1","NAME_2":"Krishna","VARNAME_2":"Kistna","NL_NAME_2":"","TYPE_2":"District","ENGTYPE_2":"District","CC_2":"","HASC_2":"IN.AD.KR"}},
{"type":"Feature","geometry":{"type":"Polygon","coordinates":[[[77.15276337,15.13162136],[77.28864288,15.12472153],[77.36057281,15.21564102],[77.60650635,15.17545986],[77.66333008,15.22528172],[77.78708649,15.0973196],[77.88169861,15.16862011],[77.96219635,15.14920044],[78.01825714,15.10742092],[77.98902893,15.03960037],[78.13677979,14.9380312],[78.22956085,14.94706059],[78.28869629,15.06542969],[78.38726807,15.04659081],[78.34239197,14.98578072],[78.39907837,14.95368195],[78.50284576,15.06027031],[78.47429657,14.8923912],[78.5391922,14.95232105],[78.66271973,14.92040157],[78.75418854,15.03003025],[78.76117706,15.17769146],[78.76725006,15.6715107],[78.80499268,15.86773109],[78.91336823,15.99288082],[78.91335297,16.10884094],[78.83783722,16.15673828],[78.82155609,16.06220055],[78.75393677,16.02100945],[78.61701202,16.09890938],[78.25666809,16.03129959],[78.23796844,15.9290514],[78.10958099,15.82718086],[78.03629303,15.90209103],[78.0018692,15.85923004],[77.79918671,15.86532021],[77.50945282,15.92086029],[77.18062592,15.95006275],[77.02442169,15.82948971],[77.12497711,15.65905094],[77.02928162,15.63383865],[77.02659607,15.49999046],[76.97039032,15.49092197],[77.06157684,15.32186031],[77.16414642,15.2590704],[77.12090302,15.221241],[77.15276337,15.13162136]]]},"properties":{"GID_0":"IND","NAME_0":"India","GID_1":"IND.2_1","NAME_1":"Andhra Pradesh","NL_NAME_1":"","GID_2":"IND.2.6_1","NAME_2":"Kurnool","VARNAME_2":"","NL_NAME_2":"","TYPE_2":"District","ENGTYPE_2":"District","CC_2":"","HASC_2":"IN.AD.KU"}},
{"type":"Feature","geometry":{"type":"Polygon","coordinates":[[[80.11819458,13.5084734],[80.05095673,13.58903122],[80.10679626,13.70930958],[80.13847351,13.61291599],[80.13153076,13.72569466],[80.26431274,13.56014061],[80.26875305,13.56245422],[80.24485779,13.81958389],[80.12208557,14.11458397],[80.19902802,14.58708286],[80.05930328,14.81986046],[80.05347443,15.00971031],[79.9369278,15.00938129],[79.84780884,14.94349194],[79.77191162,14.96552181],[79.7800293,15.05090046],[79.54248047,15.0134201],[79.31513977,15.10785103],[79.11448669,15.09434128],[79.06729126,15.04594994],[79.16957855,14.61217117],[79.40735626,14.27569962],[79.4332428,13.8777113],[79.57769775,13.9071207],[79.65886688,13.82271957],[79.67038727,13.91119957],[79.76017761,13.83754063],[79.80024719,13.91224194],[79.87130737,13.84285069],[79.85948181,13.6951704],[79.9465332,13.69427013],[80.0295105,13.52359009],[80.11819458,13.5084734]]]},"properties":{"GID_0":"IND","NAME_0":"India","GID_1":"IND.2_1","NAME_1":"Andhra Pradesh","NL_NAME_1":"","GID_2":"IND.2.7_1","NAME_2":"Nellore","VARNAME_2":"","NL_NAME_2":"","TYPE_2":"District","ENGTYPE_2":"District","CC_2":"","HASC_2":"IN.AD.NE"}},
{"type":"Feature","geometry":{"type":"Polygon","coordinates":[[[80.05347443,15.00971031],[80.0798645,15.31597328],[80.20069122,15.46541595],[80.27041626,15.67319584],[80.42830658,15.80319309],[80.47184753,15.88778114],[80.38906097,15.89470005],[80.369133,15.97650146],[80.41240692,15.99131107],[80.29666138,16.04430008],[80.09259796,15.99995995],[80.04145813,16.1167202],[79.8771286,16.15732002],[79.91252136,16.06137085],[79.86080933,16.00684166],[79.91562653,15.9559412],[79.87819672,15.9110918],[79.79338074,15.93039131],[79.75087738,15.81556034],[79.56054687,15.93868065],[79.53878021,16.3050499],[79.21746063,16.17394066],[79.19198608,16.22271919],[79.01017761,16.24044991],[78.90808105,16.19104004],[78.91335297,16.10884094],[78.91336823,15.99288082],[78.80499268,15.86773109],[78.76725006,15.6715107],[78.76117706,15.17769146],[78.94090271,15.22887135],[78.96183777,15.16390038],[79.05916595,15.16773129],[79.06729126,15.04594994],[79.11448669,15.09434128],[79.31513977,15.10785103],[79.54248047,15.0134201],[79.7800293,15.05090046],[79.77191162,14.96552181],[79.84780884,14.94349194],[79.9369278,15.00938129],[80.05347443,15.00971031]]]},"properties":{"GID_0":"IND","NAME_0":"India","GID_1":"IND.2_1","NAME_1":"Andhra Pradesh","NL_NAME_1":"","GID_2":"IND.2.8_1","NAME_2":"Prakasam","VARNAME_2":"","NL_NAME_2":"","TYPE_2":"District","ENGTYPE_2":"District","CC_2":"","HASC_2":"IN.AD.PR"}},
{"type":"Feature","geometry":{"type":"Polygon","coordinates":[[[83.65958405,18.07550049],[84.12458038,18.30930519],[84.76101685,19.07131195],[84.73021698,19.08930588],[84.71903229,19.09584427],[84.66501617,19.15673065],[84.59184265,19.12384033],[84.65453339,19.05231094],[84.58769226,19.01299095],[84.56613922,19.06503868],[84.42796326,18.98264122],[84.33222198,18.79202271],[84.08177948,18.74464035],[84.02706146,18.80220032],[83.87017822,18.81842995],[83.78830719,19.00781059],[83.73956299,18.97844124],[83.77050018,18.90159035],[83.81310272,18.82076263],[83.74043274,18.76613045],[83.66439819,18.79599953],[83.51922607,18.69618034],[83.51506805,18.54397964],[83.60154724,18.55154037],[83.564888,18.42214966],[83.40608978,18.40633965],[83.42388153,18.3144207],[83.54711914,18.25177193],[83.65958405,18.07550049]]]},"properties":{"GID_0":"IND","NAME_0":"India","GID_1":"IND.2_1","NAME_1":"Andhra Pradesh","NL_NAME_1":"","GID_2":"IND.2.9_1","NAME_2":"Srikakulam","VARNAME_2":"Srikakulum","NL_NAME_2":"","TYPE_2":"District","ENGTYPE_2":"District","CC_2":"","HASC_2":"IN.AD.SR"}},
{"type":"Feature","geometry":{"type":"Polygon","coordinates":[[[82.53756714,17.24625015],[83.21347046,17.5909729],[83.29541779,17.67513847],[83.26347351,17.71097183],[83.34430695,17.72486115],[83.47744751,17.91846085],[83.3757782,17.90283966],[83.40931702,17.99637985],[83.35079193,18.04648972],[83.1473999,17.82003021],[83.09659576,17.92188072],[83.00078583,17.95891953],[83.14408112,18.14492035],[83.09906006,18.14697266],[83.09571075,18.21212006],[83.15505219,18.17456055],[83.12954712,18.25138092],[83.19930267,18.18209076],[83.26529694,18.21173096],[83.21885681,18.32517052],[83.16464233,18.30041122],[83.09395599,18.35011101],[83.07102203,18.30904961],[83.06582642,18.39315987],[82.90274811,18.35591125],[82.79917145,18.43940163],[82.7670517,18.33107948],[82.62687683,18.22874069],[82.52313232,18.50392914],[82.48161316,18.53845978],[82.42913818,18.48514175],[82.33444214,18.31713295],[82.393013,18.30644035],[82.30609894,18.19565964],[82.36515808,18.13966942],[82.33634949,18.04726028],[82.26695251,18.04827118],[82.25318909,17.98019028],[82.07221222,18.06563759],[81.97305298,18.00567055],[82.01229858,17.83674049],[81.85903931,17.74123955],[82.00878143,17.75113106],[82.00668335,17.60950089],[82.25933075,17.61341095],[82.40267181,17.4629097],[82.46174622,17.52840996],[82.54840088,17.51525116],[82.59526062,17.45261955],[82.53756714,17.24625015]]]},"properties":{"GID_0":"IND","NAME_0":"India","GID_1":"IND.2_1","NAME_1":"Andhra Pradesh","NL_NAME_1":"","GID_2":"IND.2.10_1","NAME_2":"Visakhapatnam","VARNAME_2":"Fisakapatnam|Vizagapatam|Visakhapatnam","NL_NAME_2":"","TYPE_2":"District","ENGTYPE_2":"District","CC_2":"","HASC_2":"IN.AD.VS"}},
{"type":"Feature","geometry":{"type":"Polygon","coordinates":[[[83.65958405,18.07550049],[83.54711914,18.25177193],[83.42388153,18.3144207],[83.40608978,18.40633965],[83.564888,18.42214966],[83.60154724,18.55154037],[83.51506805,18.54397964],[83.51922607,18.69618034],[83.66439819,18.79599953],[83.74043274,18.76613045],[83.81310272,18.82076263],[83.77050018,18.90159035],[83.62328339,19.15363121],[83.53138733,19.00542068],[83.45939636,19.06967163],[83.45548248,18.94557953],[83.34091187,19.0091629],[83.31887817,18.92843819],[83.36106873,18.95340157],[83.39630127,18.83070946],[83.21939087,18.76581955],[83.20506287,18.71586037],[83.13295746,18.77244949],[83.0096817,18.63652992],[83.03247833,18.54788971],[83.08933258,18.53791046],[83.01541138,18.4444294],[83.06582642,18.39315987],[83.07102203,18.30904961],[83.09395599,18.35011101],[83.16464233,18.30041122],[83.21885681,18.32517052],[83.26529694,18.21173096],[83.19930267,18.18209076],[83.12954712,18.25138092],[83.15505219,18.17456055],[83.09571075,18.21212006],[83.09906006,18.14697266],[83.14408112,18.14492035],[83.00078583,17.95891953],[83.09659576,17.92188072],[83.1473999,17.82003021],[83.35079193,18.04648972],[83.40931702,17.99637985],[83.3757782,17.90283966],[83.47744751,17.91846085],[83.65958405,18.07550049]]]},"properties":{"GID_0":"IND","NAME_0":"India","GID_1":"IND.2_1","NAME_1":"Andhra Pradesh","NL_NAME_1":"","GID_2":"IND.2.11_1","NAME_2":"Vizianagaram","VARNAME_2":"Vizianagram","NL_NAME_2":"","TYPE_2":"District","ENGTYPE_2":"District","CC_2":"","HASC_2":"IN.AD.VS"}},
{"type":"Feature","geometry":{"type":"Polygon","coordinates":[[[81.71055603,16.31986237],[81.70278168,16.44813919],[81.74791718,16.4257412],[81.84349823,16.51381111],[81.85798645,16.60527992],[81.73927307,16.80315018],[81.64990234,17.3126297],[81.49816132,17.48999977],[81.41564941,17.36162949],[81.33035278,17.39209938],[81.26716614,17.31999969],[81.18154144,17.32222939],[81.16278839,17.23258018],[80.90534973,17.20129013],[80.85884857,17.05085182],[80.95140076,17.03956985],[80.9274826,16.94779015],[81.0270462,16.80709076],[80.97408295,16.70759964],[81.00697327,16.64120102],[80.94586182,16.65507126],[81.00138092,16.55175018],[81.17118835,16.61359978],[81.22702789,16.56809044],[81.3061676,16.68157005],[81.32121277,16.50941086],[81.56096649,16.34558105],[81.71055603,16.31986237]]]},"properties":{"GID_0":"IND","NAME_0":"India","GID_1":"IND.2_1","NAME_1":"Andhra Pradesh","NL_NAME_1":"","GID_2":"IND.2.12_1","NAME_2":"West Godavari","VARNAME_2":"","NL_NAME_2":"","TYPE_2":"District","ENGTYPE_2":"District","CC_2":"","HASC_2":"IN.AD.WG"}},
{"type":"Feature","geometry":{"type":"Polygon","coordinates":[[[78.45619202,13.98481178],[78.48639679,13.92945194],[78.57388306,13.97362137],[78.57859039,13.90118122],[78.76209259,13.81781101],[78.78939056,13.86885166],[78.99577332,13.89687061],[79.30000305,13.71222019],[79.46092987,13.7835207],[79.4332428,13.8777113],[79.40735626,14.27569962],[79.16957855,14.61217117],[79.06729126,15.04594994],[79.05916595,15.16773129],[78.96183777,15.16390038],[78.94090271,15.22887135],[78.76117706,15.17769146],[78.75418854,15.03003025],[78.66271973,14.92040157],[78.5391922,14.95232105],[78.47429657,14.8923912],[78.50284576,15.06027031],[78.39907837,14.95368195],[78.34239197,14.98578072],[78.38726807,15.04659081],[78.28869629,15.06542969],[78.22956085,14.94706059],[78.13677979,14.9380312],[78.04876709,14.76945019],[78.13249969,14.68645096],[78.12613678,14.62074089],[78.03935242,14.53096962],[77.93976593,14.55931091],[78.23745728,14.30696964],[78.41678619,14.27066994],[78.45619202,13.98481178]]]},"properties":{"GID_0":"IND","NAME_0":"India","GID_1":"IND.2_1","NAME_1":"Andhra Pradesh","NL_NAME_1":"","GID_2":"IND.2.13_1","NAME_2":"Y.S.R.","VARNAME_2":"","NL_NAME_2":"","TYPE_2":"District","ENGTYPE_2":"District","CC_2":"","HASC_2":""}},
{"type":"Feature","geometry":{"type":"Polygon","coordinates":[[[96.69098663,27.66283226],[96.90058136,27.62426949],[97.25647736,27.90953064],[97.38902283,27.89637947],[97.41516113,28.02408028],[97.30774689,28.07710075],[97.4005661,28.20050049],[97.09256744,28.36969185],[96.99649811,28.31623077],[96.89866638,28.3859005],[96.77437592,28.37407112],[96.66456604,28.46577072],[96.45826721,28.41922188],[96.4127121,28.34673119],[96.31532288,28.3884201],[96.30316925,28.37721252],[96.33916473,28.17176819],[96.27694702,28.07991409],[96.42009735,27.92284775],[96.61756134,27.85716629],[96.62258148,27.69826126],[96.69098663,27.66283226]]]},"properties":{"GID_0":"IND","NAME_0":"India","GID_1":"IND.3_1","NAME_1":"Arunachal Pradesh","NL_NAME_1":"","GID_2":"IND.3.1_1","NAME_2":"Anjaw","VARNAME_2":"Lohit Frontier Division","NL_NAME_2":"","TYPE_2":"District","ENGTYPE_2":"District","CC_2":"","HASC_2":"IN.AR.AJ"}},
{"type":"Feature","geometry":{"type":"Polygon","coordinates":[[[95.68798828,26.90189362],[95.75499725,26.90788841],[95.80793762,27.02045059],[95.9571228,27.06822014],[96.09902191,27.23140907],[96.31083679,27.3020401],[96.52233124,27.29397011],[96.6204834,27.3728199],[96.80236053,27.35443115],[96.88877869,27.2635994],[96.8662262,27.19968987],[97.14643097,27.10284042],[97.16720581,27.15547943],[96.91184998,27.46270943],[96.90058136,27.62426949],[96.69098663,27.66283226],[96.37599945,27.65192986],[96.29228973,27.56240082],[96.11235046,27.62208176],[95.8813324,27.55323029],[95.84934235,27.43032074],[95.9777832,27.43549919],[96.01835632,27.36790085],[95.89810944,27.26431084],[95.80628967,27.29174042],[95.63700104,27.23690987],[95.68798828,26.90189362]]]},"properties":{"GID_0":"IND","NAME_0":"India","GID_1":"IND.3_1","NAME_1":"Arunachal Pradesh","NL_NAME_1":"","GID_2":"IND.3.2_1","NAME_2":"Changlang","VARNAME_2":"","NL_NAME_2":"","TYPE_2":"District","ENGTYPE_2":"District","CC_2":"","HASC_2":"IN.AR.CH"}},
{"type":"Feature","geometry":{"type":"Polygon","coordinates":[[[96.36797333,28.56353188],[96.61551666,28.7648201],[96.47740173,28.99403954],[96.52519989,29.07928085],[96.16652679,28.90592957],[96.1848526,28.98811913],[96.11450195,29.07760239],[96.34635925,29.17103004],[96.39280701,29.25650024],[96.24356842,29.23512268],[96.08718872,29.46161079],[95.59873199,29.2618618],[95.45433807,29.03699112],[95.27237701,29.05861282],[95.25491333,28.95297241],[95.32319641,28.93172073],[95.38894653,28.7437706],[95.75292206,28.5934906],[96.15239716,28.65465355],[96.36797333,28.56353188]]]},"properties":{"GID_0":"IND","NAME_0":"India","GID_1":"IND.3_1","NAME_1":"Arunachal Pradesh","NL_NAME_1":"","GID_2":"IND.3.3_1","NAME_2":"Dibang Valley","VARNAME_2":"","NL_NAME_2":"","TYPE_2":"District","ENGTYPE_2":"District","CC_2":"","HASC_2":"IN.AR.DV"}},
{"type":"Feature","geometry":{"type":"Polygon","coordinates":[[[93.27101898,27.59537125],[93.20774841,27.74188995],[92.98423767,27.56340027],[92.85312653,27.64794159],[92.71697235,27.64776993],[92.65297699,27.58618164],[92.65711975,27.5262394],[92.81360626,27.5251503],[92.79979706,27.35148048],[92.90294647,27.21519089],[92.60787201,27.14142036],[92.63909912,27.01853943],[92.87243652,27.00769997],[93.01937103,26.91683006],[93.39073181,26.9600296],[93.31328583,27.08133125],[93.21350861,27.11849022],[93.31004333,27.17426109],[93.22164917,27.20537949],[93.22544098,27.25241089],[93.37226105,27.37315941],[93.27101898,27.59537125]]]},"properties":{"GID_0":"IND","NAME_0":"India","GID_1":"IND.3_1","NAME_1":"Arunachal Pradesh","NL_NAME_1":"","GID_2":"IND.3.4_1","NAME_2":"East Kameng","VARNAME_2":"","NL_NAME_2":"","TYPE_2":"District","ENGTYPE_2":"District","CC_2":"","HASC_2":"IN.AR.EK"}},
{"type":"Feature","geometry":{"type":"Polygon","coordinates":[[[95.51595306,27.88178825],[95.56463623,28.25875092],[95.40924072,28.31937027],[95.19570923,28.14972305],[95.11186981,28.22658157],[95.08158875,28.50489235],[94.94301605,28.56311989],[94.75853729,28.53738976],[94.76329041,28.4257412],[94.8759079,28.41184998],[94.936203,28.25407028],[94.88137054,28.23534966],[94.94954681,28.13196945],[94.8812027,28.00357819],[94.95642853,27.96866989],[94.86086273,27.73947906],[95.51595306,27.88178825]]]},"properties":{"GID_0":"IND","NAME_0":"India","GID_1":"IND.3_1","NAME_1":"Arunachal Pradesh","NL_NAME_1":"","GID_2":"IND.3.5_1","NAME_2":"East Siang","VARNAME_2":"","NL_NAME_2":"","TYPE_2":"District","ENGTYPE_2":"District","CC_2":"","HASC_2":"IN.AR.ES"}},
{"type":"Feature","geometry":{"type":"Polygon","coordinates":[[[93.91059113,28.02886581],[93.84101868,28.23756981],[93.68266296,28.3216095],[93.57034302,28.25695038],[93.33525085,28.35402107],[93.21988678,28.33551025],[93.02366638,28.30319977],[93.00035858,28.23079109],[92.96452332,28.2618103],[92.68698883,28.12579918],[92.66116333,28.06770134],[92.73316193,27.97793007],[92.92948151,27.92045021],[92.98188019,27.82116127],[93.19606781,27.84725952],[93.20774841,27.74188995],[93.27101898,27.59537125],[93.39173126,27.64186668],[93.91059113,28.02886581]]]},"properties":{"GID_0":"IND","NAME_0":"India","GID_1":"IND.3_1","NAME_1":"Arunachal Pradesh","NL_NAME_1":"","GID_2":"IND.3.6_1","NAME_2":"Kurung Kumey","VARNAME_2":"","NL_NAME_2":"","TYPE_2":"District","ENGTYPE_2":"District","CC_2":"","HASC_2":"IN.AR.KK"}},
{"type":"Feature","geometry":{"type":"Polygon","coordinates":[[[96.69098663,27.66283226],[96.62258148,27.69826126],[96.61756134,27.85716629],[96.42009735,27.92284775],[96.27694702,28.07991409],[96.33916473,28.17176819],[96.30316925,28.37721252],[96.23987579,28.30461121],[96.26967621,28.24423981],[96.14382935,28.17511749],[96.05341339,28.20216942],[95.97746277,27.96850014],[95.77052307,27.7159996],[95.94752502,27.76148224],[95.97892761,27.64227104],[96.11235046,27.62208176],[96.29228973,27.56240082],[96.37599945,27.65192986],[96.69098663,27.66283226]]]},"properties":{"GID_0":"IND","NAME_0":"India","GID_1":"IND.3_1","NAME_1":"Arunachal Pradesh","NL_NAME_1":"","GID_2":"IND.3.7_1","NAME_2":"Lohit","VARNAME_2":"Lohit Frontier Division","NL_NAME_2":"","TYPE_2":"District","ENGTYPE_2":"District","CC_2":"","HASC_2":"IN.AR.LH"}},
{"type":"Feature","geometry":{"type":"Polygon","coordinates":[[[95.56562042,26.83378983],[95.55786896,26.89715385],[95.43128204,26.84861374],[95.37036896,26.89001656],[95.37697601,27.10218048],[95.37126923,27.1114006],[95.19551849,27.04294968],[95.23763275,26.68629074],[95.42330933,26.69671249],[95.56562042,26.83378983]]]},"properties":{"GID_0":"IND","NAME_0":"India","GID_1":"IND.3_1","NAME_1":"Arunachal Pradesh","NL_NAME_1":"","GID_2":"IND.3.8_1","NAME_2":"Longding","VARNAME_2":"","NL_NAME_2":"","TYPE_2":"District","ENGTYPE_2":"District","CC_2":"","HASC_2":""}},
{"type":"Feature","geometry":{"type":"Polygon","coordinates":[[[95.97746277,27.96850014],[96.05341339,28.20216942],[96.14382935,28.17511749],[96.26967621,28.24423981],[96.23987579,28.30461121],[96.30316925,28.37721252],[96.31532288,28.3884201],[96.26377106,28.41337967],[96.37296295,28.48703957],[96.32430267,28.53034019],[96.36797333,28.56353188],[96.15239716,28.65465355],[95.75292206,28.5934906],[95.38894653,28.7437706],[95.35050964,28.70689011],[95.40970612,28.55243111],[95.32036591,28.42889977],[95.40924072,28.31937027],[95.56463623,28.25875092],[95.51595306,27.88178825],[95.60674286,27.95776939],[95.97746277,27.96850014]]]},"properties":{"GID_0":"IND","NAME_0":"India","GID_1":"IND.3_1","NAME_1":"Arunachal Pradesh","NL_NAME_1":"","GID_2":"IND.3.9_1","NAME_2":"Lower Dibang Valley","VARNAME_2":"","NL_NAME_2":"","TYPE_2":"District","ENGTYPE_2":"District","CC_2":"","HASC_2":"IN.AR.DL"}},
{"type":"Feature","geometry":{"type":"Polygon","coordinates":[[[94.21111298,27.61084175],[94.35623932,27.72200966],[94.31777191,27.7766304],[94.14634705,27.86919975],[94.0743866,27.851511],[94.06820679,27.94116974],[93.91059113,28.02886581],[93.39173126,27.64186668],[93.52775574,27.62286758],[93.63903809,27.49529266],[93.56439972,27.41522026],[93.65668488,27.33107567],[93.8086853,27.33921814],[93.89554596,27.48443604],[94.21065521,27.49790382],[94.25972748,27.52349091],[94.21111298,27.61084175]]]},"properties":{"GID_0":"IND","NAME_0":"India","GID_1":"IND.3_1","NAME_1":"Arunachal Pradesh","NL_NAME_1":"","GID_2":"IND.3.10_1","NAME_2":"Lower Subansiri","VARNAME_2":"","NL_NAME_2":"","TYPE_2":"District","ENGTYPE_2":"District","CC_2":"","HASC_2":"IN.AR.LS"}},
{"type":"Feature","geometry":{"type":"Polygon","coordinates":[[[95.8813324,27.55323029],[96.11235046,27.62208176],[95.97892761,27.64227104],[95.94752502,27.76148224],[95.77052307,27.7159996],[95.787117,27.62340927],[95.8813324,27.55323029]]]},"properties":{"GID_0":"IND","NAME_0":"India","GID_1":"IND.3_1","NAME_1":"Arunachal Pradesh","NL_NAME_1":"","GID_2":"IND.3.11_1","NAME_2":"Namsai","VARNAME_2":"","NL_NAME_2":"","TYPE_2":"District","ENGTYPE_2":"District","CC_2":"","HASC_2":""}},
{"type":"Feature","geometry":{"type":"Polygon","coordinates":[[[93.27101898,27.59537125],[93.37226105,27.37315941],[93.22544098,27.25241089],[93.22164917,27.20537949],[93.31004333,27.17426109],[93.21350861,27.11849022],[93.31328583,27.08133125],[93.39073181,26.9600296],[93.69828033,26.99479103],[93.83502197,27.07499123],[93.80858612,27.15175056],[94.21065521,27.49790382],[93.89554596,27.48443604],[93.8086853,27.33921814],[93.65668488,27.33107567],[93.56439972,27.41522026],[93.63903809,27.49529266],[93.52775574,27.62286758],[93.39173126,27.64186668],[93.27101898,27.59537125]]]},"properties":{"GID_0":"IND","NAME_0":"India","GID_1":"IND.3_1","NAME_1":"Arunachal Pradesh","NL_NAME_1":"","GID_2":"IND.3.12_1","NAME_2":"Papum Pare","VARNAME_2":"","NL_NAME_2":"","TYPE_2":"District","ENGTYPE_2":"District","CC_2":"","HASC_2":"IN.AR.PA"}},
{"type":"Feature","geometry":{"type":"Polygon","coordinates":[[[92.31595612,27.7782402],[92.21039581,27.85898972],[91.91876221,27.71510124],[91.82421112,27.81035042],[91.55541229,27.85075951],[91.64588928,27.76868057],[91.56292725,27.63264275],[91.65171051,27.48434258],[92.00097656,27.47866631],[92.24637604,27.62951279],[92.31595612,27.7782402]]]},"properties":{"GID_0":"IND","NAME_0":"India","GID_1":"IND.3_1","NAME_1":"Arunachal Pradesh","NL_NAME_1":"","GID_2":"IND.3.13_1","NAME_2":"Tawang","VARNAME_2":"","NL_NAME_2":"","TYPE_2":"District","ENGTYPE_2":"District","CC_2":"","HASC_2":"IN.AR.TA"}},
{"type":"Feature","geometry":{"type":"Polygon","coordinates":[[[95.37697601,27.10218048],[95.37036896,26.89001656],[95.43128204,26.84861374],[95.55786896,26.89715385],[95.56562042,26.83378983],[95.68798828,26.90189362],[95.63700104,27.23690987],[95.49099731,27.24869919],[95.45778656,27.1356411],[95.37697601,27.10218048]]]},"properties":{"GID_0":"IND","NAME_0":"India","GID_1":"IND.3_1","NAME_1":"Arunachal Pradesh","NL_NAME_1":"","GID_2":"IND.3.14_1","NAME_2":"Tirap","VARNAME_2":"Tirap Frontier Tract","NL_NAME_2":"","TYPE_2":"District","ENGTYPE_2":"District","CC_2":"","HASC_2":"IN.AR.TI"}},
{"type":"Feature","geometry":{"type":"Polygon","coordinates":[[[95.40924072,28.31937027],[95.32036591,28.42889977],[95.40970612,28.55243111],[95.35050964,28.70689011],[95.38894653,28.7437706],[95.32319641,28.93172073],[95.25491333,28.95297241],[95.27237701,29.05861282],[95.25076294,29.10988045],[94.99749756,29.17301178],[95.02279663,29.13062096],[94.79798889,29.16460991],[94.62815857,29.34859085],[94.55789948,29.22891045],[94.28772736,29.14814949],[94.17192841,29.00700188],[94.27886963,28.99533272],[94.73069,28.68689346],[94.75853729,28.53738976],[94.94301605,28.56311989],[95.08158875,28.50489235],[95.11186981,28.22658157],[95.19570923,28.14972305],[95.40924072,28.31937027]]]},"properties":{"GID_0":"IND","NAME_0":"India","GID_1":"IND.3_1","NAME_1":"Arunachal Pradesh","NL_NAME_1":"","GID_2":"IND.3.15_1","NAME_2":"Upper Siang","VARNAME_2":"","NL_NAME_2":"","TYPE_2":"District","ENGTYPE_2":"District","CC_2":"","HASC_2":"IN.AR.US"}},
{"type":"Feature","geometry":{"type":"Polygon","coordinates":[[[93.21988678,28.33551025],[93.33525085,28.35402107],[93.57034302,28.25695038],[93.68266296,28.3216095],[93.84101868,28.23756981],[93.91059113,28.02886581],[94.06820679,27.94116974],[94.0743866,27.851511],[94.14634705,27.86919975],[94.31777191,27.7766304],[94.5936203,27.89295006],[94.39057159,28.08634758],[94.40087891,28.34217072],[94.29203033,28.43032074],[94.13816833,28.44582939],[93.99993896,28.57875061],[94.02173615,28.65212059],[93.960289,28.71306038],[93.91960144,28.67037964],[93.84403992,28.70738983],[93.33690643,28.64015961],[93.18266296,28.439991],[93.21988678,28.33551025]]]},"properties":{"GID_0":"IND","NAME_0":"India","GID_1":"IND.3_1","NAME_1":"Arunachal Pradesh","NL_NAME_1":"","GID_2":"IND.3.16_1","NAME_2":"Upper Subansiri","VARNAME_2":"","NL_NAME_2":"","TYPE_2":"District","ENGTYPE_2":"District","CC_2":"","HASC_2":"IN.AR.UB"}},
{"type":"Feature","geometry":{"type":"Polygon","coordinates":[[[92.00097656,27.47866631],[92.12475586,27.2823658],[92.04514313,27.26888657],[92.02390289,27.10948944],[92.1129837,26.89238358],[92.36443329,26.9326992],[92.58521271,26.96186256],[92.63909912,27.01853943],[92.60787201,27.14142036],[92.90294647,27.21519089],[92.79979706,27.35148048],[92.81360626,27.5251503],[92.65711975,27.5262394],[92.65297699,27.58618164],[92.71697235,27.64776993],[92.85312653,27.64794159],[92.98423767,27.56340027],[93.20774841,27.74188995],[93.19606781,27.84725952],[92.98188019,27.82116127],[92.92948151,27.92045021],[92.73316193,27.97793007],[92.56069183,27.82104111],[92.31595612,27.7782402],[92.24637604,27.62951279],[92.00097656,27.47866631]]]},"properties":{"GID_0":"IND","NAME_0":"India","GID_1":"IND.3_1","NAME_1":"Arunachal Pradesh","NL_NAME_1":"","GID_2":"IND.3.17_1","NAME_2":"West Kameng","VARNAME_2":"","NL_NAME_2":"","TYPE_2":"District","ENGTYPE_2":"District","CC_2":"","HASC_2":"IN.AR.WK"}},
{"type":"Feature","geometry":{"type":"Polygon","coordinates":[[[94.86086273,27.73947906],[94.95642853,27.96866989],[94.8812027,28.00357819],[94.94954681,28.13196945],[94.88137054,28.23534966],[94.936203,28.25407028],[94.8759079,28.41184998],[94.76329041,28.4257412],[94.75853729,28.53738976],[94.73069,28.68689346],[94.27886963,28.99533272],[94.17192841,29.00700188],[93.99491119,28.84136963],[93.960289,28.71306038],[94.02173615,28.65212059],[93.99993896,28.57875061],[94.13816833,28.44582939],[94.29203033,28.43032074],[94.40087891,28.34217072],[94.39057159,28.08634758],[94.5936203,27.89295006],[94.31777191,27.7766304],[94.35623932,27.72200966],[94.21111298,27.61084175],[94.4310379,27.60308075],[94.45973969,27.55771065],[94.86086273,27.73947906]]]},"properties":{"GID_0":"IND","NAME_0":"India","GID_1":"IND.3_1","NAME_1":"Arunachal Pradesh","NL_NAME_1":"","GID_2":"IND.3.18_1","NAME_2":"West Siang","VARNAME_2":"","NL_NAME_2":"","TYPE_2":"District","ENGTYPE_2":"District","CC_2":"","HASC_2":"IN.AR.WS"}},
{"type":"Feature","geometry":{"type":"Polygon","coordinates":[[[91.78369141,26.49809265],[91.70168304,26.81181335],[91.49494171,26.79138374],[91.40746307,26.83965874],[91.33742523,26.78123474],[91.09745026,26.82217979],[90.95874786,26.78437805],[90.81601715,26.56857109],[90.85031891,26.52438736],[90.91300201,26.58869171],[90.93775177,26.53961563],[91.10205841,26.51773643],[91.15765381,26.6642971],[91.29123688,26.5761261],[91.31358337,26.49217224],[91.46247864,26.58166504],[91.49859619,26.53133583],[91.59540558,26.55505562],[91.66296387,26.46999931],[91.78023529,26.49506187],[91.78369141,26.49809265]]]},"properties":{"GID_0":"IND","NAME_0":"India","GID_1":"IND.4_1","NAME_1":"Assam","NL_NAME_1":"","GID_2":"IND.4.1_1","NAME_2":"Baksa","VARNAME_2":"Kampur|Ramrup","NL_NAME_2":"","TYPE_2":"District","ENGTYPE_2":"District","CC_2":"","HASC_2":"IN.AS.BK"}},
{"type":"Feature","geometry":{"type":"Polygon","coordinates":[[[91.29123688,26.5761261],[91.15765381,26.6642971],[91.10205841,26.51773643],[90.93775177,26.53961563],[90.91300201,26.58869171],[90.85031891,26.52438736],[90.7857132,26.43913078],[90.85621643,26.43693924],[90.85749054,26.36207008],[90.65808105,26.22798729],[90.71840668,26.13216019],[90.9356308,26.09427071],[91.23349762,26.18287086],[91.29123688,26.5761261]]]},"properties":{"GID_0":"IND","NAME_0":"India","GID_1":"IND.4_1","NAME_1":"Assam","NL_NAME_1":"","GID_2":"IND.4.2_1","NAME_2":"Barpeta","VARNAME_2":"","NL_NAME_2":"","TYPE_2":"District","ENGTYPE_2":"District","CC_2":"","HASC_2":"IN.AS.BP"}},
{"type":"Feature","geometry":{"type":"Polygon","coordinates":[[[90.34599304,26.17593956],[90.45400238,26.1458416],[90.65808105,26.22798729],[90.85749054,26.36207008],[90.85621643,26.43693924],[90.7857132,26.43913078],[90.85031891,26.52438736],[90.76544189,26.52096176],[90.78668976,26.47236061],[90.57069397,26.51413918],[90.54863739,26.42773056],[90.47966003,26.45579338],[90.44104767,26.40590096],[90.4491272,26.35408211],[90.47161865,26.26894188],[90.34599304,26.17593956]]]},"properties":{"GID_0":"IND","NAME_0":"India","GID_1":"IND.4_1","NAME_1":"Assam","NL_NAME_1":"","GID_2":"IND.4.3_1","NAME_2":"Bongaigaon","VARNAME_2":"","NL_NAME_2":"","TYPE_2":"District","ENGTYPE_2":"District","CC_2":"","HASC_2":"IN.AS.BG"}},
{"type":"Feature","geometry":{"type":"Polygon","coordinates":[[[92.76519775,24.52084923],[92.82898712,24.37776947],[92.8963623,24.39430046],[93.00049591,24.40327072],[93.10697937,24.58356094],[93.10978699,24.80974007],[93.17875671,24.79614067],[93.2142868,24.86194992],[93.25287628,24.97514915],[93.06349945,25.00518036],[93.04418182,25.1060791],[92.84127045,25.0559082],[92.7332077,25.14546967],[92.72589111,25.11469078],[92.54294586,25.09959984],[92.48429871,25.10806084],[92.42590332,25.0318203],[92.46328735,24.95591736],[92.49032593,24.8739357],[92.58896637,24.86431122],[92.68470001,24.80908012],[92.67012024,24.59358025],[92.7807312,24.57195091],[92.76519775,24.52084923]]]},"properties":{"GID_0":"IND","NAME_0":"India","GID_1":"IND.4_1","NAME_1":"Assam","NL_NAME_1":"","GID_2":"IND.4.4_1","NAME_2":"Cachar","VARNAME_2":"","NL_NAME_2":"","TYPE_2":"District","ENGTYPE_2":"District","CC_2":"","HASC_2":"IN.AS.CA"}},
{"type":"Feature","geometry":{"type":"Polygon","coordinates":[[[90.85031891,26.52438736],[90.81601715,26.56857109],[90.95874786,26.78437805],[90.64320374,26.78033638],[90.5231781,26.66505241],[90.57210541,26.53180504],[90.35350037,26.5463829],[90.37744141,26.48600006],[90.45759583,26.48496246],[90.44104767,26.40590096],[90.47966003,26.45579338],[90.54863739,26.42773056],[90.57069397,26.51413918],[90.78668976,26.47236061],[90.76544189,26.52096176],[90.85031891,26.52438736]]]},"properties":{"GID_0":"IND","NAME_0":"India","GID_1":"IND.4_1","NAME_1":"Assam","NL_NAME_1":"","GID_2":"IND.4.5_1","NAME_2":"Chirang","VARNAME_2":"","NL_NAME_2":"","TYPE_2":"District","ENGTYPE_2":"District","CC_2":"","HASC_2":"IN.AS.CH"}},
{"type":"Feature","geometry":{"type":"Polygon","coordinates":[[[92.34393311,26.50379944],[92.38331604,26.53619003],[92.33413696,26.66889191],[92.25131226,26.57910156],[92.20219421,26.6656189],[92.07669067,26.62862015],[92.08210754,26.4816246],[92.02807617,26.55950928],[91.9304657,26.57466888],[91.78369141,26.49809265],[91.78023529,26.49506187],[91.82144165,26.33310127],[91.74983215,26.20890617],[91.95339203,26.25503922],[92.34393311,26.50379944]]]},"properties":{"GID_0":"IND","NAME_0":"India","GID_1":"IND.4_1","NAME_1":"Assam","NL_NAME_1":"","GID_2":"IND.4.6_1","NAME_2":"Darrang","VARNAME_2":"","NL_NAME_2":"","TYPE_2":"District","ENGTYPE_2":"District","CC_2":"","HASC_2":"IN.AS.DR"}},
{"type":"Feature","geometry":{"type":"Polygon","coordinates":[[[94.21111298,27.61084175],[94.25972748,27.52349091],[94.30753326,27.43374062],[94.27176666,27.36606026],[94.50900269,27.34817123],[94.5981369,27.2861042],[94.98374176,27.65487289],[95.27604675,27.68721962],[95.41985321,27.74323082],[95.51595306,27.88178825],[94.86086273,27.73947906],[94.45973969,27.55771065],[94.4310379,27.60308075],[94.21111298,27.61084175]]]},"properties":{"GID_0":"IND","NAME_0":"India","GID_1":"IND.4_1","NAME_1":"Assam","NL_NAME_1":"","GID_2":"IND.4.7_1","NAME_2":"Dhemaji","VARNAME_2":"","NL_NAME_2":"","TYPE_2":"District","ENGTYPE_2":"District","CC_2":"","HASC_2":"IN.AS.DM"}},
{"type":"Feature","geometry":{"type":"Polygon","coordinates":[[[89.71930695,26.16640663],[89.7879715,26.01930618],[89.87065887,25.98145294],[89.8253479,25.9455719],[89.88594055,25.94358063],[89.81452942,25.81698036],[89.86273193,25.54319382],[90.00582123,25.58836937],[89.89261627,25.73500061],[90.11865234,25.96125984],[90.17627716,25.99108124],[90.19246674,26.12653923],[90.34599304,26.17593956],[90.47161865,26.26894188],[90.4491272,26.35408211],[90.34716034,26.41381264],[90.27807617,26.31999969],[90.2168808,26.32949829],[90.22412872,26.38553047],[90.05059814,26.29693031],[89.98539734,26.34558105],[89.76196289,26.3170681],[89.70061493,26.18346405],[89.70253754,26.17712021],[89.71930695,26.16640663]]]},"properties":{"GID_0":"IND","NAME_0":"India","GID_1":"IND.4_1","NAME_1":"Assam","NL_NAME_1":"","GID_2":"IND.4.8_1","NAME_2":"Dhubri","VARNAME_2":"","NL_NAME_2":"","TYPE_2":"District","ENGTYPE_2":"District","CC_2":"","HASC_2":"IN.AS.DB"}},
{"type":"Feature","geometry":{"type":"Polygon","coordinates":[[[95.37697601,27.10218048],[95.45778656,27.1356411],[95.49099731,27.24869919],[95.44576263,27.26231956],[95.47354126,27.37020111],[95.22065735,27.46293068],[95.32144928,27.59246063],[95.27604675,27.68721962],[94.98374176,27.65487289],[94.5981369,27.2861042],[94.56933594,27.18278122],[94.59456635,27.14953041],[94.64530182,27.25089073],[94.74447632,27.27905083],[94.81328583,27.10370064],[94.96920013,27.2336998],[94.98895264,27.15143967],[95.16454315,27.13231087],[95.28884125,27.20253754],[95.37126923,27.1114006],[95.37697601,27.10218048]]]},"properties":{"GID_0":"IND","NAME_0":"India","GID_1":"IND.4_1","NAME_1":"Assam","NL_NAME_1":"","GID_2":"IND.4.9_1","NAME_2":"Dibrugarh","VARNAME_2":"","NL_NAME_2":"","TYPE_2":"District","ENGTYPE_2":"District","CC_2":"","HASC_2":"IN.AS.DI"}},
{"type":"Feature","geometry":{"type":"Polygon","coordinates":[[[92.54294586,25.09959984],[92.72589111,25.11469078],[92.7332077,25.14546967],[92.84127045,25.0559082],[93.04418182,25.1060791],[93.06349945,25.00518036],[93.25287628,24.97514915],[93.47402191,25.3092804],[93.46186829,25.4346981],[93.33174133,25.54681015],[93.21253967,25.54730988],[93.1446228,25.71602821],[93.07192993,25.77754021],[92.93057251,25.81030083],[92.82141113,25.74253082],[92.74997711,25.60267258],[92.66072083,25.58184052],[92.56741333,25.46747017],[92.78437042,25.3325386],[92.80442047,25.21932983],[92.66690826,25.17706108],[92.62164307,25.11770058],[92.52466583,25.14002991],[92.54294586,25.09959984]]]},"properties":{"GID_0":"IND","NAME_0":"India","GID_1":"IND.4_1","NAME_1":"Assam","NL_NAME_1":"","GID_2":"IND.4.10_1","NAME_2":"Dima Hasao","VARNAME_2":"","NL_NAME_2":"","TYPE_2":"District","ENGTYPE_2":"District","CC_2":"","HASC_2":""}},
{"type":"Feature","geometry":{"type":"Polygon","coordinates":[[[90.77806091,25.90829086],[90.80989075,25.95215988],[90.91911316,25.913311],[90.94274902,25.9475708],[91.02922058,25.88804817],[91.09749603,26.0098381],[90.9356308,26.09427071],[90.71840668,26.13216019],[90.65808105,26.22798729],[90.45400238,26.1458416],[90.34599304,26.17593956],[90.19246674,26.12653923],[90.17627716,25.99108124],[90.11865234,25.96125984],[90.39649963,26.01415062],[90.5057373,25.99602127],[90.51254272,25.89624023],[90.5824585,25.95979118],[90.61419678,25.89950943],[90.74743652,25.95732117],[90.77806091,25.90829086]]]},"properties":{"GID_0":"IND","NAME_0":"India","GID_1":"IND.4_1","NAME_1":"Assam","NL_NAME_1":"","GID_2":"IND.4.11_1","NAME_2":"Goalpara","VARNAME_2":"","NL_NAME_2":"","TYPE_2":"District","ENGTYPE_2":"District","CC_2":"","HASC_2":"IN.AS.GP"}},
{"type":"Feature","geometry":{"type":"Polygon","coordinates":[[[94.1676712,26.35330963],[94.09645844,26.64933968],[93.97527313,26.76914978],[94.01074219,26.84002113],[93.96253204,26.9295311],[93.82518005,26.82864761],[93.77217102,26.84703064],[93.64998627,26.79226112],[93.65007019,26.70819283],[93.50943756,26.76335907],[93.30745697,26.70086288],[93.30287933,26.58109093],[93.75048065,26.58566093],[93.77642822,26.38766098],[93.88452148,26.39782906],[93.89710236,26.32088089],[93.77301788,25.96602058],[93.79576111,25.81435013],[93.96075439,25.90585518],[93.98268127,25.92626953],[94.00480652,26.17327118],[94.1676712,26.35330963]]]},"properties":{"GID_0":"IND","NAME_0":"India","GID_1":"IND.4_1","NAME_1":"Assam","NL_NAME_1":"","GID_2":"IND.4.12_1","NAME_2":"Golaghat","VARNAME_2":"","NL_NAME_2":"","TYPE_2":"District","ENGTYPE_2":"District","CC_2":"","HASC_2":"IN.AS.GG"}},
{"type":"Feature","geometry":{"type":"Polygon","coordinates":[[[92.76519775,24.52084923],[92.7807312,24.57195091],[92.67012024,24.59358025],[92.68470001,24.80908012],[92.58896637,24.86431122],[92.49717712,24.68169022],[92.50065613,24.4023304],[92.42237854,24.25311089],[92.43743134,24.15135002],[92.53289032,24.18053055],[92.76519775,24.52084923]]]},"properties":{"GID_0":"IND","NAME_0":"India","GID_1":"IND.4_1","NAME_1":"Assam","NL_NAME_1":"","GID_2":"IND.4.13_1","NAME_2":"Hailakandi","VARNAME_2":"","NL_NAME_2":"","TYPE_2":"District","ENGTYPE_2":"District","CC_2":"","HASC_2":"IN.AS.HA"}},
{"type":"Feature","geometry":{"type":"Polygon","coordinates":[[[94.5951767,26.72989082],[94.51548767,26.77950096],[94.48124695,26.93840981],[94.40078735,26.96210098],[94.59456635,27.14953041],[94.56933594,27.18278122],[94.41779327,27.09489059],[94.26611328,27.09597969],[94.13398743,26.97298241],[93.96253204,26.9295311],[94.01074219,26.84002113],[93.97527313,26.76914978],[94.09645844,26.64933968],[94.1676712,26.35330963],[94.2822876,26.56353951],[94.31651306,26.46293068],[94.40988159,26.61643982],[94.5951767,26.72989082]]]},"properties":{"GID_0":"IND","NAME_0":"India","GID_1":"IND.4_1","NAME_1":"Assam","NL_NAME_1":"","GID_2":"IND.4.14_1","NAME_2":"Jorhat","VARNAME_2":"","NL_NAME_2":"","TYPE_2":"District","ENGTYPE_2":"District","CC_2":"","HASC_2":"IN.AS.JO"}},
{"type":"Feature","geometry":{"type":"Polygon","coordinates":[[[90.9356308,26.09427071],[91.09749603,26.0098381],[91.02922058,25.88804817],[91.00078583,25.82225037],[91.1964798,25.8590107],[91.22387695,25.72341919],[91.34249115,25.83609962],[91.52540588,25.87289047],[91.47476196,25.87123108],[91.57583618,26.03310966],[91.63215637,26.02240944],[91.61115265,25.93992043],[91.66931152,25.90538979],[91.77206421,26.08448219],[91.63020325,26.15657806],[91.74983215,26.20890617],[91.82144165,26.33310127],[91.78023529,26.49506187],[91.66296387,26.46999931],[91.59540558,26.55505562],[91.53333282,26.33447075],[91.4122467,26.26143074],[91.41285706,26.13708115],[91.23349762,26.18287086],[90.9356308,26.09427071]]]},"properties":{"GID_0":"IND","NAME_0":"India","GID_1":"IND.4_1","NAME_1":"Assam","NL_NAME_1":"","GID_2":"IND.4.16_1","NAME_2":"Kamrup","VARNAME_2":"Kampur, Ramrup","NL_NAME_2":"","TYPE_2":"District","ENGTYPE_2":"District","CC_2":"","HASC_2":"IN.AS.KU"}},
{"type":"Feature","geometry":{"type":"Polygon","coordinates":[[[91.95339203,26.25503922],[91.74983215,26.20890617],[91.63020325,26.15657806],[91.77206421,26.08448219],[91.87578583,26.09773064],[91.92209625,25.99953079],[92.17830658,26.07950974],[92.1681366,26.16493988],[91.95339203,26.25503922]]]},"properties":{"GID_0":"IND","NAME_0":"India","GID_1":"IND.4_1","NAME_1":"Assam","NL_NAME_1":"","GID_2":"IND.4.15_1","NAME_2":"Kamrup Metropolitan","VARNAME_2":"Kampur, Ramrup","NL_NAME_2":"","TYPE_2":"District","ENGTYPE_2":"District","CC_2":"","HASC_2":"IN.AS.KM"}},
{"type":"Feature","geometry":{"type":"MultiPolygon","coordinates":[[[[92.66072083,25.58184052],[92.74997711,25.60267258],[92.82141113,25.74253082],[92.93057251,25.81030083],[93.07192993,25.77754021],[92.98625946,25.87792969],[92.87101746,25.86903],[92.80400085,25.92113113],[92.75125122,26.06340027],[92.57177734,25.96282959],[92.57415771,26.11584282],[92.41088104,26.13756752],[92.30158234,26.0764904],[92.15631866,25.94479942],[92.22547913,25.90704918],[92.15310669,25.81274986],[92.1605072,25.67329025],[92.38510132,25.75356293],[92.57250214,25.56042099],[92.66072083,25.58184052]]],[[[93.77301788,25.96602058],[93.89710236,26.32088089],[93.88452148,26.39782906],[93.77642822,26.38766098],[93.75048065,26.58566093],[93.30287933,26.58109093],[93.23810577,26.55442047],[93.29367828,26.50519943],[93.1651001,26.52434158],[93.18753815,26.57015038],[93.04522705,26.53791046],[93.01071167,26.48459053],[93.1268692,26.49979019],[93.11733246,26.44323158],[92.90351105,26.40160942],[92.94249725,26.32915115],[92.84857178,26.30665016],[92.797966,26.22385025],[92.94291687,26.20331955],[92.93634796,26.14081001],[93.10723877,26.07786942],[93.2508316,25.81088066],[93.22254944,25.72847176],[93.1446228,25.71602821],[93.21253967,25.54730988],[93.33174133,25.54681015],[93.53149414,25.69400597],[93.77301788,25.96602058]]]]},"properties":{"GID_0":"IND","NAME_0":"India","GID_1":"IND.4_1","NAME_1":"Assam","NL_NAME_1":"","GID_2":"IND.4.17_1","NAME_2":"Karbi Anglong","VARNAME_2":"Mikir Hills , Korbi Anglong","NL_NAME_2":"","TYPE_2":"District","ENGTYPE_2":"District","CC_2":"","HASC_2":"IN.AS.KA"}},
{"type":"Feature","geometry":{"type":"Polygon","coordinates":[[[92.49032593,24.8739357],[92.23262024,24.90205574],[92.29588318,24.7366333],[92.21572876,24.50774193],[92.27308655,24.38845062],[92.21289063,24.24932861],[92.29668427,24.25174141],[92.42237854,24.25311089],[92.50065613,24.4023304],[92.49717712,24.68169022],[92.58896637,24.86431122],[92.49032593,24.8739357]]]},"properties":{"GID_0":"IND","NAME_0":"India","GID_1":"IND.4_1","NAME_1":"Assam","NL_NAME_1":"","GID_2":"IND.4.18_1","NAME_2":"Karimganj","VARNAME_2":"","NL_NAME_2":"","TYPE_2":"District","ENGTYPE_2":"District","CC_2":"","HASC_2":"IN.AS.KR"}},
{"type":"Feature","geometry":{"type":"Polygon","coordinates":[[[90.64320374,26.78033638],[90.35644531,26.90100861],[90.23021698,26.85911751],[90.19459534,26.77344513],[89.8600769,26.70137405],[89.87062073,26.45989037],[89.8332901,26.41229057],[89.76196289,26.3170681],[89.98539734,26.34558105],[90.05059814,26.29693031],[90.22412872,26.38553047],[90.2168808,26.32949829],[90.27807617,26.31999969],[90.34716034,26.41381264],[90.4491272,26.35408211],[90.44104767,26.40590096],[90.45759583,26.48496246],[90.37744141,26.48600006],[90.35350037,26.5463829],[90.57210541,26.53180504],[90.5231781,26.66505241],[90.64320374,26.78033638]]]},"properties":{"GID_0":"IND","NAME_0":"India","GID_1":"IND.4_1","NAME_1":"Assam","NL_NAME_1":"","GID_2":"IND.4.19_1","NAME_2":"Kokrajhar","VARNAME_2":"","NL_NAME_2":"","TYPE_2":"District","ENGTYPE_2":"District","CC_2":"","HASC_2":"IN.AS.KJ"}},
{"type":"Feature","geometry":{"type":"Polygon","coordinates":[[[93.96253204,26.9295311],[94.13398743,26.97298241],[94.26611328,27.09597969],[94.41779327,27.09489059],[94.56933594,27.18278122],[94.5981369,27.2861042],[94.50900269,27.34817123],[94.27176666,27.36606026],[94.30753326,27.43374062],[94.25972748,27.52349091],[94.21065521,27.49790382],[93.80858612,27.15175056],[93.83502197,27.07499123],[93.69828033,26.99479103],[93.77217102,26.84703064],[93.82518005,26.82864761],[93.96253204,26.9295311]]]},"properties":{"GID_0":"IND","NAME_0":"India","GID_1":"IND.4_1","NAME_1":"Assam","NL_NAME_1":"","GID_2":"IND.4.20_1","NAME_2":"Lakhimpur","VARNAME_2":"North Lakhimpur, Lakhmipur, Lakimpur","NL_NAME_2":"","TYPE_2":"District","ENGTYPE_2":"District","CC_2":"","HASC_2":"IN.AS.LA"}},
{"type":"Feature","geometry":{"type":"Polygon","coordinates":[[[91.95339203,26.25503922],[92.1681366,26.16493988],[92.17830658,26.07950974],[92.30158234,26.0764904],[92.41088104,26.13756752],[92.56741333,26.38117409],[92.45182037,26.38459778],[92.41378784,26.51700401],[92.34393311,26.50379944],[91.95339203,26.25503922]]]},"properties":{"GID_0":"IND","NAME_0":"India","GID_1":"IND.4_1","NAME_1":"Assam","NL_NAME_1":"","GID_2":"IND.4.21_1","NAME_2":"Morigaon","VARNAME_2":"","NL_NAME_2":"","TYPE_2":"District","ENGTYPE_2":"District","CC_2":"","HASC_2":"IN.AS.MA"}},
{"type":"Feature","geometry":{"type":"Polygon","coordinates":[[[92.41088104,26.13756752],[92.57415771,26.11584282],[92.57177734,25.96282959],[92.75125122,26.06340027],[92.80400085,25.92113113],[92.87101746,25.86903],[92.98625946,25.87792969],[93.07192993,25.77754021],[93.1446228,25.71602821],[93.22254944,25.72847176],[93.2508316,25.81088066],[93.10723877,26.07786942],[92.93634796,26.14081001],[92.94291687,26.20331955],[92.797966,26.22385025],[92.84857178,26.30665016],[92.94249725,26.32915115],[92.90351105,26.40160942],[93.11733246,26.44323158],[93.1268692,26.49979019],[93.01071167,26.48459053],[93.04522705,26.53791046],[93.18753815,26.57015038],[93.1651001,26.52434158],[93.29367828,26.50519943],[93.23810577,26.55442047],[93.30287933,26.58109093],[93.30745697,26.70086288],[93.11367798,26.57703972],[92.95159149,26.62075806],[92.75354767,26.51385117],[92.41378784,26.51700401],[92.45182037,26.38459778],[92.56741333,26.38117409],[92.41088104,26.13756752]]]},"properties":{"GID_0":"IND","NAME_0":"India","GID_1":"IND.4_1","NAME_1":"Assam","NL_NAME_1":"","GID_2":"IND.4.22_1","NAME_2":"Nagaon","VARNAME_2":"Nowgong","NL_NAME_2":"","TYPE_2":"District","ENGTYPE_2":"District","CC_2":"","HASC_2":"IN.AS.NG"}},
{"type":"Feature","geometry":{"type":"Polygon","coordinates":[[[91.23349762,26.18287086],[91.41285706,26.13708115],[91.4122467,26.26143074],[91.53333282,26.33447075],[91.59540558,26.55505562],[91.49859619,26.53133583],[91.46247864,26.58166504],[91.31358337,26.49217224],[91.29123688,26.5761261],[91.23349762,26.18287086]]]},"properties":{"GID_0":"IND","NAME_0":"India","GID_1":"IND.4_1","NAME_1":"Assam","NL_NAME_1":"","GID_2":"IND.4.23_1","NAME_2":"Nalbari","VARNAME_2":"","NL_NAME_2":"","TYPE_2":"District","ENGTYPE_2":"District","CC_2":"","HASC_2":"IN.AS.NB"}},
{"type":"Feature","geometry":{"type":"Polygon","coordinates":[[[94.79078674,26.80145264],[94.88622284,26.93246078],[95.02134705,26.92539978],[95.19551849,27.04294968],[95.37126923,27.1114006],[95.28884125,27.20253754],[95.16454315,27.13231087],[94.98895264,27.15143967],[94.96920013,27.2336998],[94.81328583,27.10370064],[94.74447632,27.27905083],[94.64530182,27.25089073],[94.59456635,27.14953041],[94.40078735,26.96210098],[94.48124695,26.93840981],[94.51548767,26.77950096],[94.5951767,26.72989082],[94.73773193,26.76885033],[94.79078674,26.80145264]]]},"properties":{"GID_0":"IND","NAME_0":"India","GID_1":"IND.4_1","NAME_1":"Assam","NL_NAME_1":"","GID_2":"IND.4.24_1","NAME_2":"Sivasagar","VARNAME_2":"Sivasagar","NL_NAME_2":"","TYPE_2":"District","ENGTYPE_2":"District","CC_2":"","HASC_2":"IN.AS.SI"}},
{"type":"Feature","geometry":{"type":"Polygon","coordinates":[[[92.34393311,26.50379944],[92.41378784,26.51700401],[92.75354767,26.51385117],[92.95159149,26.62075806],[93.11367798,26.57703972],[93.30745697,26.70086288],[93.50943756,26.76335907],[93.65007019,26.70819283],[93.64998627,26.79226112],[93.77217102,26.84703064],[93.69828033,26.99479103],[93.39073181,26.9600296],[93.01937103,26.91683006],[92.87243652,27.00769997],[92.63909912,27.01853943],[92.58521271,26.96186256],[92.36443329,26.9326992],[92.33413696,26.66889191],[92.38331604,26.53619003],[92.34393311,26.50379944]]]},"properties":{"GID_0":"IND","NAME_0":"India","GID_1":"IND.4_1","NAME_1":"Assam","NL_NAME_1":"","GID_2":"IND.4.25_1","NAME_2":"Sonitpur","VARNAME_2":"Sontipur","NL_NAME_2":"","TYPE_2":"District","ENGTYPE_2":"District","CC_2":"","HASC_2":"IN.AS.SN"}},
{"type":"Feature","geometry":{"type":"Polygon","coordinates":[[[95.27604675,27.68721962],[95.32144928,27.59246063],[95.22065735,27.46293068],[95.47354126,27.37020111],[95.44576263,27.26231956],[95.49099731,27.24869919],[95.63700104,27.23690987],[95.80628967,27.29174042],[95.89810944,27.26431084],[96.01835632,27.36790085],[95.9777832,27.43549919],[95.84934235,27.43032074],[95.8813324,27.55323029],[95.787117,27.62340927],[95.77052307,27.7159996],[95.97746277,27.96850014],[95.60674286,27.95776939],[95.51595306,27.88178825],[95.41985321,27.74323082],[95.27604675,27.68721962]]]},"properties":{"GID_0":"IND","NAME_0":"India","GID_1":"IND.4_1","NAME_1":"Assam","NL_NAME_1":"","GID_2":"IND.4.26_1","NAME_2":"Tinsukia","VARNAME_2":"","NL_NAME_2":"","TYPE_2":"District","ENGTYPE_2":"District","CC_2":"","HASC_2":"IN.AS.TI"}},
{"type":"Feature","geometry":{"type":"Polygon","coordinates":[[[92.33413696,26.66889191],[92.36443329,26.9326992],[92.1129837,26.89238358],[92.01700592,26.85014534],[91.85913086,26.91370773],[91.70168304,26.81181335],[91.78369141,26.49809265],[91.9304657,26.57466888],[92.02807617,26.55950928],[92.08210754,26.4816246],[92.07669067,26.62862015],[92.20219421,26.6656189],[92.25131226,26.57910156],[92.33413696,26.66889191]]]},"properties":{"GID_0":"IND","NAME_0":"India","GID_1":"IND.4_1","NAME_1":"Assam","NL_NAME_1":"","GID_2":"IND.4.27_1","NAME_2":"Udalguri","VARNAME_2":"","NL_NAME_2":"","TYPE_2":"District","ENGTYPE_2":"District","CC_2":"","HASC_2":"IN.AS.UD"}},
{"type":"Feature","geometry":{"type":"Polygon","coordinates":[[[87.64583588,26.39334869],[87.46909332,26.44006538],[87.34341431,26.34751511],[87.14151001,26.41458893],[87.07427979,26.58546638],[87.03588104,26.55659676],[87.08603668,26.05542946],[87.07479858,25.96062088],[87.51085663,25.97084045],[87.6709671,26.11094284],[87.68942261,26.19758987],[87.59873199,26.35116959],[87.64583588,26.39334869]]]},"properties":{"GID_0":"IND","NAME_0":"India","GID_1":"IND.5_1","NAME_1":"Bihar","NL_NAME_1":"","GID_2":"IND.5.1_1","NAME_2":"Araria","VARNAME_2":"","NL_NAME_2":"","TYPE_2":"District","ENGTYPE_2":"District","CC_2":"","HASC_2":"IN.BR.AR"}},
{"type":"Feature","geometry":{"type":"Polygon","coordinates":[[[84.85675049,25.2170105],[84.7170105,25.20508957],[84.78037262,25.25394058],[84.68241119,25.25674057],[84.69715118,25.3164711],[84.45775604,25.16241074],[84.44016266,25.1295929],[84.73145294,25.05792046],[84.87017059,25.06483459],[84.85675049,25.2170105]]]},"properties":{"GID_0":"IND","NAME_0":"India","GID_1":"IND.5_1","NAME_1":"Bihar","NL_NAME_1":"","GID_2":"IND.5.2_1","NAME_2":"Arwal","VARNAME_2":"","NL_NAME_2":"","TYPE_2":"District","ENGTYPE_2":"District","CC_2":"","HASC_2":"IN.BR.AW"}},
{"type":"Feature","geometry":{"type":"Polygon","coordinates":[[[84.73145294,25.05792046],[84.44016266,25.1295929],[83.99221039,24.63803291],[84.10977936,24.48139954],[84.14605713,24.54030037],[84.17926025,24.51041985],[84.18830109,24.55532074],[84.29297638,24.56599045],[84.32170868,24.48975754],[84.39702606,24.57261276],[84.53923798,24.52779961],[84.59628296,24.65676117],[84.71534729,24.70121002],[84.72561646,24.79570961],[84.63282776,24.87824249],[84.70912933,24.92015839],[84.73145294,25.05792046]]]},"properties":{"GID_0":"IND","NAME_0":"India","GID_1":"IND.5_1","NAME_1":"Bihar","NL_NAME_1":"","GID_2":"IND.5.3_1","NAME_2":"Aurangabad","VARNAME_2":"","NL_NAME_2":"","TYPE_2":"District","ENGTYPE_2":"District","CC_2":"","HASC_2":"IN.BR.AU"}},
{"type":"Feature","geometry":{"type":"Polygon","coordinates":[[[86.60929871,24.60741043],[86.668396,24.56064034],[86.7771225,24.61976051],[86.91117859,24.53867912],[86.93009186,24.64282036],[87.04440308,24.62403107],[87.17384338,25.05800247],[86.68749237,25.11802864],[86.63700867,24.97447968],[86.49929047,24.9847908],[86.48935699,24.75811005],[86.53983307,24.77151108],[86.60929871,24.60741043]]]},"properties":{"GID_0":"IND","NAME_0":"India","GID_1":"IND.5_1","NAME_1":"Bihar","NL_NAME_1":"","GID_2":"IND.5.4_1","NAME_2":"Banka","VARNAME_2":"","NL_NAME_2":"","TYPE_2":"District","ENGTYPE_2":"District","CC_2":"","HASC_2":"IN.BR.BA"}},
{"type":"Feature","geometry":{"type":"Polygon","coordinates":[[[86.05734253,25.33431053],[86.19278717,25.24990845],[86.30722046,25.31689072],[86.50255585,25.42852974],[86.41897583,25.5003109],[86.32441711,25.49127007],[86.28575134,25.64003944],[86.18667603,25.66302109],[86.10092926,25.77575111],[86.12953949,25.73639107],[86.00821686,25.71994019],[86.01235199,25.59173965],[85.86406708,25.66616249],[85.83583069,25.57678986],[85.76792908,25.58876038],[85.72836304,25.52724075],[85.87872314,25.50241089],[85.88027191,25.42344093],[86.01191711,25.35837936],[86.04473114,25.39113045],[86.05734253,25.33431053]]]},"properties":{"GID_0":"IND","NAME_0":"India","GID_1":"IND.5_1","NAME_1":"Bihar","NL_NAME_1":"","GID_2":"IND.5.5_1","NAME_2":"Begusarai","VARNAME_2":"","NL_NAME_2":"","TYPE_2":"District","ENGTYPE_2":"District","CC_2":"","HASC_2":"IN.BR.BE"}},
{"type":"Feature","geometry":{"type":"Polygon","coordinates":[[[86.68749237,25.11802864],[87.17384338,25.05800247],[87.29110718,25.08926964],[87.32345581,25.22309113],[87.47216034,25.19466972],[87.48150635,25.29517174],[87.53974915,25.28161812],[87.5474472,25.33094025],[87.36231232,25.42267036],[87.26081085,25.35106277],[87.22529602,25.45127106],[87.0839386,25.44112015],[87.09601593,25.51432991],[87.06697083,25.46925926],[86.919487,25.49380112],[86.81774139,25.44383049],[86.85350037,25.36743164],[86.72470856,25.25377846],[86.63257599,25.23788071],[86.72904205,25.1839695],[86.68749237,25.11802864]]]},"properties":{"GID_0":"IND","NAME_0":"India","GID_1":"IND.5_1","NAME_1":"Bihar","NL_NAME_1":"","GID_2":"IND.5.6_1","NAME_2":"Bhagalpur","VARNAME_2":"Bhagaipur","NL_NAME_2":"","TYPE_2":"District","ENGTYPE_2":"District","CC_2":"","HASC_2":"IN.BR.BG"}},
{"type":"Feature","geometry":{"type":"Polygon","coordinates":[[[84.84561157,25.6967907],[84.59552002,25.73911095],[84.51638031,25.67770958],[84.38117218,25.73425102],[84.32065582,25.65716934],[84.35373688,25.46581078],[84.26734924,25.36099815],[84.32836151,25.29899979],[84.3131485,25.21663284],[84.45775604,25.16241074],[84.69715118,25.3164711],[84.84561157,25.6967907]]]},"properties":{"GID_0":"IND","NAME_0":"India","GID_1":"IND.5_1","NAME_1":"Bihar","NL_NAME_1":"","GID_2":"IND.5.7_1","NAME_2":"Bhojpur","VARNAME_2":"","NL_NAME_2":"","TYPE_2":"District","ENGTYPE_2":"District","CC_2":"","HASC_2":"IN.BR.BJ"}},
{"type":"Feature","geometry":{"type":"Polygon","coordinates":[[[84.26734924,25.36099815],[84.35373688,25.46581078],[84.32065582,25.65716934],[84.38117218,25.73425102],[84.3312912,25.74457169],[84.28557587,25.66152954],[84.09439087,25.72038078],[84.07650757,25.63753128],[83.92098236,25.56172943],[83.76193237,25.38791084],[83.89160919,25.29487038],[84.02764893,25.26869965],[84.03793335,25.37561035],[84.26734924,25.36099815]]]},"properties":{"GID_0":"IND","NAME_0":"India","GID_1":"IND.5_1","NAME_1":"Bihar","NL_NAME_1":"","GID_2":"IND.5.8_1","NAME_2":"Buxar","VARNAME_2":"","NL_NAME_2":"","TYPE_2":"District","ENGTYPE_2":"District","CC_2":"","HASC_2":"IN.BR.BU"}},
{"type":"Feature","geometry":{"type":"Polygon","coordinates":[[[85.70709991,26.09134102],[85.7217865,26.03771973],[85.83795929,26.03676033],[85.9123764,25.95626068],[86.30371857,25.86734962],[86.39964294,25.93131256],[86.36988831,26.04480934],[86.2334671,26.23266983],[86.03418732,26.19641113],[85.98023224,26.3260498],[85.80483246,26.29787064],[85.82964325,26.3832798],[85.76055145,26.43687057],[85.68186951,26.41501999],[85.69642639,26.30785942],[85.74633026,26.14529037],[85.70709991,26.09134102]]]},"properties":{"GID_0":"IND","NAME_0":"India","GID_1":"IND.5_1","NAME_1":"Bihar","NL_NAME_1":"","GID_2":"IND.5.9_1","NAME_2":"Darbhanga","VARNAME_2":"","NL_NAME_2":"","TYPE_2":"District","ENGTYPE_2":"District","CC_2":"","HASC_2":"IN.BR.DA"}},
{"type":"Feature","geometry":{"type":"Polygon","coordinates":[[[85.38336945,24.53519058],[85.3113327,24.56209946],[85.32554626,24.71241951],[85.2629776,24.75047112],[85.38922119,24.96628952],[85.19728088,25.05367088],[84.93110657,24.98128128],[84.87017059,25.06483459],[84.73145294,25.05792046],[84.70912933,24.92015839],[84.63282776,24.87824249],[84.72561646,24.79570961],[84.71534729,24.70121002],[84.59628296,24.65676117],[84.53923798,24.52779961],[84.39702606,24.57261276],[84.32170868,24.48975754],[84.28526306,24.46591949],[84.33586121,24.39583015],[84.4935379,24.28704071],[84.52152252,24.37626076],[84.65825653,24.39374161],[84.79532623,24.52949142],[84.89803314,24.37212944],[85.07615662,24.43987083],[85.08068085,24.38075066],[85.15289307,24.46414948],[85.38336945,24.53519058]]]},"properties":{"GID_0":"IND","NAME_0":"India","GID_1":"IND.5_1","NAME_1":"Bihar","NL_NAME_1":"","GID_2":"IND.5.10_1","NAME_2":"Gaya","VARNAME_2":"","NL_NAME_2":"","TYPE_2":"District","ENGTYPE_2":"District","CC_2":"","HASC_2":"IN.BR.GA"}},
{"type":"Feature","geometry":{"type":"Polygon","coordinates":[[[84.8681488,26.25700951],[84.65245056,26.46479034],[84.58006287,26.44098091],[84.48343658,26.60481071],[84.45033264,26.63347054],[84.40670013,26.58527184],[84.40737152,26.63805962],[84.2722168,26.59936142],[84.08177948,26.64286041],[84.04878235,26.55033112],[83.90220642,26.51807976],[83.90228271,26.45025063],[84.1713562,26.37397957],[84.3482666,26.30039024],[84.35658264,26.36993027],[84.44960785,26.37133026],[84.75470734,26.21270943],[84.89009857,26.21652985],[84.8681488,26.25700951]]]},"properties":{"GID_0":"IND","NAME_0":"India","GID_1":"IND.5_1","NAME_1":"Bihar","NL_NAME_1":"","GID_2":"IND.5.11_1","NAME_2":"Gopalganj","VARNAME_2":"","NL_NAME_2":"","TYPE_2":"District","ENGTYPE_2":"District","CC_2":"","HASC_2":"IN.BR.GO"}},
{"type":"Feature","geometry":{"type":"Polygon","coordinates":[[[86.60929871,24.60741043],[86.53983307,24.77151108],[86.48935699,24.75811005],[86.49929047,24.9847908],[86.37792969,25.0587101],[86.41223907,25.13743973],[86.23548889,25.05561066],[86.2290802,24.98995018],[86.13944244,25.04897118],[86.12587738,25.00128174],[85.88066864,25.00233078],[85.83059692,24.9854908],[85.82121277,24.91776276],[85.877388,24.92897987],[85.89115906,24.86821938],[86.05058289,24.77954102],[86.13329315,24.60354042],[86.32286072,24.58409119],[86.27913666,24.4620018],[86.45220947,24.36862946],[86.60929871,24.60741043]]]},"properties":{"GID_0":"IND","NAME_0":"India","GID_1":"IND.5_1","NAME_1":"Bihar","NL_NAME_1":"","GID_2":"IND.5.12_1","NAME_2":"Jamui","VARNAME_2":"Zamui","NL_NAME_2":"","TYPE_2":"District","ENGTYPE_2":"District","CC_2":"","HASC_2":"IN.BR.JA"}},
{"type":"Feature","geometry":{"type":"Polygon","coordinates":[[[85.17370605,25.3096199],[85.01756287,25.26754951],[84.98593903,25.32143974],[84.85675049,25.2170105],[84.87017059,25.06483459],[84.93110657,24.98128128],[85.19728088,25.05367088],[85.17370605,25.3096199]]]},"properties":{"GID_0":"IND","NAME_0":"India","GID_1":"IND.5_1","NAME_1":"Bihar","NL_NAME_1":"","GID_2":"IND.5.13_1","NAME_2":"Jehanabad","VARNAME_2":"","NL_NAME_2":"","TYPE_2":"District","ENGTYPE_2":"District","CC_2":"","HASC_2":"IN.BR.JH"}},
{"type":"Feature","geometry":{"type":"Polygon","coordinates":[[[83.38680267,24.78421974],[83.51264954,24.68341064],[83.5171814,24.54916954],[83.73725128,24.56987953],[83.77780151,24.76041985],[83.7116394,24.83716011],[83.81307983,24.99060059],[83.80058289,25.21541023],[83.89160919,25.29487038],[83.76193237,25.38791084],[83.53465271,25.31520081],[83.33586121,25.18357086],[83.31607056,25.02733994],[83.38680267,24.78421974]]]},"properties":{"GID_0":"IND","NAME_0":"India","GID_1":"IND.5_1","NAME_1":"Bihar","NL_NAME_1":"","GID_2":"IND.5.14_1","NAME_2":"Kaimur","VARNAME_2":"Kaimur","NL_NAME_2":"","TYPE_2":"District","ENGTYPE_2":"District","CC_2":"","HASC_2":"IN.BR.KM"}},
{"type":"Feature","geometry":{"type":"Polygon","coordinates":[[[87.22529602,25.45127106],[87.26081085,25.35106277],[87.36231232,25.42267036],[87.5474472,25.33094025],[87.6841507,25.31013107],[87.7875824,25.2204895],[87.83664703,25.19926071],[87.85652161,25.2777729],[87.78398132,25.33242989],[87.78132629,25.44465065],[87.92604828,25.53621292],[88.07041168,25.48050117],[88.04862976,25.69057083],[87.81828308,25.88148117],[87.78531647,25.74738121],[87.70612335,25.76222992],[87.56775665,25.6561203],[87.25489807,25.71688271],[87.22529602,25.45127106]]]},"properties":{"GID_0":"IND","NAME_0":"India","GID_1":"IND.5_1","NAME_1":"Bihar","NL_NAME_1":"","GID_2":"IND.5.15_1","NAME_2":"Katihar","VARNAME_2":"Kathihar","NL_NAME_2":"","TYPE_2":"District","ENGTYPE_2":"District","CC_2":"","HASC_2":"IN.BR.KT"}},
{"type":"Feature","geometry":{"type":"Polygon","coordinates":[[[86.72470856,25.25377846],[86.85350037,25.36743164],[86.81774139,25.44383049],[86.8474884,25.57792091],[86.80127716,25.63831139],[86.50518036,25.61128807],[86.40994263,25.72855949],[86.28575134,25.64003944],[86.32441711,25.49127007],[86.41897583,25.5003109],[86.50255585,25.42852974],[86.56642914,25.49389076],[86.64550018,25.27233124],[86.72470856,25.25377846]]]},"properties":{"GID_0":"IND","NAME_0":"India","GID_1":"IND.5_1","NAME_1":"Bihar","NL_NAME_1":"","GID_2":"IND.5.16_1","NAME_2":"Khagaria","VARNAME_2":"","NL_NAME_2":"","TYPE_2":"District","ENGTYPE_2":"District","CC_2":"","HASC_2":"IN.BR.KH"}},
{"type":"Feature","geometry":{"type":"Polygon","coordinates":[[[87.64583588,26.39334869],[87.59873199,26.35116959],[87.68942261,26.19758987],[87.6709671,26.11094284],[87.85941315,26.11354065],[87.80467224,25.97265053],[87.81787109,25.93301964],[87.84211731,26.04448128],[87.91293335,26.0909729],[87.97219086,26.08485031],[87.96405792,26.15197945],[88.27955627,26.33553123],[88.23664856,26.4493103],[88.179039,26.49057961],[88.23120117,26.55198288],[88.10614777,26.53562355],[88.03255463,26.36463165],[87.89063263,26.48641968],[87.64583588,26.39334869]]]},"properties":{"GID_0":"IND","NAME_0":"India","GID_1":"IND.5_1","NAME_1":"Bihar","NL_NAME_1":"","GID_2":"IND.5.17_1","NAME_2":"Kishanganj","VARNAME_2":"","NL_NAME_2":"","TYPE_2":"District","ENGTYPE_2":"District","CC_2":"","HASC_2":"IN.BR.KI"}},
{"type":"Feature","geometry":{"type":"Polygon","coordinates":[[[86.30722046,25.31689072],[86.19278717,25.24990845],[86.05734253,25.33431053],[85.8983078,25.29387283],[85.91838837,25.2441082],[85.94608307,25.07189941],[85.88066864,25.00233078],[86.12587738,25.00128174],[86.13944244,25.04897118],[86.2290802,24.98995018],[86.23548889,25.05561066],[86.41223907,25.13743973],[86.42507172,25.20463943],[86.30722046,25.31689072]]]},"properties":{"GID_0":"IND","NAME_0":"India","GID_1":"IND.5_1","NAME_1":"Bihar","NL_NAME_1":"","GID_2":"IND.5.18_1","NAME_2":"Lakhisarai","VARNAME_2":"","NL_NAME_2":"","TYPE_2":"District","ENGTYPE_2":"District","CC_2":"","HASC_2":"IN.BR.LA"}},
{"type":"Feature","geometry":{"type":"Polygon","coordinates":[[[86.81774139,25.44383049],[86.919487,25.49380112],[87.06697083,25.46925926],[87.09601593,25.51432991],[87.05014801,25.52749062],[86.9838562,25.94176292],[87.07479858,25.96062088],[87.08603668,26.05542946],[86.73226166,26.12044907],[86.62766266,26.02894974],[86.61116028,25.94403267],[86.86374664,25.81848907],[86.8571167,25.67613983],[86.80127716,25.63831139],[86.8474884,25.57792091],[86.81774139,25.44383049]]]},"properties":{"GID_0":"IND","NAME_0":"India","GID_1":"IND.5_1","NAME_1":"Bihar","NL_NAME_1":"","GID_2":"IND.5.19_1","NAME_2":"Madhepura","VARNAME_2":"Madhipura","NL_NAME_2":"","TYPE_2":"District","ENGTYPE_2":"District","CC_2":"","HASC_2":"IN.BR.MP"}},
{"type":"Feature","geometry":{"type":"Polygon","coordinates":[[[86.71256256,26.43582344],[86.32928467,26.61930275],[86.21961212,26.58810997],[86.03073883,26.66642189],[85.86089325,26.56857681],[85.81832123,26.60381889],[85.76055145,26.43687057],[85.82964325,26.3832798],[85.80483246,26.29787064],[85.98023224,26.3260498],[86.03418732,26.19641113],[86.2334671,26.23266983],[86.36988831,26.04480934],[86.42131805,26.07608986],[86.5210495,26.15479088],[86.39093781,26.20996094],[86.50081635,26.22602081],[86.5177002,26.3073101],[86.68656158,26.37333107],[86.71256256,26.43582344]]]},"properties":{"GID_0":"IND","NAME_0":"India","GID_1":"IND.5_1","NAME_1":"Bihar","NL_NAME_1":"","GID_2":"IND.5.20_1","NAME_2":"Madhubani","VARNAME_2":"","NL_NAME_2":"","TYPE_2":"District","ENGTYPE_2":"District","CC_2":"","HASC_2":"IN.BR.MB"}},
{"type":"Feature","geometry":{"type":"Polygon","coordinates":[[[86.68749237,25.11802864],[86.72904205,25.1839695],[86.63257599,25.23788071],[86.72470856,25.25377846],[86.64550018,25.27233124],[86.56642914,25.49389076],[86.50255585,25.42852974],[86.30722046,25.31689072],[86.42507172,25.20463943],[86.41223907,25.13743973],[86.37792969,25.0587101],[86.49929047,24.9847908],[86.63700867,24.97447968],[86.68749237,25.11802864]]]},"properties":{"GID_0":"IND","NAME_0":"India","GID_1":"IND.5_1","NAME_1":"Bihar","NL_NAME_1":"","GID_2":"IND.5.21_1","NAME_2":"Munger","VARNAME_2":"Monghyr","NL_NAME_2":"","TYPE_2":"District","ENGTYPE_2":"District","CC_2":"","HASC_2":"IN.BR.MG"}},
{"type":"Feature","geometry":{"type":"Polygon","coordinates":[[[85.0613327,25.97289085],[85.26204681,26.01453018],[85.28526306,25.94293022],[85.6255722,25.92361069],[85.61692047,26.00279045],[85.70709991,26.09134102],[85.74633026,26.14529037],[85.69642639,26.30785942],[85.572052,26.39496994],[85.49859619,26.38240051],[85.43197632,26.27190018],[85.36929321,26.32670975],[85.27458954,26.35082054],[85.2180481,26.37162018],[85.26709747,26.33645058],[85.19603729,26.28651047],[85.17167664,26.3422699],[84.89650726,26.32319069],[84.8681488,26.25700951],[84.89009857,26.21652985],[84.9318161,26.01828957],[85.0613327,25.97289085]]]},"properties":{"GID_0":"IND","NAME_0":"India","GID_1":"IND.5_1","NAME_1":"Bihar","NL_NAME_1":"","GID_2":"IND.5.22_1","NAME_2":"Muzaffarpur","VARNAME_2":"Muzafarpur","NL_NAME_2":"","TYPE_2":"District","ENGTYPE_2":"District","CC_2":"","HASC_2":"IN.BR.MZ"}},
{"type":"Feature","geometry":{"type":"Polygon","coordinates":[[[85.8983078,25.29387283],[85.80362701,25.29201126],[85.71408081,25.36483002],[85.64642334,25.31290817],[85.57109833,25.42514992],[85.39859009,25.46174049],[85.35624695,25.40094185],[85.18090057,25.40299034],[85.17370605,25.3096199],[85.19728088,25.05367088],[85.38922119,24.96628952],[85.55895233,24.98688126],[85.63369751,25.09930038],[85.59932709,25.12931061],[85.72122955,25.19774055],[85.69473267,25.27004051],[85.78011322,25.21785927],[85.91838837,25.2441082],[85.8983078,25.29387283]]]},"properties":{"GID_0":"IND","NAME_0":"India","GID_1":"IND.5_1","NAME_1":"Bihar","NL_NAME_1":"","GID_2":"IND.5.23_1","NAME_2":"Nalanda","VARNAME_2":"","NL_NAME_2":"","TYPE_2":"District","ENGTYPE_2":"District","CC_2":"","HASC_2":"IN.BR.NL"}},
{"type":"Feature","geometry":{"type":"Polygon","coordinates":[[[85.44213104,24.53938484],[85.51830292,24.52454948],[85.57657623,24.60301018],[85.66470337,24.58193016],[85.6495285,24.68704033],[85.73674011,24.82265091],[85.90457153,24.76128006],[85.96613312,24.73229027],[86.05058289,24.77954102],[85.89115906,24.86821938],[85.877388,24.92897987],[85.82121277,24.91776276],[85.83059692,24.9854908],[85.74752808,24.99432945],[85.75167084,25.10764122],[85.63369751,25.09930038],[85.55895233,24.98688126],[85.38922119,24.96628952],[85.2629776,24.75047112],[85.32554626,24.71241951],[85.3113327,24.56209946],[85.38336945,24.53519058],[85.44213104,24.53938484]]]},"properties":{"GID_0":"IND","NAME_0":"India","GID_1":"IND.5_1","NAME_1":"Bihar","NL_NAME_1":"","GID_2":"IND.5.24_1","NAME_2":"Nawada","VARNAME_2":"Nawadah","NL_NAME_2":"","TYPE_2":"District","ENGTYPE_2":"District","CC_2":"","HASC_2":"IN.BR.NW"}},
{"type":"Feature","geometry":{"type":"Polygon","coordinates":[[[83.89804077,27.27898979],[83.98512268,27.1817627],[83.94082642,27.08962059],[84.02072144,27.09548187],[84.05200195,26.89170074],[84.16892242,26.83451843],[84.2410965,26.86243057],[84.2339859,26.73953056],[84.29802704,26.7532711],[84.40737152,26.63805962],[84.40670013,26.58527184],[84.45033264,26.63347054],[84.48343658,26.60481071],[84.71524811,26.74487114],[84.73642731,26.81946945],[84.67177582,26.91685104],[84.7544632,27.0046978],[84.64485168,27.04724693],[84.69306183,27.21480179],[84.62201691,27.33820724],[84.29341125,27.38504219],[84.11071777,27.52151489],[84.05419922,27.44262123],[83.87024689,27.42850685],[83.90840912,27.38429642],[83.85850525,27.35096169],[83.83058929,27.32135963],[83.92359924,27.31643105],[83.89804077,27.27898979]]]},"properties":{"GID_0":"IND","NAME_0":"India","GID_1":"IND.5_1","NAME_1":"Bihar","NL_NAME_1":"","GID_2":"IND.5.25_1","NAME_2":"Pashchim Champaran","VARNAME_2":"West Champaran, Paschimi Champaran, Paschim-Champaram","NL_NAME_2":"","TYPE_2":"District","ENGTYPE_2":"District","CC_2":"","HASC_2":"IN.BR.WC"}},
{"type":"Feature","geometry":{"type":"Polygon","coordinates":[[[85.17370605,25.3096199],[85.18090057,25.40299034],[85.35624695,25.40094185],[85.39859009,25.46174049],[85.57109833,25.42514992],[85.64642334,25.31290817],[85.71408081,25.36483002],[85.80362701,25.29201126],[85.8983078,25.29387283],[86.05734253,25.33431053],[86.04473114,25.39113045],[86.01191711,25.35837936],[85.88027191,25.42344093],[85.87872314,25.50241089],[85.72836304,25.52724075],[85.63182831,25.46402168],[85.53119659,25.50616264],[85.30371094,25.51633072],[85.18704987,25.62502098],[85.02272034,25.73279953],[84.84561157,25.6967907],[84.69715118,25.3164711],[84.68241119,25.25674057],[84.78037262,25.25394058],[84.7170105,25.20508957],[84.85675049,25.2170105],[84.98593903,25.32143974],[85.01756287,25.26754951],[85.17370605,25.3096199]]]},"properties":{"GID_0":"IND","NAME_0":"India","GID_1":"IND.5_1","NAME_1":"Bihar","NL_NAME_1":"","GID_2":"IND.5.26_1","NAME_2":"Patna","VARNAME_2":"","NL_NAME_2":"","TYPE_2":"District","ENGTYPE_2":"District","CC_2":"","HASC_2":"IN.BR.PA"}},
{"type":"Feature","geometry":{"type":"Polygon","coordinates":[[[85.2596283,26.75603104],[85.18258667,26.79548836],[85.1913147,26.86981583],[85.02444458,26.85543251],[85.06241608,26.8867054],[84.96448517,26.96027565],[84.7544632,27.0046978],[84.67177582,26.91685104],[84.73642731,26.81946945],[84.71524811,26.74487114],[84.48343658,26.60481071],[84.58006287,26.44098091],[84.65245056,26.46479034],[84.8681488,26.25700951],[84.89650726,26.32319069],[85.17167664,26.3422699],[85.19603729,26.28651047],[85.26709747,26.33645058],[85.2180481,26.37162018],[85.27458954,26.35082054],[85.1727829,26.49014091],[85.26043701,26.64362907],[85.2596283,26.75603104]]]},"properties":{"GID_0":"IND","NAME_0":"India","GID_1":"IND.5_1","NAME_1":"Bihar","NL_NAME_1":"","GID_2":"IND.5.27_1","NAME_2":"Purba Champaran","VARNAME_2":"East Champaran, Purbi Champaran, Purba Champaram","NL_NAME_2":"","TYPE_2":"District","ENGTYPE_2":"District","CC_2":"","HASC_2":"IN.BR.EC"}},
{"type":"Feature","geometry":{"type":"Polygon","coordinates":[[[87.07479858,25.96062088],[86.9838562,25.94176292],[87.05014801,25.52749062],[87.09601593,25.51432991],[87.0839386,25.44112015],[87.22529602,25.45127106],[87.25489807,25.71688271],[87.56775665,25.6561203],[87.70612335,25.76222992],[87.78531647,25.74738121],[87.81828308,25.88148117],[87.81787109,25.93301964],[87.80467224,25.97265053],[87.85941315,26.11354065],[87.6709671,26.11094284],[87.51085663,25.97084045],[87.07479858,25.96062088]]]},"properties":{"GID_0":"IND","NAME_0":"India","GID_1":"IND.5_1","NAME_1":"Bihar","NL_NAME_1":"","GID_2":"IND.5.28_1","NAME_2":"Purnia","VARNAME_2":"Purnea","NL_NAME_2":"","TYPE_2":"District","ENGTYPE_2":"District","CC_2":"","HASC_2":"IN.BR.PU"}},
{"type":"Feature","geometry":{"type":"Polygon","coordinates":[[[83.99221039,24.63803291],[84.44016266,25.1295929],[84.45775604,25.16241074],[84.3131485,25.21663284],[84.32836151,25.29899979],[84.26734924,25.36099815],[84.03793335,25.37561035],[84.02764893,25.26869965],[83.89160919,25.29487038],[83.80058289,25.21541023],[83.81307983,24.99060059],[83.7116394,24.83716011],[83.77780151,24.76041985],[83.73725128,24.56987953],[83.5171814,24.54916954],[83.49816895,24.52705956],[83.86804199,24.53288078],[83.99221039,24.63803291]]]},"properties":{"GID_0":"IND","NAME_0":"India","GID_1":"IND.5_1","NAME_1":"Bihar","NL_NAME_1":"","GID_2":"IND.5.29_1","NAME_2":"Rohtas","VARNAME_2":"","NL_NAME_2":"","TYPE_2":"District","ENGTYPE_2":"District","CC_2":"","HASC_2":"IN.BR.RO"}},
{"type":"Feature","geometry":{"type":"Polygon","coordinates":[[[86.40994263,25.72855949],[86.50518036,25.61128807],[86.80127716,25.63831139],[86.8571167,25.67613983],[86.86374664,25.81848907],[86.61116028,25.94403267],[86.62766266,26.02894974],[86.50927734,25.9988575],[86.49814606,26.06488991],[86.42131805,26.07608986],[86.36988831,26.04480934],[86.39964294,25.93131256],[86.30371857,25.86734962],[86.40733337,25.79676056],[86.40994263,25.72855949]]]},"properties":{"GID_0":"IND","NAME_0":"India","GID_1":"IND.5_1","NAME_1":"Bihar","NL_NAME_1":"","GID_2":"IND.5.30_1","NAME_2":"Saharsa","VARNAME_2":"","NL_NAME_2":"","TYPE_2":"District","ENGTYPE_2":"District","CC_2":"","HASC_2":"IN.BR.SH"}},
{"type":"Feature","geometry":{"type":"Polygon","coordinates":[[[85.72836304,25.52724075],[85.76792908,25.58876038],[85.83583069,25.57678986],[85.86406708,25.66616249],[86.01235199,25.59173965],[86.00821686,25.71994019],[86.12953949,25.73639107],[86.10092926,25.77575111],[86.18667603,25.66302109],[86.28575134,25.64003944],[86.40994263,25.72855949],[86.40733337,25.79676056],[86.30371857,25.86734962],[85.9123764,25.95626068],[85.83795929,26.03676033],[85.7217865,26.03771973],[85.70709991,26.09134102],[85.61692047,26.00279045],[85.6255722,25.92361069],[85.53119659,25.50616264],[85.63182831,25.46402168],[85.72836304,25.52724075]]]},"properties":{"GID_0":"IND","NAME_0":"India","GID_1":"IND.5_1","NAME_1":"Bihar","NL_NAME_1":"","GID_2":"IND.5.31_1","NAME_2":"Samastipur","VARNAME_2":"","NL_NAME_2":"","TYPE_2":"District","ENGTYPE_2":"District","CC_2":"","HASC_2":"IN.BR.SM"}},
{"type":"Feature","geometry":{"type":"Polygon","coordinates":[[[84.84561157,25.6967907],[85.02272034,25.73279953],[85.18704987,25.62502098],[85.15907288,25.83403969],[85.0613327,25.97289085],[84.9318161,26.01828957],[84.89009857,26.21652985],[84.75470734,26.21270943],[84.69940186,26.08433151],[84.40751648,26.03436089],[84.45066071,25.89022064],[84.62021637,25.79409027],[84.59552002,25.73911095],[84.84561157,25.6967907]]]},"properties":{"GID_0":"IND","NAME_0":"India","GID_1":"IND.5_1","NAME_1":"Bihar","NL_NAME_1":"","GID_2":"IND.5.32_1","NAME_2":"Saran","VARNAME_2":"","NL_NAME_2":"","TYPE_2":"District","ENGTYPE_2":"District","CC_2":"","HASC_2":"IN.BR.SR"}},
{"type":"Feature","geometry":{"type":"Polygon","coordinates":[[[85.83059692,24.9854908],[85.88066864,25.00233078],[85.94608307,25.07189941],[85.91838837,25.2441082],[85.78011322,25.21785927],[85.69473267,25.27004051],[85.72122955,25.19774055],[85.59932709,25.12931061],[85.63369751,25.09930038],[85.75167084,25.10764122],[85.74752808,24.99432945],[85.83059692,24.9854908]]]},"properties":{"GID_0":"IND","NAME_0":"India","GID_1":"IND.5_1","NAME_1":"Bihar","NL_NAME_1":"","GID_2":"IND.5.33_1","NAME_2":"Sheikhpura","VARNAME_2":"","NL_NAME_2":"","TYPE_2":"District","ENGTYPE_2":"District","CC_2":"","HASC_2":"IN.BR.SP"}},
{"type":"Feature","geometry":{"type":"Polygon","coordinates":[[[85.27458954,26.35082054],[85.36929321,26.32670975],[85.46572876,26.49991035],[85.3686676,26.53821945],[85.35102844,26.63616943],[85.26043701,26.64362907],[85.1727829,26.49014091],[85.27458954,26.35082054]]]},"properties":{"GID_0":"IND","NAME_0":"India","GID_1":"IND.5_1","NAME_1":"Bihar","NL_NAME_1":"","GID_2":"IND.5.34_1","NAME_2":"Sheohar","VARNAME_2":"","NL_NAME_2":"","TYPE_2":"District","ENGTYPE_2":"District","CC_2":"","HASC_2":"IN.BR.SO"}},
{"type":"Feature","geometry":{"type":"Polygon","coordinates":[[[85.81832123,26.60381889],[85.72581482,26.67394447],[85.72332001,26.82001495],[85.63668823,26.87190247],[85.33631897,26.74141502],[85.2596283,26.75603104],[85.26043701,26.64362907],[85.35102844,26.63616943],[85.3686676,26.53821945],[85.46572876,26.49991035],[85.36929321,26.32670975],[85.43197632,26.27190018],[85.49859619,26.38240051],[85.572052,26.39496994],[85.69642639,26.30785942],[85.68186951,26.41501999],[85.76055145,26.43687057],[85.81832123,26.60381889]]]},"properties":{"GID_0":"IND","NAME_0":"India","GID_1":"IND.5_1","NAME_1":"Bihar","NL_NAME_1":"","GID_2":"IND.5.35_1","NAME_2":"Sitamarhi","VARNAME_2":"","NL_NAME_2":"","TYPE_2":"District","ENGTYPE_2":"District","CC_2":"","HASC_2":"IN.BR.ST"}},
{"type":"Feature","geometry":{"type":"Polygon","coordinates":[[[84.45066071,25.89022064],[84.40751648,26.03436089],[84.69940186,26.08433151],[84.75470734,26.21270943],[84.44960785,26.37133026],[84.35658264,26.36993027],[84.3482666,26.30039024],[84.1713562,26.37397957],[84.15730286,26.24413109],[84.00551605,26.23406982],[84.04905701,26.09970093],[84.16622925,25.99150085],[84.45066071,25.89022064]]]},"properties":{"GID_0":"IND","NAME_0":"India","GID_1":"IND.5_1","NAME_1":"Bihar","NL_NAME_1":"","GID_2":"IND.5.36_1","NAME_2":"Siwan","VARNAME_2":"Sivan","NL_NAME_2":"","TYPE_2":"District","ENGTYPE_2":"District","CC_2":"","HASC_2":"IN.BR.SW"}},
{"type":"Feature","geometry":{"type":"Polygon","coordinates":[[[86.62766266,26.02894974],[86.73226166,26.12044907],[87.08603668,26.05542946],[87.03588104,26.55659676],[86.84536743,26.43992805],[86.71256256,26.43582344],[86.68656158,26.37333107],[86.5177002,26.3073101],[86.50081635,26.22602081],[86.39093781,26.20996094],[86.5210495,26.15479088],[86.42131805,26.07608986],[86.49814606,26.06488991],[86.50927734,25.9988575],[86.62766266,26.02894974]]]},"properties":{"GID_0":"IND","NAME_0":"India","GID_1":"IND.5_1","NAME_1":"Bihar","NL_NAME_1":"","GID_2":"IND.5.37_1","NAME_2":"Supaul","VARNAME_2":"","NL_NAME_2":"","TYPE_2":"District","ENGTYPE_2":"District","CC_2":"","HASC_2":"IN.BR.SU"}},
{"type":"Feature","geometry":{"type":"Polygon","coordinates":[[[85.18704987,25.62502098],[85.30371094,25.51633072],[85.53119659,25.50616264],[85.6255722,25.92361069],[85.28526306,25.94293022],[85.26204681,26.01453018],[85.0613327,25.97289085],[85.15907288,25.83403969],[85.18704987,25.62502098]]]},"properties":{"GID_0":"IND","NAME_0":"India","GID_1":"IND.5_1","NAME_1":"Bihar","NL_NAME_1":"","GID_2":"IND.5.38_1","NAME_2":"Vaishali","VARNAME_2":"","NL_NAME_2":"","TYPE_2":"District","ENGTYPE_2":"District","CC_2":"","HASC_2":"IN.BR.VA"}},
{"type":"Feature","geometry":{"type":"Polygon","coordinates":[[[76.82818604,30.76379013],[76.75933838,30.79903984],[76.69062805,30.76008034],[76.7263031,30.6959095],[76.81980896,30.68582916],[76.82818604,30.76379013]]]},"properties":{"GID_0":"IND","NAME_0":"India","GID_1":"IND.6_1","NAME_1":"Chandigarh","NL_NAME_1":"","GID_2":"IND.6.1_1","NAME_2":"Chandigarh","VARNAME_2":"","NL_NAME_2":"","TYPE_2":"District","ENGTYPE_2":"District","CC_2":"","HASC_2":"IN.CH.CH"}},
{"type":"Feature","geometry":{"type":"Polygon","coordinates":[[[81.40467834,20.5495491],[81.51027679,20.5872612],[81.4684906,20.59217072],[81.51309204,20.82232094],[81.4688797,20.86849976],[81.38582611,20.85028267],[81.38578796,20.77518082],[81.2194519,20.80463982],[81.16674805,20.97171974],[81.09881592,20.94520187],[81.09208679,20.9987812],[80.94373322,21.00037003],[80.97286224,20.81123924],[80.87671661,20.80225945],[80.7984314,20.7184906],[80.98168182,20.60801125],[80.93888092,20.43836975],[81.14628601,20.37504959],[81.31423187,20.55236053],[81.40467834,20.5495491]]]},"properties":{"GID_0":"IND","NAME_0":"India","GID_1":"IND.7_1","NAME_1":"Chhattisgarh","NL_NAME_1":"","GID_2":"IND.7.2_1","NAME_2":"Balod","VARNAME_2":"","NL_NAME_2":"","TYPE_2":"District","ENGTYPE_2":"District","CC_2":"","HASC_2":""}},
{"type":"Feature","geometry":{"type":"Polygon","coordinates":[[[82.18416595,21.37489128],[82.24614716,21.43046951],[82.23880005,21.31053162],[82.37937927,21.25906181],[82.46848297,21.32269287],[82.69184113,21.32722092],[82.68270111,21.47879028],[82.7651062,21.51701927],[82.86865997,21.54788971],[82.92727661,21.49173927],[82.97722626,21.63928032],[82.94399261,21.71948051],[82.85932922,21.68630981],[82.43354034,21.73752022],[82.32511902,21.71062088],[82.19410706,21.7615509],[82.17767334,21.84165955],[82.03111267,21.88256264],[81.93541718,21.81386948],[81.69490051,21.75836945],[81.68678284,21.59441185],[81.91345215,21.58975029],[81.94996643,21.47032166],[82.18416595,21.37489128]]]},"properties":{"GID_0":"IND","NAME_0":"India","GID_1":"IND.7_1","NAME_1":"Chhattisgarh","NL_NAME_1":"","GID_2":"IND.7.1_1","NAME_2":"Baloda Bazar","VARNAME_2":"","NL_NAME_2":"","TYPE_2":"District","ENGTYPE_2":"District","CC_2":"","HASC_2":""}},
{"type":"Feature","geometry":{"type":"Polygon","coordinates":[[[83.21080017,23.21936035],[83.34870911,23.17907906],[83.36361694,23.26312065],[83.46398163,23.26601982],[83.54789734,23.17326927],[83.78388214,23.24454117],[83.92421722,23.14637947],[84.03380585,23.16784096],[84.07025146,23.32999039],[83.96688843,23.37422943],[84.00702667,23.63231087],[83.9378891,23.6224308],[83.93525696,23.56303978],[83.77488708,23.59950066],[83.69538879,23.82066917],[83.56121063,23.86295128],[83.50670624,24.0282402],[83.32356262,24.1013298],[83.18956757,23.92110062],[83.08660126,23.87817192],[82.93881989,23.87586975],[82.8077774,23.96305847],[82.68900299,23.91953087],[82.83812714,23.76954842],[83.01313019,23.81158066],[83.08909607,23.72907257],[83.20210266,23.71130943],[83.18917847,23.55747032],[83.26638031,23.57056046],[83.23324585,23.51724052],[83.3250885,23.51937103],[83.35099792,23.43223],[83.29995728,23.42311287],[83.31607056,23.3762207],[83.20947266,23.40806007],[83.21080017,23.21936035]]]},"properties":{"GID_0":"IND","NAME_0":"India","GID_1":"IND.7_1","NAME_1":"Chhattisgarh","NL_NAME_1":"","GID_2":"IND.7.3_1","NAME_2":"Balrampur","VARNAME_2":"","NL_NAME_2":"","TYPE_2":"District","ENGTYPE_2":"District","CC_2":"","HASC_2":"IN.CT.BP"}},
{"type":"Feature","geometry":{"type":"Polygon","coordinates":[[[81.88537598,18.65032959],[81.9474411,18.62882042],[81.95716095,18.68341064],[82.0848999,18.73269081],[82.16114807,18.79096031],[82.17272949,18.89528847],[82.23956299,18.91045952],[82.16117859,19.20838928],[82.18305969,19.41761017],[82.11930847,19.4239006],[82.09207916,19.50984001],[82.02239227,19.50180244],[81.84866333,19.54517937],[81.78518677,19.34820747],[81.6335907,19.34328079],[81.66657257,19.24188995],[81.62024689,19.22466087],[81.56196594,19.27622986],[81.49906921,19.22011948],[81.34835052,19.32039261],[81.16765594,19.26641846],[81.33084106,19.13652039],[81.40157318,19.17114067],[81.48707581,19.1308918],[81.52179718,19.0324707],[81.45932007,18.93869019],[81.76856995,18.76136017],[81.75396729,18.65802002],[81.66886902,18.65077019],[81.64302063,18.60502052],[81.7412262,18.59509087],[81.88537598,18.65032959]]]},"properties":{"GID_0":"IND","NAME_0":"India","GID_1":"IND.7_1","NAME_1":"Chhattisgarh","NL_NAME_1":"","GID_2":"IND.7.4_1","NAME_2":"Bastar","VARNAME_2":"Baster","NL_NAME_2":"","TYPE_2":"District","ENGTYPE_2":"District","CC_2":"","HASC_2":"IN.CT.BT"}},
{"type":"Feature","geometry":{"type":"Polygon","coordinates":[[[81.18873596,21.51345062],[81.46408081,21.50580978],[81.4353714,21.40704155],[81.48707581,21.41711044],[81.54602051,21.33143044],[81.63218689,21.40270996],[81.68678284,21.59441185],[81.69490051,21.75836945],[81.93541718,21.81386948],[81.79924774,21.94394112],[81.49700928,22.0127697],[81.3970108,21.83369064],[81.31864166,21.8255806],[81.33547211,21.76694107],[81.16928101,21.70259285],[81.13374329,21.54943275],[81.18873596,21.51345062]]]},"properties":{"GID_0":"IND","NAME_0":"India","GID_1":"IND.7_1","NAME_1":"Chhattisgarh","NL_NAME_1":"","GID_2":"IND.7.5_1","NAME_2":"Bemetara","VARNAME_2":"","NL_NAME_2":"","TYPE_2":"District","ENGTYPE_2":"District","CC_2":"","HASC_2":""}},
{"type":"Feature","geometry":{"type":"Polygon","coordinates":[[[81.12063599,19.25221062],[80.96238708,19.22077179],[80.95250702,19.30976105],[80.82641602,19.34803963],[80.69374847,19.28232193],[80.67922211,19.32414055],[80.60394287,19.31176949],[80.56781769,19.40092087],[80.38334656,19.23913956],[80.26772308,18.98732948],[80.34850311,18.82394028],[80.24215698,18.75974846],[80.26753998,18.71796989],[80.33667755,18.59052086],[80.38156128,18.59359932],[80.51071167,18.61567116],[80.72653961,18.40899086],[80.78827667,18.24978065],[80.73455811,18.17171288],[80.79792786,18.16629982],[80.82958984,18.23411942],[80.8620224,18.13266945],[80.97383881,18.1583004],[81.08879852,18.19219017],[81.03401184,18.33393097],[80.90841675,18.36964035],[81.02754974,18.52671814],[81.17487335,18.53377151],[81.19056702,18.5866909],[81.14367676,18.59117126],[81.21614838,18.90326118],[81.16313171,18.91835022],[81.22603607,18.96186066],[81.19848633,19.18362045],[81.13846588,19.17793274],[81.12063599,19.25221062]]]},"properties":{"GID_0":"IND","NAME_0":"India","GID_1":"IND.7_1","NAME_1":"Chhattisgarh","NL_NAME_1":"","GID_2":"IND.7.6_1","NAME_2":"Bijapur","VARNAME_2":"","NL_NAME_2":"","TYPE_2":"District","ENGTYPE_2":"District","CC_2":"","HASC_2":"IN.CT.BJ"}},
{"type":"Feature","geometry":{"type":"Polygon","coordinates":[[[82.03111267,21.88256264],[82.17767334,21.84165955],[82.19410706,21.7615509],[82.32511902,21.71062088],[82.43354034,21.73752022],[82.30162048,21.90256119],[82.32949829,22.10159111],[82.45494843,22.21223259],[82.34884644,22.32365036],[82.28608704,22.2849102],[82.26082611,22.33391953],[82.13310242,22.33035088],[82.1491394,22.54154015],[82.23457336,22.61873245],[82.16905975,22.66732025],[82.13091278,22.84805107],[82.20806885,22.94280052],[82.11588287,23.10379982],[81.93810272,23.07781029],[81.94024658,22.95709038],[81.78592682,22.87708092],[81.76506042,22.66905975],[81.72294617,22.6762104],[81.96755219,22.36388016],[81.81642914,22.26980972],[81.73896027,22.31216049],[81.72540283,22.25245285],[82.0041275,21.98341942],[82.03111267,21.88256264]]]},"properties":{"GID_0":"IND","NAME_0":"India","GID_1":"IND.7_1","NAME_1":"Chhattisgarh","NL_NAME_1":"","GID_2":"IND.7.7_1","NAME_2":"Bilaspur","VARNAME_2":"","NL_NAME_2":"","TYPE_2":"District","ENGTYPE_2":"District","CC_2":"","HASC_2":"IN.CT.BI"}},
{"type":"Feature","geometry":{"type":"Polygon","coordinates":[[[81.66886902,18.65077019],[81.75396729,18.65802002],[81.76856995,18.76136017],[81.45932007,18.93869019],[81.52179718,19.0324707],[81.48707581,19.1308918],[81.40157318,19.17114067],[81.33084106,19.13652039],[81.16765594,19.26641846],[81.12063599,19.25221062],[81.13846588,19.17793274],[81.19848633,19.18362045],[81.22603607,18.96186066],[81.16313171,18.91835022],[81.21614838,18.90326118],[81.14367676,18.59117126],[81.19056702,18.5866909],[81.17487335,18.53377151],[81.40358734,18.38140106],[81.36564636,18.43569946],[81.37892151,18.48641968],[81.42534637,18.47402191],[81.41523743,18.57505989],[81.48995972,18.61338997],[81.55380249,18.54917908],[81.56400299,18.72908974],[81.60920715,18.74744987],[81.66886902,18.65077019]]]},"properties":{"GID_0":"IND","NAME_0":"India","GID_1":"IND.7_1","NAME_1":"Chhattisgarh","NL_NAME_1":"","GID_2":"IND.7.8_1","NAME_2":"Dantewada","VARNAME_2":"","NL_NAME_2":"","TYPE_2":"District","ENGTYPE_2":"District","CC_2":"","HASC_2":"IN.CT.DW"}},
{"type":"Feature","geometry":{"type":"Polygon","coordinates":[[[81.87375641,20.04618073],[81.94135284,20.10225105],[82.00995636,20.0447998],[82.12858582,20.14253998],[82.16720581,20.25505066],[82.07672882,20.32579994],[82.00737762,20.66932106],[81.90973663,20.77888107],[81.8706665,20.9598999],[81.60662079,21.02365112],[81.60633087,20.9600029],[81.4688797,20.86849976],[81.51309204,20.82232094],[81.4684906,20.59217072],[81.51027679,20.5872612],[81.40467834,20.5495491],[81.72975159,20.47898102],[81.80937195,20.16529083],[81.87375641,20.04618073]]]},"properties":{"GID_0":"IND","NAME_0":"India","GID_1":"IND.7_1","NAME_1":"Chhattisgarh","NL_NAME_1":"","GID_2":"IND.7.9_1","NAME_2":"Dhamtari","VARNAME_2":"","NL_NAME_2":"","TYPE_2":"District","ENGTYPE_2":"District","CC_2":"","HASC_2":"IN.CT.DH"}},
{"type":"Feature","geometry":{"type":"Polygon","coordinates":[[[81.09208679,20.9987812],[81.09881592,20.94520187],[81.16674805,20.97171974],[81.2194519,20.80463982],[81.38578796,20.77518082],[81.38582611,20.85028267],[81.4688797,20.86849976],[81.60633087,20.9600029],[81.60662079,21.02365112],[81.54602051,21.33143044],[81.48707581,21.41711044],[81.4353714,21.40704155],[81.46408081,21.50580978],[81.18873596,21.51345062],[81.14450073,21.21199036],[81.19219208,21.21825981],[81.20002747,21.10383987],[81.09208679,20.9987812]]]},"properties":{"GID_0":"IND","NAME_0":"India","GID_1":"IND.7_1","NAME_1":"Chhattisgarh","NL_NAME_1":"","GID_2":"IND.7.10_1","NAME_2":"Durg","VARNAME_2":"","NL_NAME_2":"","TYPE_2":"District","ENGTYPE_2":"District","CC_2":"","HASC_2":"IN.CT.DU"}},
{"type":"Feature","geometry":{"type":"Polygon","coordinates":[[[82.34121704,20.86806107],[82.18480682,20.94466019],[81.90973663,20.77888107],[82.00737762,20.66932106],[82.07672882,20.32579994],[82.16720581,20.25505066],[82.12858582,20.14253998],[82.00995636,20.0447998],[82.23062897,19.99808121],[82.33944702,19.82996178],[82.43949127,19.90291977],[82.59076691,19.86621857],[82.58506012,19.7710495],[82.70271301,19.83103943],[82.69802094,19.99273109],[82.39086151,20.05958939],[82.4291687,20.42575264],[82.32401276,20.55388069],[82.36823273,20.62405968],[82.34121704,20.86806107]]]},"properties":{"GID_0":"IND","NAME_0":"India","GID_1":"IND.7_1","NAME_1":"Chhattisgarh","NL_NAME_1":"","GID_2":"IND.7.11_1","NAME_2":"Gariaband","VARNAME_2":"","NL_NAME_2":"","TYPE_2":"District","ENGTYPE_2":"District","CC_2":"","HASC_2":""}},
{"type":"Feature","geometry":{"type":"Polygon","coordinates":[[[82.93358612,22.12041092],[82.81597137,22.15417099],[82.72512054,22.03580284],[82.6292572,22.12232971],[82.6177063,22.25152016],[82.45494843,22.21223259],[82.32949829,22.10159111],[82.30162048,21.90256119],[82.43354034,21.73752022],[82.85932922,21.68630981],[82.94399261,21.71948051],[83.31365204,21.68770981],[83.1769104,21.84283257],[83.21058655,21.90048027],[82.99798584,21.96352959],[83.02591705,22.05256844],[82.93358612,22.12041092]]]},"properties":{"GID_0":"IND","NAME_0":"India","GID_1":"IND.7_1","NAME_1":"Chhattisgarh","NL_NAME_1":"","GID_2":"IND.7.12_1","NAME_2":"Janjgir-Champa","VARNAME_2":"Janjgir","NL_NAME_2":"","TYPE_2":"District","ENGTYPE_2":"District","CC_2":"","HASC_2":"IN.CT.JC"}},
{"type":"Feature","geometry":{"type":"Polygon","coordinates":[[[83.40698242,22.63883972],[83.39946747,22.55231094],[83.48950195,22.49127007],[83.58249664,22.53894043],[83.57820892,22.45376015],[83.79751587,22.28948975],[84.00421143,22.36766052],[84.04155731,22.46410942],[84.00250244,22.52086067],[84.02134705,22.58723259],[84.21479034,22.66456032],[84.28768921,22.77090073],[84.37692261,22.87589073],[84.3733902,22.97214127],[84.21705627,22.97647285],[84.18992615,23.02371979],[84.14800262,22.96386909],[84.12937927,23.08154106],[84.03380585,23.16784096],[83.92421722,23.14637947],[83.78388214,23.24454117],[83.54789734,23.17326927],[83.50241852,22.95508003],[83.6413269,22.82139969],[83.62666321,22.70601082],[83.68128204,22.64570999],[83.5535965,22.69850922],[83.40698242,22.63883972]]]},"properties":{"GID_0":"IND","NAME_0":"India","GID_1":"IND.7_1","NAME_1":"Chhattisgarh","NL_NAME_1":"","GID_2":"IND.7.13_1","NAME_2":"Jashpur","VARNAME_2":"","NL_NAME_2":"","TYPE_2":"District","ENGTYPE_2":"District","CC_2":"","HASC_2":"IN.CT.JA"}},
{"type":"Feature","geometry":{"type":"Polygon","coordinates":[[[81.16928101,21.70259285],[81.33547211,21.76694107],[81.31864166,21.8255806],[81.3970108,21.83369064],[81.49700928,22.0127697],[81.55661011,22.34444809],[81.4798584,22.49331093],[81.39655304,22.44132042],[81.32293701,22.52433014],[81.22355652,22.45160866],[81.17066193,22.48800087],[81.10491943,22.43279076],[81.11384583,22.29438019],[81.04043579,22.24057007],[80.97175598,22.12148094],[80.99916077,22.06150055],[80.9108429,22.1191597],[80.8184433,21.95679092],[80.83709717,21.83176041],[80.91911316,21.82521057],[80.98953247,21.72527122],[81.16928101,21.70259285]]]},"properties":{"GID_0":"IND","NAME_0":"India","GID_1":"IND.7_1","NAME_1":"Chhattisgarh","NL_NAME_1":"","GID_2":"IND.7.14_1","NAME_2":"Kabeerdham","VARNAME_2":"Kabirdham|Kabeerdham","NL_NAME_2":"","TYPE_2":"District","ENGTYPE_2":"District","CC_2":"","HASC_2":""}},
{"type":"Feature","geometry":{"type":"Polygon","coordinates":[[[81.34835052,19.32039261],[81.49906921,19.22011948],[81.56196594,19.27622986],[81.62024689,19.22466087],[81.66657257,19.24188995],[81.6335907,19.34328079],[81.78518677,19.34820747],[81.84866333,19.54517937],[82.02239227,19.50180244],[82.05982971,19.78309822],[81.84963226,19.90805054],[81.87375641,20.04618073],[81.80937195,20.16529083],[81.67887878,20.12565041],[81.57798004,20.19108963],[81.41394806,20.15180016],[81.38212585,20.04236984],[81.28594208,20.01328087],[81.39601135,19.87187958],[81.3656311,19.74091339],[81.50830841,19.65689087],[81.44674683,19.6330204],[81.4140625,19.48797035],[81.46665955,19.4664402],[81.46122742,19.3703804],[81.36927032,19.40834045],[81.38947296,19.32822037],[81.34835052,19.32039261]]]},"properties":{"GID_0":"IND","NAME_0":"India","GID_1":"IND.7_1","NAME_1":"Chhattisgarh","NL_NAME_1":"","GID_2":"IND.7.15_1","NAME_2":"Kondagaon","VARNAME_2":"","NL_NAME_2":"","TYPE_2":"District","ENGTYPE_2":"District","CC_2":"","HASC_2":""}},
{"type":"Feature","geometry":{"type":"Polygon","coordinates":[[[83.1071167,22.67589951],[83.00669861,22.6395092],[82.75325012,22.79585838],[82.56588745,22.83052826],[82.5684433,22.96502113],[82.36492157,22.99706078],[82.20806885,22.94280052],[82.13091278,22.84805107],[82.16905975,22.66732025],[82.23457336,22.61873245],[82.1491394,22.54154015],[82.13310242,22.33035088],[82.26082611,22.33391953],[82.28608704,22.2849102],[82.34884644,22.32365036],[82.45494843,22.21223259],[82.6177063,22.25152016],[82.6292572,22.12232971],[82.72512054,22.03580284],[82.81597137,22.15417099],[82.93358612,22.12041092],[83.04567719,22.19719124],[83.10365295,22.36320114],[83.1071167,22.67589951]]]},"properties":{"GID_0":"IND","NAME_0":"India","GID_1":"IND.7_1","NAME_1":"Chhattisgarh","NL_NAME_1":"","GID_2":"IND.7.16_1","NAME_2":"Korba","VARNAME_2":"","NL_NAME_2":"","TYPE_2":"District","ENGTYPE_2":"District","CC_2":"","HASC_2":"IN.CT.KB"}},
{"type":"Feature","geometry":{"type":"Polygon","coordinates":[[[82.5684433,22.96502113],[82.5736084,23.12631989],[82.7368927,23.25303078],[82.75073242,23.33119965],[82.64518738,23.3847599],[82.63954163,23.48895073],[82.57411957,23.54273987],[82.59026337,23.68696022],[82.49175262,23.78570747],[82.22614288,23.80693245],[82.20388794,23.8529911],[82.07801819,23.8170681],[81.91644287,23.87298965],[81.81172943,23.80949974],[81.66159821,23.92559814],[81.59690857,23.88902283],[81.68728638,23.72134972],[81.56973267,23.58864975],[81.60704803,23.50688934],[81.73603058,23.5674305],[81.82717896,23.5112896],[81.9094162,23.53502274],[81.97360992,23.41759109],[82.18750763,23.32222939],[82.11588287,23.10379982],[82.20806885,22.94280052],[82.36492157,22.99706078],[82.5684433,22.96502113]]]},"properties":{"GID_0":"IND","NAME_0":"India","GID_1":"IND.7_1","NAME_1":"Chhattisgarh","NL_NAME_1":"","GID_2":"IND.7.17_1","NAME_2":"Koriya","VARNAME_2":"","NL_NAME_2":"","TYPE_2":"District","ENGTYPE_2":"District","CC_2":"","HASC_2":"IN.CT.KJ"}},
{"type":"Feature","geometry":{"type":"Polygon","coordinates":[[[82.18480682,20.94466019],[82.34121704,20.86806107],[82.45905304,20.82384109],[82.63183594,21.08695984],[82.63594055,21.1494503],[82.95606995,21.17548943],[83.13400269,21.10523033],[83.26767731,21.26857758],[83.27001953,21.37503815],[83.14129639,21.36038971],[83.04115295,21.47665977],[82.92727661,21.49173927],[82.86865997,21.54788971],[82.7651062,21.51701927],[82.68270111,21.47879028],[82.69184113,21.32722092],[82.46848297,21.32269287],[82.37937927,21.25906181],[82.23880005,21.31053162],[82.24614716,21.43046951],[82.18416595,21.37489128],[82.01705933,21.22622108],[81.98404694,21.08201981],[82.15264893,21.01470184],[82.18480682,20.94466019]]]},"properties":{"GID_0":"IND","NAME_0":"India","GID_1":"IND.7_1","NAME_1":"Chhattisgarh","NL_NAME_1":"","GID_2":"IND.7.18_1","NAME_2":"Mahasamund","VARNAME_2":"","NL_NAME_2":"","TYPE_2":"District","ENGTYPE_2":"District","CC_2":"","HASC_2":"IN.CT.MA"}},
{"type":"Feature","geometry":{"type":"Polygon","coordinates":[[[82.03111267,21.88256264],[82.0041275,21.98341942],[81.72540283,22.25245285],[81.73896027,22.31216049],[81.81642914,22.26980972],[81.96755219,22.36388016],[81.72294617,22.6762104],[81.61579132,22.53902054],[81.4798584,22.49331093],[81.55661011,22.34444809],[81.49700928,22.0127697],[81.79924774,21.94394112],[81.93541718,21.81386948],[82.03111267,21.88256264]]]},"properties":{"GID_0":"IND","NAME_0":"India","GID_1":"IND.7_1","NAME_1":"Chhattisgarh","NL_NAME_1":"","GID_2":"IND.7.19_1","NAME_2":"Mungeli","VARNAME_2":"","NL_NAME_2":"","TYPE_2":"District","ENGTYPE_2":"District","CC_2":"","HASC_2":"IN.CT.MG"}},
{"type":"Feature","geometry":{"type":"Polygon","coordinates":[[[81.16765594,19.26641846],[81.34835052,19.32039261],[81.38947296,19.32822037],[81.36927032,19.40834045],[81.46122742,19.3703804],[81.46665955,19.4664402],[81.4140625,19.48797035],[81.44674683,19.6330204],[81.50830841,19.65689087],[81.3656311,19.74091339],[81.08081055,19.72227478],[81.00252533,19.78564644],[81.03607941,19.93848228],[80.84617615,19.94572067],[80.70435333,19.79630089],[80.81492615,19.8111496],[80.72110748,19.7854805],[80.7158432,19.70206833],[80.66455078,19.69075012],[80.65685272,19.61226082],[80.88553619,19.50925064],[80.87599945,19.44795036],[80.78793335,19.42670059],[80.82641602,19.34803963],[80.95250702,19.30976105],[80.96238708,19.22077179],[81.12063599,19.25221062],[81.16765594,19.26641846]]]},"properties":{"GID_0":"IND","NAME_0":"India","GID_1":"IND.7_1","NAME_1":"Chhattisgarh","NL_NAME_1":"","GID_2":"IND.7.20_1","NAME_2":"Narayanpur","VARNAME_2":"","NL_NAME_2":"","TYPE_2":"District","ENGTYPE_2":"District","CC_2":"","HASC_2":"IN.CT.NA"}},
{"type":"Feature","geometry":{"type":"Polygon","coordinates":[[[83.483078,21.63960075],[83.42111206,21.68654823],[83.49091339,21.81454086],[83.5735321,21.82966042],[83.60047913,21.91084099],[83.53244781,22.03404808],[83.60031891,22.0655098],[83.55726624,22.0999794],[83.64575195,22.22458839],[83.79751587,22.28948975],[83.57820892,22.45376015],[83.58249664,22.53894043],[83.48950195,22.49127007],[83.39946747,22.55231094],[83.40698242,22.63883972],[83.39070129,22.73558998],[83.21499634,22.78983116],[83.1071167,22.67589951],[83.10365295,22.36320114],[83.04567719,22.19719124],[82.93358612,22.12041092],[83.02591705,22.05256844],[82.99798584,21.96352959],[83.21058655,21.90048027],[83.1769104,21.84283257],[83.31365204,21.68770981],[82.94399261,21.71948051],[82.97722626,21.63928032],[82.92727661,21.49173927],[83.04115295,21.47665977],[83.14129639,21.36038971],[83.27001953,21.37503815],[83.40265656,21.34843063],[83.33463287,21.49555016],[83.38072205,21.61275101],[83.483078,21.63960075]]]},"properties":{"GID_0":"IND","NAME_0":"India","GID_1":"IND.7_1","NAME_1":"Chhattisgarh","NL_NAME_1":"","GID_2":"IND.7.21_1","NAME_2":"Raigarh","VARNAME_2":"","NL_NAME_2":"","TYPE_2":"District","ENGTYPE_2":"District","CC_2":"","HASC_2":"IN.CT.RG"}},
{"type":"Feature","geometry":{"type":"Polygon","coordinates":[[[81.90973663,20.77888107],[82.18480682,20.94466019],[82.15264893,21.01470184],[81.98404694,21.08201981],[82.01705933,21.22622108],[82.18416595,21.37489128],[81.94996643,21.47032166],[81.91345215,21.58975029],[81.68678284,21.59441185],[81.63218689,21.40270996],[81.54602051,21.33143044],[81.60662079,21.02365112],[81.8706665,20.9598999],[81.90973663,20.77888107]]]},"properties":{"GID_0":"IND","NAME_0":"India","GID_1":"IND.7_1","NAME_1":"Chhattisgarh","NL_NAME_1":"","GID_2":"IND.7.22_1","NAME_2":"Raipur","VARNAME_2":"","NL_NAME_2":"","TYPE_2":"District","ENGTYPE_2":"District","CC_2":"","HASC_2":"IN.CT.RP"}},
{"type":"Feature","geometry":{"type":"Polygon","coordinates":[[[80.93888092,20.43836975],[80.98168182,20.60801125],[80.7984314,20.7184906],[80.87671661,20.80225945],[80.97286224,20.81123924],[80.94373322,21.00037003],[81.09208679,20.9987812],[81.20002747,21.10383987],[81.19219208,21.21825981],[81.14450073,21.21199036],[81.18873596,21.51345062],[81.13374329,21.54943275],[81.16928101,21.70259285],[80.98953247,21.72527122],[80.91911316,21.82521057],[80.83709717,21.83176041],[80.811203,21.74749184],[80.71852875,21.71186066],[80.73021698,21.47205162],[80.65653229,21.3307724],[80.63530731,21.25013924],[80.45729828,21.17284012],[80.43331909,21.0971508],[80.4487915,20.94530106],[80.5418396,20.93391991],[80.55589294,20.81968117],[80.57833862,20.67877007],[80.4815979,20.61709976],[80.62232208,20.60386276],[80.61669159,20.32574081],[80.38295746,20.2417202],[80.39383698,20.14402008],[80.54036713,20.10983276],[80.56284332,20.18385124],[80.6500473,20.22216034],[80.71340942,20.18959045],[80.72342682,20.26452065],[80.93888092,20.43836975]]]},"properties":{"GID_0":"IND","NAME_0":"India","GID_1":"IND.7_1","NAME_1":"Chhattisgarh","NL_NAME_1":"","GID_2":"IND.7.23_1","NAME_2":"Rajnandgaon","VARNAME_2":"","NL_NAME_2":"","TYPE_2":"District","ENGTYPE_2":"District","CC_2":"","HASC_2":"IN.CT.RN"}},
{"type":"Feature","geometry":{"type":"Polygon","coordinates":[[[80.97383881,18.1583004],[80.94399261,18.08102036],[81.03244781,17.78973007],[81.15956879,17.85263062],[81.38497162,17.80659294],[81.47731018,17.97002029],[81.52796173,18.25908089],[81.74491119,18.34535027],[81.94352722,18.55541992],[81.88537598,18.65032959],[81.7412262,18.59509087],[81.64302063,18.60502052],[81.66886902,18.65077019],[81.60920715,18.74744987],[81.56400299,18.72908974],[81.55380249,18.54917908],[81.48995972,18.61338997],[81.41523743,18.57505989],[81.42534637,18.47402191],[81.37892151,18.48641968],[81.36564636,18.43569946],[81.40358734,18.38140106],[81.17487335,18.53377151],[81.02754974,18.52671814],[80.90841675,18.36964035],[81.03401184,18.33393097],[81.08879852,18.19219017],[80.97383881,18.1583004]]]},"properties":{"GID_0":"IND","NAME_0":"India","GID_1":"IND.7_1","NAME_1":"Chhattisgarh","NL_NAME_1":"","GID_2":"IND.7.24_1","NAME_2":"Sukma","VARNAME_2":"","NL_NAME_2":"","TYPE_2":"District","ENGTYPE_2":"District","CC_2":"","HASC_2":""}},
{"type":"Feature","geometry":{"type":"Polygon","coordinates":[[[82.49175262,23.78570747],[82.59026337,23.68696022],[82.57411957,23.54273987],[82.63954163,23.48895073],[82.64518738,23.3847599],[82.75073242,23.33119965],[82.7368927,23.25303078],[82.5736084,23.12631989],[82.5684433,22.96502113],[82.56588745,22.83052826],[82.75325012,22.79585838],[82.82845306,23.01519966],[82.91905975,23.04766846],[82.8350296,23.06655121],[82.86292267,23.10928917],[83.13861847,23.10794067],[83.13519287,23.22134018],[83.21080017,23.21936035],[83.20947266,23.40806007],[83.31607056,23.3762207],[83.29995728,23.42311287],[83.35099792,23.43223],[83.3250885,23.51937103],[83.23324585,23.51724052],[83.26638031,23.57056046],[83.18917847,23.55747032],[83.20210266,23.71130943],[83.08909607,23.72907257],[83.01313019,23.81158066],[82.83812714,23.76954842],[82.68900299,23.91953087],[82.49175262,23.78570747]]]},"properties":{"GID_0":"IND","NAME_0":"India","GID_1":"IND.7_1","NAME_1":"Chhattisgarh","NL_NAME_1":"","GID_2":"IND.7.25_1","NAME_2":"Surajpur","VARNAME_2":"","NL_NAME_2":"","TYPE_2":"District","ENGTYPE_2":"District","CC_2":"","HASC_2":""}},
{"type":"Feature","geometry":{"type":"Polygon","coordinates":[[[83.40698242,22.63883972],[83.5535965,22.69850922],[83.68128204,22.64570999],[83.62666321,22.70601082],[83.6413269,22.82139969],[83.50241852,22.95508003],[83.54789734,23.17326927],[83.46398163,23.26601982],[83.36361694,23.26312065],[83.34870911,23.17907906],[83.21080017,23.21936035],[83.13519287,23.22134018],[83.13861847,23.10794067],[82.86292267,23.10928917],[82.8350296,23.06655121],[82.91905975,23.04766846],[82.82845306,23.01519966],[82.75325012,22.79585838],[83.00669861,22.6395092],[83.1071167,22.67589951],[83.21499634,22.78983116],[83.39070129,22.73558998],[83.40698242,22.63883972]]]},"properties":{"GID_0":"IND","NAME_0":"India","GID_1":"IND.7_1","NAME_1":"Chhattisgarh","NL_NAME_1":"","GID_2":"IND.7.26_1","NAME_2":"Surguja","VARNAME_2":"","NL_NAME_2":"","TYPE_2":"District","ENGTYPE_2":"District","CC_2":"","HASC_2":"IN.CT.SU"}},
{"type":"Feature","geometry":{"type":"Polygon","coordinates":[[[81.3656311,19.74091339],[81.39601135,19.87187958],[81.28594208,20.01328087],[81.38212585,20.04236984],[81.41394806,20.15180016],[81.57798004,20.19108963],[81.67887878,20.12565041],[81.80937195,20.16529083],[81.72975159,20.47898102],[81.40467834,20.5495491],[81.31423187,20.55236053],[81.14628601,20.37504959],[80.93888092,20.43836975],[80.72342682,20.26452065],[80.71340942,20.18959045],[80.6500473,20.22216034],[80.56284332,20.18385124],[80.54036713,20.10983276],[80.52037811,19.93087959],[80.40629578,19.93250084],[80.49752045,19.86874962],[80.39470673,19.79457855],[80.47808838,19.77240944],[80.45954895,19.8113308],[80.51780701,19.82886124],[80.66455078,19.69075012],[80.7158432,19.70206833],[80.72110748,19.7854805],[80.81492615,19.8111496],[80.70435333,19.79630089],[80.84617615,19.94572067],[81.03607941,19.93848228],[81.00252533,19.78564644],[81.08081055,19.72227478],[81.3656311,19.74091339]]]},"properties":{"GID_0":"IND","NAME_0":"India","GID_1":"IND.7_1","NAME_1":"Chhattisgarh","NL_NAME_1":"","GID_2":"IND.7.27_1","NAME_2":"Uttar Bastar Kanker","VARNAME_2":"","NL_NAME_2":"","TYPE_2":"District","ENGTYPE_2":"District","CC_2":"","HASC_2":""}},
{"type":"Feature","geometry":{"type":"Polygon","coordinates":[[[72.97042847,20.21232986],[72.97322845,20.13080025],[73.05281067,20.06767082],[73.18586731,20.05290031],[73.21631622,20.12199974],[73.18017578,20.20860863],[73.07244873,20.16345024],[73.07685852,20.22980118],[73.17954254,20.28986168],[73.1073761,20.36071014],[73.04416656,20.2911129],[72.92459106,20.27865982],[72.97042847,20.21232986]]]},"properties":{"GID_0":"IND","NAME_0":"India","GID_1":"IND.8_1","NAME_1":"Dadra and Nagar Haveli","NL_NAME_1":"","GID_2":"IND.8.1_1","NAME_2":"Dadra and Nagar Haveli","VARNAME_2":"","NL_NAME_2":"","TYPE_2":"District","ENGTYPE_2":"District","CC_2":"","HASC_2":"IN.DN.DN"}},
{"type":"Feature","geometry":{"type":"Polygon","coordinates":[[[72.8215332,20.3710804],[72.89637756,20.37669563],[72.86013794,20.47096062],[72.8215332,20.3710804]]]},"properties":{"GID_0":"IND","NAME_0":"India","GID_1":"IND.9_1","NAME_1":"Daman and Diu","NL_NAME_1":"","GID_2":"IND.9.1_1","NAME_2":"Daman","VARNAME_2":"","NL_NAME_2":"","TYPE_2":"District","ENGTYPE_2":"District","CC_2":"","HASC_2":"IN.DD.DA"}},
{"type":"Feature","geometry":{"type":"Polygon","coordinates":[[[70.96263885,20.72938156],[70.89208221,20.70819092],[70.99736023,20.71347046],[70.96263885,20.72938156]]]},"properties":{"GID_0":"IND","NAME_0":"India","GID_1":"IND.9_1","NAME_1":"Daman and Diu","NL_NAME_1":"","GID_2":"IND.9.2_1","NAME_2":"Diu","VARNAME_2":"","NL_NAME_2":"","TYPE_2":"District","ENGTYPE_2":"District","CC_2":"","HASC_2":"IN.DD.DI"}},
{"type":"Feature","geometry":{"type":"Polygon","coordinates":[[[73.89012909,15.42570019],[73.94415283,15.43387985],[74.0220108,15.301651],[74.11003876,15.2687397],[74.08001709,15.40905952],[74.2563324,15.48952007],[74.28375244,15.51945019],[74.24504089,15.66563129],[74.12602997,15.65028954],[73.998703,15.61112976],[73.86548615,15.79752922],[73.83303833,15.73775196],[73.68013763,15.72437096],[73.7876358,15.46152782],[73.88957977,15.42607975],[73.89012909,15.42570019]]]},"properties":{"GID_0":"IND","NAME_0":"India","GID_1":"IND.10_1","NAME_1":"Goa","NL_NAME_1":"","GID_2":"IND.10.1_1","NAME_2":"North Goa","VARNAME_2":"","NL_NAME_2":"","TYPE_2":"District","ENGTYPE_2":"District","CC_2":"","HASC_2":"IN.GA.NG"}},
{"type":"Feature","geometry":{"type":"Polygon","coordinates":[[[73.89012909,15.42570019],[73.78263855,15.41041565],[73.89485931,15.33181095],[73.94847107,15.14597225],[73.9118042,15.08402824],[74.0973587,14.89565945],[74.18036652,14.95304966],[74.21183777,14.9214201],[74.30233765,15.03985977],[74.32190704,15.18406963],[74.25752258,15.25762939],[74.34165192,15.2929306],[74.2563324,15.48952007],[74.08001709,15.40905952],[74.11003876,15.2687397],[74.0220108,15.301651],[73.94415283,15.43387985],[73.89012909,15.42570019]]]},"properties":{"GID_0":"IND","NAME_0":"India","GID_1":"IND.10_1","NAME_1":"Goa","NL_NAME_1":"","GID_2":"IND.10.2_1","NAME_2":"South Goa","VARNAME_2":"","NL_NAME_2":"","TYPE_2":"District","ENGTYPE_2":"District","CC_2":"","HASC_2":"IN.GA.SG"}},
{"type":"Feature","geometry":{"type":"Polygon","coordinates":[[[71.8911972,22.09746933],[72.04354095,22.12161064],[72.17811584,22.0138607],[72.13542175,22.09649086],[72.18399048,22.04046059],[72.20388794,22.09052086],[72.2165451,22.01212883],[72.21996307,22.01652908],[72.26548767,22.20846939],[72.37264252,22.32018089],[72.36180878,22.37566948],[72.43534088,22.57070923],[72.5171814,22.6138916],[72.53206635,22.79664993],[72.61776733,22.81388855],[72.61647034,22.88448906],[72.79886627,22.90748024],[72.84789276,22.9928112],[72.77172852,23.0927906],[72.60749054,23.08834076],[72.5478363,23.16338921],[72.45448303,23.04335976],[72.3446579,23.10588074],[72.30262756,23.03865051],[72.24726105,23.11551094],[72.16600037,23.10732079],[72.18451691,23.26514816],[72.29022217,23.44112968],[72.19377136,23.41102982],[72.00865936,23.50127983],[71.96856689,23.39092064],[71.88407898,23.38079071],[71.88465881,23.2248497],[72.008461,23.24708939],[71.9108963,23.10793114],[71.95974731,23.03718948],[72.02558899,23.05403137],[71.99376678,22.85324097],[72.11654663,22.71857071],[72.03733826,22.67708015],[72.07572174,22.5918808],[72.19709778,22.53998947],[72.08876801,22.43522835],[71.95014954,22.53697968],[71.94503021,22.37849808],[71.9021759,22.41643906],[71.84375,22.35321045],[71.83901215,22.39038086],[71.74642181,22.35783005],[71.65553284,22.39628029],[71.62026978,22.3350296],[71.64099884,22.20227051],[71.8911972,22.09746933]]]},"properties":{"GID_0":"IND","NAME_0":"India","GID_1":"IND.11_1","NAME_1":"Gujarat","NL_NAME_1":"","GID_2":"IND.11.1_1","NAME_2":"Ahmadabad","VARNAME_2":"","NL_NAME_2":"","TYPE_2":"District","ENGTYPE_2":"District","CC_2":"","HASC_2":"IN.GJ.AH"}},
{"type":"Feature","geometry":{"type":"Polygon","coordinates":[[[71.25108337,20.81402969],[71.68902588,21.00792122],[71.5356369,21.21568108],[71.54766846,21.28358078],[71.69332123,21.32963943],[71.71012115,21.38163948],[71.63777924,21.3254528],[71.62664795,21.43465805],[71.49334717,21.47985077],[71.57195282,21.6209507],[71.63495636,21.62607956],[71.60746765,21.68996048],[71.48316193,21.7952404],[71.43115997,21.88165092],[71.47852325,21.92044067],[71.40680695,21.97437286],[71.32195282,22.03796005],[71.30848694,21.95594978],[71.19979858,22.00530052],[71.21279144,21.96397018],[71.04749298,21.86683083],[71.12506104,21.84863091],[71.04866028,21.73631287],[70.81301117,21.73190117],[70.81131744,21.65969276],[70.91147614,21.52958107],[70.82546234,21.48982048],[70.94152069,21.45697021],[70.96585083,21.39196968],[70.8877182,21.3692112],[70.8844223,21.30988121],[70.81962585,21.31930161],[70.8227005,21.22630119],[70.87333679,21.16201973],[71.01825714,21.16525269],[71.14347076,21.07229805],[71.14451599,20.9593811],[71.24138641,20.95298004],[71.19864655,20.88445091],[71.25108337,20.81402969]]]},"properties":{"GID_0":"IND","NAME_0":"India","GID_1":"IND.11_1","NAME_1":"Gujarat","NL_NAME_1":"","GID_2":"IND.11.2_1","NAME_2":"Amreli","VARNAME_2":"Amereli","NL_NAME_2":"","TYPE_2":"District","ENGTYPE_2":"District","CC_2":"","HASC_2":"IN.GJ.AM"}},
{"type":"Feature","geometry":{"type":"MultiPolygon","coordinates":[[[[72.91930389,22.2666111],[72.94613647,22.30129051],[72.98618317,22.24776077],[73.06790161,22.30909157],[73.09941101,22.50704956],[73.23670197,22.63435173],[73.03659821,22.73297119],[72.92131805,22.58984947],[72.69798279,22.62499809],[72.66459656,22.4991703],[72.58692932,22.50129128],[72.5171814,22.6138916],[72.43534088,22.57070923],[72.36180878,22.37566948],[72.48596954,22.19735909],[72.54264069,22.28097153],[72.54125214,22.24319458],[72.63541412,22.28458214],[72.75208282,22.23097038],[72.84375,22.28236389],[72.86680603,22.24263954],[72.91930389,22.2666111]]],[[[72.38671112,22.2990303],[72.37680817,22.22863007],[72.41652679,22.22736168],[72.38671112,22.2990303]]]]},"properties":{"GID_0":"IND","NAME_0":"India","GID_1":"IND.11_1","NAME_1":"Gujarat","NL_NAME_1":"","GID_2":"IND.11.3_1","NAME_2":"Anand","VARNAME_2":"","NL_NAME_2":"","TYPE_2":"District","ENGTYPE_2":"District","CC_2":"","HASC_2":"IN.GJ.AN"}},
{"type":"Feature","geometry":{"type":"Polygon","coordinates":[[[73.02140045,23.16086006],[73.14311218,23.20563126],[73.27934265,23.05944061],[73.37892151,23.13921928],[73.38025665,23.23802185],[73.53058624,23.28660011],[73.63275146,23.45239258],[73.66073608,23.62290192],[73.57727051,23.65536118],[73.51348877,23.61681175],[73.50853729,23.70333099],[73.37042236,23.81438065],[73.3864975,23.90577126],[73.29685974,23.88698959],[73.29065704,23.83181953],[73.23468018,23.87993813],[73.14273834,23.7734108],[73.21144867,23.58789063],[73.12702942,23.46070099],[73.1420517,23.3835907],[73.08362579,23.37364006],[73.10942841,23.32447052],[73.02432251,23.2788105],[72.97956848,23.16288948],[73.02140045,23.16086006]]]},"properties":{"GID_0":"IND","NAME_0":"India","GID_1":"IND.11_1","NAME_1":"Gujarat","NL_NAME_1":"","GID_2":"IND.11.4_1","NAME_2":"Aravalli","VARNAME_2":"","NL_NAME_2":"","TYPE_2":"District","ENGTYPE_2":"District","CC_2":"","HASC_2":""}},
{"type":"Feature","geometry":{"type":"Polygon","coordinates":[[[71.32644653,23.97693062],[71.42386627,23.92194939],[71.48723602,24.01898956],[71.50121307,23.96639061],[71.68831635,23.96583939],[71.77407837,23.82567024],[71.98055267,23.88953018],[71.93416595,24.00556183],[72.04380798,23.98007965],[72.03842163,24.05260277],[72.10790253,24.01898956],[72.17156219,24.07254028],[72.10835266,24.12359047],[72.21157074,24.13870049],[72.23773956,24.06343842],[72.48478699,23.92900085],[72.58526611,23.93361092],[72.64657593,24.06628036],[72.72383881,24.08814049],[72.79733276,24.09301186],[72.87029266,24.01600075],[73.02976227,24.25794029],[72.96537018,24.35110855],[72.73253632,24.3612709],[72.69725037,24.45721054],[72.54457855,24.5068512],[72.4646759,24.40711975],[72.44248962,24.50424957],[72.25099945,24.58016014],[72.34020233,24.62298965],[72.16539764,24.61450005],[72.05249023,24.70578957],[71.94419098,24.62677956],[71.87647247,24.67515945],[71.85839081,24.60416985],[71.79898834,24.67052078],[71.66156006,24.63326073],[71.53697205,24.67892075],[71.29773712,24.60764122],[71.26880646,24.50677109],[71.35820007,24.51275826],[71.33963776,24.39038086],[71.40422058,24.34452057],[71.29934692,24.25562096],[71.3813324,24.1852417],[71.28629303,24.15683937],[71.35328674,24.11411095],[71.32644653,23.97693062]]]},"properties":{"GID_0":"IND","NAME_0":"India","GID_1":"IND.11_1","NAME_1":"Gujarat","NL_NAME_1":"","GID_2":"IND.11.5_1","NAME_2":"Banas Kantha","VARNAME_2":"Banaskantha, Palanpur","NL_NAME_2":"","TYPE_2":"District","ENGTYPE_2":"District","CC_2":"","HASC_2":"IN.GJ.BK"}},
{"type":"Feature","geometry":{"type":"Polygon","coordinates":[[[72.87391663,22.22374725],[72.81124878,22.24708366],[72.75402832,22.17319489],[72.60124969,22.2134819],[72.52625275,22.07681084],[72.50485992,21.90958214],[72.56986237,21.82402992],[72.50818634,21.68985748],[72.83513641,21.66792107],[72.62819672,21.61680984],[72.62568665,21.49235916],[72.68319702,21.54291916],[72.74236298,21.55014038],[72.67097473,21.51486015],[72.64319611,21.43958282],[72.68596649,21.44486046],[72.9152832,21.42815971],[72.99817657,21.53672981],[73.06215668,21.48071098],[73.06408691,21.56472969],[73.12940979,21.48201942],[73.45832825,21.52325058],[73.51122284,21.67844009],[73.40151215,21.71834946],[73.30731964,21.88998032],[73.2407074,21.92281914],[73.21803284,21.82015038],[73.07124329,21.88088989],[73.09909058,21.92873001],[73.00823212,21.9125309],[73.08357239,22.00121117],[72.92088318,22.04458046],[72.8744278,22.1502018],[72.93673706,22.18151093],[72.87391663,22.22374725]]]},"properties":{"GID_0":"IND","NAME_0":"India","GID_1":"IND.11_1","NAME_1":"Gujarat","NL_NAME_1":"","GID_2":"IND.11.6_1","NAME_2":"Bharuch","VARNAME_2":"","NL_NAME_2":"","TYPE_2":"District","ENGTYPE_2":"District","CC_2":"","HASC_2":"IN.GJ.BR"}},
{"type":"Feature","geometry":{"type":"MultiPolygon","coordinates":[[[[72.37264252,22.32018089],[72.26548767,22.20846939],[72.21996307,22.01652908],[72.26541901,22.10541916],[72.30014038,22.10874939],[72.24153137,22.04958344],[72.27597046,21.92986107],[72.32375336,22.13013649],[72.29430389,22.20236206],[72.34986115,22.12652969],[72.35764313,22.19292068],[72.39152527,22.16791534],[72.35624695,22.27124977],[72.37680817,22.22863007],[72.38671112,22.2990303],[72.37264252,22.32018089]]],[[[71.68902588,21.00792122],[72.11374664,21.19652748],[72.07597351,21.30208397],[72.10901642,21.28292084],[72.22319794,21.43874931],[72.30596924,21.62846947],[72.18291473,21.82374954],[72.26457977,21.74041748],[72.25319672,21.89736176],[72.1470871,21.95486069],[72.2215271,21.95708084],[72.17236328,22.04153061],[72.2165451,22.01212883],[72.20388794,22.09052086],[72.18399048,22.04046059],[72.13542175,22.09649086],[72.17811584,22.0138607],[72.04354095,22.12161064],[71.8911972,22.09746933],[71.83265686,22.05405045],[71.86882019,22.00592995],[71.73565674,22.00453949],[71.68683624,21.93680191],[71.69332123,21.86762047],[71.61299896,21.79836082],[71.6558609,21.69734955],[71.60746765,21.68996048],[71.63495636,21.62607956],[71.57195282,21.6209507],[71.49334717,21.47985077],[71.62664795,21.43465805],[71.63777924,21.3254528],[71.71012115,21.38163948],[71.69332123,21.32963943],[71.54766846,21.28358078],[71.5356369,21.21568108],[71.68902588,21.00792122]]]]},"properties":{"GID_0":"IND","NAME_0":"India","GID_1":"IND.11_1","NAME_1":"Gujarat","NL_NAME_1":"","GID_2":"IND.11.7_1","NAME_2":"Bhavnagar","VARNAME_2":"Bhaunagar","NL_NAME_2":"","TYPE_2":"District","ENGTYPE_2":"District","CC_2":"","HASC_2":"IN.GJ.BV"}},
{"type":"Feature","geometry":{"type":"Polygon","coordinates":[[[71.60746765,21.68996048],[71.6558609,21.69734955],[71.61299896,21.79836082],[71.69332123,21.86762047],[71.68683624,21.93680191],[71.73565674,22.00453949],[71.86882019,22.00592995],[71.83265686,22.05405045],[71.8911972,22.09746933],[71.64099884,22.20227051],[71.62026978,22.3350296],[71.54293823,22.33980942],[71.44724274,22.25731087],[71.51966095,22.05173111],[71.40680695,21.97437286],[71.47852325,21.92044067],[71.43115997,21.88165092],[71.48316193,21.7952404],[71.60746765,21.68996048]]]},"properties":{"GID_0":"IND","NAME_0":"India","GID_1":"IND.11_1","NAME_1":"Gujarat","NL_NAME_1":"","GID_2":"IND.11.8_1","NAME_2":"Botad","VARNAME_2":"","NL_NAME_2":"","TYPE_2":"District","ENGTYPE_2":"District","CC_2":"","HASC_2":""}},
{"type":"Feature","geometry":{"type":"Polygon","coordinates":[[[73.51402283,21.96360016],[73.61692047,21.89550972],[73.74046326,21.97985077],[73.9491806,21.87034035],[74.14601898,21.9540596],[74.09770203,22.01545906],[74.18070984,22.08660126],[74.07578278,22.22187805],[74.07198334,22.36024094],[74.19106293,22.32192993],[74.29418182,22.39446831],[74.19082642,22.47788048],[74.11051941,22.42921066],[74.08526611,22.50851822],[74.03708649,22.49151039],[74.06674957,22.55089951],[73.88936615,22.50442123],[73.76307678,22.54748917],[73.73427582,22.45564079],[73.77606201,22.38755989],[73.73604584,22.29120255],[73.64000702,22.30138969],[73.70961761,22.34921837],[73.64923859,22.38552094],[73.63603973,22.32377052],[73.57155609,22.32772827],[73.48796082,22.21842957],[73.48908997,22.08065987],[73.55104065,22.0650692],[73.51402283,21.96360016]]]},"properties":{"GID_0":"IND","NAME_0":"India","GID_1":"IND.11_1","NAME_1":"Gujarat","NL_NAME_1":"","GID_2":"IND.11.9_1","NAME_2":"Chhota Udaipur","VARNAME_2":"","NL_NAME_2":"","TYPE_2":"District","ENGTYPE_2":"District","CC_2":"","HASC_2":""}},
{"type":"Feature","geometry":{"type":"Polygon","coordinates":[[[73.91113281,23.0471096],[73.85582733,22.79024124],[73.7561264,22.7811203],[73.74658966,22.70521927],[73.69100189,22.71638107],[73.57682037,22.56825066],[73.59565735,22.48594093],[73.65168762,22.51305008],[73.73427582,22.45564079],[73.76307678,22.54748917],[73.88936615,22.50442123],[74.06674957,22.55089951],[74.15332031,22.51741982],[74.26535797,22.6448307],[74.38108826,22.63863945],[74.47891998,22.85864067],[74.45147705,22.92399979],[74.3620224,22.93309021],[74.32277679,23.06269073],[74.24603271,23.18825912],[74.18299103,23.15221977],[74.12252045,23.19157028],[74.09410095,23.09303093],[73.93994904,23.10074043],[73.91113281,23.0471096]]]},"properties":{"GID_0":"IND","NAME_0":"India","GID_1":"IND.11_1","NAME_1":"Gujarat","NL_NAME_1":"","GID_2":"IND.11.10_1","NAME_2":"Dahod","VARNAME_2":"Dohad","NL_NAME_2":"","TYPE_2":"District","ENGTYPE_2":"District","CC_2":"","HASC_2":"IN.GJ.DA"}},
{"type":"Feature","geometry":{"type":"MultiPolygon","coordinates":[[[[69.83931732,21.80982018],[69.93218231,21.83456993],[69.95336914,21.95013046],[69.87996674,22.00297165],[69.91945648,22.114851],[69.84459686,22.10428047],[69.78491211,22.22727966],[69.78151703,22.41180992],[69.73014069,22.47402954],[69.67180634,22.45070076],[69.69930267,22.39596939],[69.57485962,22.31903076],[69.49819183,22.43569374],[69.48847198,22.33791733],[69.33429718,22.33041954],[69.2326355,22.2579174],[69.15791321,22.3129158],[69.19403076,22.42374992],[69.06930542,22.39569473],[69.06735992,22.48014069],[68.96930695,22.39153099],[68.95736694,22.23765182],[69.39620209,21.80181122],[69.4239502,21.86255074],[69.51389313,21.8440094],[69.71775818,21.9675293],[69.74624634,21.92768288],[69.6348877,21.85306168],[69.64016724,21.7924099],[69.83931732,21.80982018]]],[[[69.60708618,22.41875076],[69.6570816,22.42819405],[69.62541962,22.45958328],[69.60708618,22.41875076]]]]},"properties":{"GID_0":"IND","NAME_0":"India","GID_1":"IND.11_1","NAME_1":"Gujarat","NL_NAME_1":"","GID_2":"IND.11.11_1","NAME_2":"Devbhumi Dwarka","VARNAME_2":"","NL_NAME_2":"","TYPE_2":"District","ENGTYPE_2":"District","CC_2":"","HASC_2":""}},
{"type":"Feature","geometry":{"type":"Polygon","coordinates":[[[73.02140045,23.16086006],[72.97956848,23.16288948],[73.02432251,23.2788105],[72.94799042,23.2388401],[72.91342926,23.32135963],[72.73246765,23.32584],[72.73297882,23.38560104],[72.53180695,23.41905022],[72.52861023,23.34950066],[72.42323303,23.28386116],[72.45324707,23.19515038],[72.39347076,23.16068077],[72.43499756,23.14130974],[72.3446579,23.10588074],[72.45448303,23.04335976],[72.5478363,23.16338921],[72.60749054,23.08834076],[72.77172852,23.0927906],[72.84789276,22.9928112],[73.02140045,23.16086006]]]},"properties":{"GID_0":"IND","NAME_0":"India","GID_1":"IND.11_1","NAME_1":"Gujarat","NL_NAME_1":"","GID_2":"IND.11.12_1","NAME_2":"Gandhinagar","VARNAME_2":"","NL_NAME_2":"","TYPE_2":"District","ENGTYPE_2":"District","CC_2":"","HASC_2":"IN.GJ.GA"}},
{"type":"Feature","geometry":{"type":"Polygon","coordinates":[[[70.85456085,20.75208282],[70.85441589,20.75347137],[70.8961792,20.82479286],[70.8169632,20.8512001],[70.90023804,20.88570023],[70.88698578,20.9452095],[70.76228333,20.96558189],[70.74160004,21.05309105],[70.59439087,21.18382072],[70.46687317,21.02884102],[70.25596619,20.97565079],[70.5854187,20.78152847],[70.82235718,20.69096947],[70.8704071,20.71871948],[70.85456085,20.75208282]]]},"properties":{"GID_0":"IND","NAME_0":"India","GID_1":"IND.11_1","NAME_1":"Gujarat","NL_NAME_1":"","GID_2":"IND.11.13_1","NAME_2":"Gir Somnath","VARNAME_2":"","NL_NAME_2":"","TYPE_2":"District","ENGTYPE_2":"District","CC_2":"","HASC_2":""}},
{"type":"Feature","geometry":{"type":"MultiPolygon","coordinates":[[[[69.91124725,22.54792023],[69.86235809,22.52708054],[69.94152832,22.51791573],[69.91124725,22.54792023]]],[[[70.09662628,21.72413063],[70.05171967,21.78278923],[70.13033295,21.81562996],[70.16525269,21.93277931],[70.21562958,21.88519287],[70.34823608,22.0411911],[70.53991699,22.04121017],[70.52156067,21.98907089],[70.58625031,22.02270126],[70.62943268,22.18749046],[70.4887085,22.30482292],[70.54551697,22.33354187],[70.49185944,22.36876106],[70.52120972,22.41982079],[70.46349335,22.42549133],[70.6029129,22.47941971],[70.5435791,22.50528908],[70.61841583,22.52303123],[70.56433105,22.55694962],[70.6309433,22.65205956],[70.67713165,22.82792091],[70.4630661,22.95487976],[70.55117798,22.95461082],[70.43653107,22.96377945],[70.17124939,22.55708122],[69.97624969,22.54319382],[69.87014008,22.44652939],[69.83430481,22.50069427],[69.78151703,22.41180992],[69.78491211,22.22727966],[69.84459686,22.10428047],[69.91945648,22.114851],[69.87996674,22.00297165],[69.95336914,21.95013046],[69.93218231,21.83456993],[69.83931732,21.80982018],[69.86213684,21.72334099],[70.01228333,21.79940987],[70.04679871,21.69556046],[70.09662628,21.72413063]]]]},"properties":{"GID_0":"IND","NAME_0":"India","GID_1":"IND.11_1","NAME_1":"Gujarat","NL_NAME_1":"","GID_2":"IND.11.14_1","NAME_2":"Jamnagar","VARNAME_2":"","NL_NAME_2":"","TYPE_2":"District","ENGTYPE_2":"District","CC_2":"","HASC_2":"IN.GJ.JA"}},
{"type":"Feature","geometry":{"type":"Polygon","coordinates":[[[70.25596619,20.97565079],[70.46687317,21.02884102],[70.59439087,21.18382072],[70.74160004,21.05309105],[70.76228333,20.96558189],[70.88698578,20.9452095],[70.90023804,20.88570023],[70.8169632,20.8512001],[70.8961792,20.82479286],[70.85441589,20.75347137],[70.91986084,20.74347115],[70.87374878,20.70982933],[70.88853455,20.70903206],[70.89208221,20.70819092],[70.96263885,20.72938156],[71.2507782,20.81374931],[71.25096893,20.81392097],[71.25108337,20.81402969],[71.19864655,20.88445091],[71.24138641,20.95298004],[71.14451599,20.9593811],[71.14347076,21.07229805],[71.01825714,21.16525269],[70.87333679,21.16201973],[70.8227005,21.22630119],[70.81962585,21.31930161],[70.8844223,21.30988121],[70.8877182,21.3692112],[70.96585083,21.39196968],[70.94152069,21.45697021],[70.82546234,21.48982048],[70.91147614,21.52958107],[70.81131744,21.65969276],[70.72022247,21.59959984],[70.46440125,21.66678047],[70.27970886,21.51869965],[70.28302002,21.60554123],[70.16034698,21.60412025],[70.16929626,21.65377998],[70.05834198,21.64029121],[70.08539581,21.5753994],[69.98977661,21.58325958],[70.07348633,21.44201279],[69.96842194,21.38577271],[70.0512085,21.26683044],[69.99884796,21.20736122],[70.25596619,20.97565079]]]},"properties":{"GID_0":"IND","NAME_0":"India","GID_1":"IND.11_1","NAME_1":"Gujarat","NL_NAME_1":"","GID_2":"IND.11.15_1","NAME_2":"Junagadh","VARNAME_2":"","NL_NAME_2":"","TYPE_2":"District","ENGTYPE_2":"District","CC_2":"","HASC_2":"IN.GJ.JU"}},
{"type":"Feature","geometry":{"type":"MultiPolygon","coordinates":[[[[68.2765274,23.79597473],[68.25736237,23.71708488],[68.27403259,23.70125008],[68.28569794,23.75458336],[68.32430267,23.73430824],[68.31291962,23.82125092],[68.30680847,23.82374954],[68.29013824,23.81680489],[68.29708099,23.8120842],[68.29819489,23.80374908],[68.2765274,23.79597473]]],[[[68.51790619,23.77736092],[68.45819092,23.81764984],[68.43736267,23.73931122],[68.51790619,23.77736092]]],[[[68.3434906,23.83792114],[68.33013916,23.78736115],[68.35514069,23.81097221],[68.40013885,23.78958321],[68.37958527,23.8381958],[68.40625,23.79319382],[68.43930817,23.83903122],[68.42069244,23.86847305],[68.39402771,23.87819672],[68.3779068,23.87430954],[68.37708282,23.85791588],[68.3434906,23.83792114]]],[[[68.26430511,23.74902725],[68.26568604,23.79292107],[68.29569244,23.80431175],[68.2959671,23.81042099],[68.28874969,23.8148613],[68.2895813,23.81820107],[68.30486298,23.82486153],[68.31430817,23.82430458],[68.32125092,23.80708122],[68.33763885,23.81930542],[68.34902954,23.90708351],[68.41874695,23.93402863],[68.43013763,23.99542046],[68.27708435,23.91486168],[68.28736115,23.83930779],[68.21291351,23.83458328],[68.19264221,23.73097038],[68.24514008,23.67902756],[68.26430511,23.74902725]]],[[[68.41571045,23.88986969],[68.42597198,23.86458015],[68.45207977,23.88180923],[68.45291901,23.93680954],[68.42736053,23.93347168],[68.40513611,23.91236115],[68.3529129,23.90069389],[68.34986115,23.84625053],[68.37735748,23.87652969],[68.39347076,23.88042068],[68.41707611,23.87236023],[68.41571045,23.88986969]]],[[[68.5220871,23.85625076],[68.58875275,23.91681099],[68.53541565,23.94597244],[68.48596954,23.88986969],[68.5220871,23.85625076]]],[[[68.47930908,23.88820076],[68.51902771,23.93902969],[68.4631958,23.9920826],[68.42819214,23.93791962],[68.44876099,23.94013977],[68.46291351,23.93208313],[68.45318604,23.87985992],[68.43125153,23.85320091],[68.47930908,23.88820076]]],[[[71.10713959,24.68065071],[71.02047729,24.63051033],[70.99826813,24.54133987],[71.00756836,24.44224167],[71.13176727,24.40180016],[70.81624603,24.22504616],[70.58428955,24.24412918],[70.57486725,24.42031479],[70.11904144,24.29069901],[70,24.16635513],[69.72457886,24.17509651],[69.60067749,24.27784729],[69.19976807,24.23519897],[69.09292603,24.26908302],[69.00053406,24.22587967],[68.94724274,24.27662659],[68.88754272,24.19585037],[68.82635498,24.30839539],[68.76412201,24.28412247],[68.74924469,23.96204567],[68.53736115,23.94736099],[68.66319275,23.91736031],[68.51513672,23.82486153],[68.52902985,23.75542068],[68.60375214,23.85013962],[68.76125336,23.87541962],[68.48902893,23.63541985],[68.55847168,23.3870697],[68.65235901,23.30291748],[68.75818634,23.33041954],[68.63014221,23.29569435],[68.67180634,23.26987267],[68.58513641,23.22182083],[69.19013977,22.84153175],[69.60069275,22.75902748],[69.63375092,22.79541969],[69.70513916,22.72791672],[69.79846954,22.85069466],[70.13208008,22.92458153],[70.0909729,22.95264053],[70.15319824,23.02958107],[70.12319183,22.96069527],[70.21930695,22.95624924],[70.19791412,22.99847221],[70.34764099,22.93041611],[70.49346924,23.07514],[70.43653107,22.96377945],[70.55117798,22.95461082],[70.5772171,23.02889252],[70.77887726,23.16027069],[70.83087921,23.15555],[70.83878326,23.07279968],[70.84306335,23.15047073],[70.95906067,23.12573814],[71.15125275,23.2040081],[71.22720337,23.14459038],[71.31710052,23.16736031],[71.72332764,23.1498394],[71.63697052,23.2010994],[71.67983246,23.29042816],[71.54328918,23.47773933],[71.52854919,23.52449036],[71.45941162,23.46809959],[71.43261719,23.62347031],[71.23979187,23.65238953],[71.22093201,23.72748184],[71.15824127,23.72495079],[71.15114594,23.62372017],[71.04976654,23.63119125],[71.11147308,23.89538002],[71.30552673,23.92192078],[71.32644653,23.97693062],[71.35328674,24.11411095],[71.28629303,24.15683937],[71.3813324,24.1852417],[71.29934692,24.25562096],[71.40422058,24.34452057],[71.33963776,24.39038086],[71.35820007,24.51275826],[71.26880646,24.50677109],[71.29773712,24.60764122],[71.19709778,24.64292908],[71.10713959,24.68065071]]],[[[68.55819702,23.31375122],[68.57402802,23.24514008],[68.61207581,23.29653168],[68.55819702,23.31375122]]],[[[68.31346893,23.5834713],[68.42514038,23.7970829],[68.3979187,23.78486061],[68.35402679,23.80402946],[68.3501358,23.73208046],[68.23124695,23.64291573],[68.31181335,23.65014076],[68.18624878,23.62430954],[68.23319244,23.58707809],[68.30680847,23.63070107],[68.31346893,23.5834713]]],[[[68.43125153,23.43985939],[68.47458649,23.45986366],[68.48458099,23.40319061],[68.48513794,23.47569656],[68.43125153,23.43985939]]]]},"properties":{"GID_0":"IND","NAME_0":"India","GID_1":"IND.11_1","NAME_1":"Gujarat","NL_NAME_1":"","GID_2":"IND.11.16_1","NAME_2":"Kachchh","VARNAME_2":"Kutch","NL_NAME_2":"","TYPE_2":"District","ENGTYPE_2":"District","CC_2":"","HASC_2":"IN.GJ.KA"}},
{"type":"Feature","geometry":{"type":"Polygon","coordinates":[[[72.5171814,22.6138916],[72.58692932,22.50129128],[72.66459656,22.4991703],[72.69798279,22.62499809],[72.92131805,22.58984947],[73.03659821,22.73297119],[73.23670197,22.63435173],[73.26686096,22.7676506],[73.35688782,22.79001999],[73.44090271,23.02857971],[73.38076019,23.11701012],[73.57787323,23.19829178],[73.53058624,23.28660011],[73.38025665,23.23802185],[73.37892151,23.13921928],[73.27934265,23.05944061],[73.14311218,23.20563126],[73.02140045,23.16086006],[72.84789276,22.9928112],[72.79886627,22.90748024],[72.61647034,22.88448906],[72.61776733,22.81388855],[72.53206635,22.79664993],[72.5171814,22.6138916]]]},"properties":{"GID_0":"IND","NAME_0":"India","GID_1":"IND.11_1","NAME_1":"Gujarat","NL_NAME_1":"","GID_2":"IND.11.17_1","NAME_2":"Kheda","VARNAME_2":"Kaira","NL_NAME_2":"","TYPE_2":"District","ENGTYPE_2":"District","CC_2":"","HASC_2":"IN.GJ.KH"}},
{"type":"Feature","geometry":{"type":"Polygon","coordinates":[[[72.3446579,23.10588074],[72.43499756,23.14130974],[72.39347076,23.16068077],[72.45324707,23.19515038],[72.42323303,23.28386116],[72.52861023,23.34950066],[72.53180695,23.41905022],[72.73297882,23.38560104],[72.82450867,23.46087074],[72.79379272,23.83270264],[72.87029266,24.01600075],[72.79733276,24.09301186],[72.72383881,24.08814049],[72.64657593,24.06628036],[72.58526611,23.93361092],[72.48478699,23.92900085],[72.51956177,23.78096008],[72.34394073,23.72877121],[72.30821228,23.63306808],[72.2206192,23.60343933],[72.17491913,23.68069839],[72.14444733,23.59255791],[72.03237152,23.6067028],[71.97860718,23.52902985],[72.00865936,23.50127983],[72.19377136,23.41102982],[72.29022217,23.44112968],[72.18451691,23.26514816],[72.16600037,23.10732079],[72.24726105,23.11551094],[72.30262756,23.03865051],[72.3446579,23.10588074]]]},"properties":{"GID_0":"IND","NAME_0":"India","GID_1":"IND.11_1","NAME_1":"Gujarat","NL_NAME_1":"","GID_2":"IND.11.18_1","NAME_2":"Mahesana","VARNAME_2":"Mehasana, Mehsana","NL_NAME_2":"","TYPE_2":"District","ENGTYPE_2":"District","CC_2":"","HASC_2":"IN.GJ.MA"}},
{"type":"Feature","geometry":{"type":"Polygon","coordinates":[[[73.53058624,23.28660011],[73.57787323,23.19829178],[73.38076019,23.11701012],[73.44090271,23.02857971],[73.52185822,22.98175049],[73.74868011,23.01423836],[73.80802155,23.1092205],[73.91113281,23.0471096],[73.93994904,23.10074043],[74.09410095,23.09303093],[74.12252045,23.19157028],[74.13378143,23.26945114],[73.96247101,23.38138962],[73.89427185,23.33713913],[73.83213043,23.44675064],[73.72614288,23.41266251],[73.63275146,23.45239258],[73.53058624,23.28660011]]]},"properties":{"GID_0":"IND","NAME_0":"India","GID_1":"IND.11_1","NAME_1":"Gujarat","NL_NAME_1":"","GID_2":"IND.11.19_1","NAME_2":"Mahisagar","VARNAME_2":"","NL_NAME_2":"","TYPE_2":"District","ENGTYPE_2":"District","CC_2":"","HASC_2":""}},
{"type":"Feature","geometry":{"type":"Polygon","coordinates":[[[70.99767303,22.40687943],[71.10997772,22.39561081],[71.17733002,22.47743034],[71.14557648,22.54002762],[71.07662964,22.53264046],[71.18089294,22.69552994],[71.11530304,22.8198204],[71.15788269,22.85972977],[71.26954651,22.83484268],[71.33289337,22.98673058],[71.30735779,23.06500053],[71.37133789,23.1192894],[71.31710052,23.16736031],[71.22720337,23.14459038],[71.15125275,23.2040081],[70.95906067,23.12573814],[70.84306335,23.15047073],[70.83878326,23.07279968],[70.83087921,23.15555],[70.77887726,23.16027069],[70.5772171,23.02889252],[70.55117798,22.95461082],[70.4630661,22.95487976],[70.67713165,22.82792091],[70.6309433,22.65205956],[70.64939117,22.47232819],[70.73430634,22.38746071],[70.8300705,22.47208023],[70.99767303,22.40687943]]]},"properties":{"GID_0":"IND","NAME_0":"India","GID_1":"IND.11_1","NAME_1":"Gujarat","NL_NAME_1":"","GID_2":"IND.11.20_1","NAME_2":"Morbi","VARNAME_2":"","NL_NAME_2":"","TYPE_2":"District","ENGTYPE_2":"District","CC_2":"","HASC_2":""}},
{"type":"Feature","geometry":{"type":"Polygon","coordinates":[[[73.70683289,21.39576912],[73.97686768,21.46162987],[73.9875412,21.52240944],[73.86078644,21.49582291],[73.78761292,21.62504959],[73.89810181,21.66727066],[73.81051636,21.82333755],[73.9491806,21.87034035],[73.74046326,21.97985077],[73.61692047,21.89550972],[73.51402283,21.96360016],[73.30731964,21.88998032],[73.40151215,21.71834946],[73.51122284,21.67844009],[73.45832825,21.52325058],[73.68293762,21.47357178],[73.70683289,21.39576912]]]},"properties":{"GID_0":"IND","NAME_0":"India","GID_1":"IND.11_1","NAME_1":"Gujarat","NL_NAME_1":"","GID_2":"IND.11.21_1","NAME_2":"Narmada","VARNAME_2":"","NL_NAME_2":"","TYPE_2":"District","ENGTYPE_2":"District","CC_2":"","HASC_2":"IN.GJ.NR"}},
{"type":"Feature","geometry":{"type":"Polygon","coordinates":[[[73.47518921,20.72167015],[73.50699615,20.81866074],[73.32845306,20.87911034],[73.28794861,20.81524086],[73.13474274,20.89706993],[73.01896667,21.06669807],[72.74208069,21.04931068],[72.87403107,20.73430634],[73.05634308,20.70207024],[73.084198,20.59982109],[73.41596222,20.62616158],[73.47518921,20.72167015]]]},"properties":{"GID_0":"IND","NAME_0":"India","GID_1":"IND.11_1","NAME_1":"Gujarat","NL_NAME_1":"","GID_2":"IND.11.22_1","NAME_2":"Navsari","VARNAME_2":"","NL_NAME_2":"","TYPE_2":"District","ENGTYPE_2":"District","CC_2":"","HASC_2":"IN.GJ.NV"}},
{"type":"Feature","geometry":{"type":"Polygon","coordinates":[[[73.57155609,22.32772827],[73.63603973,22.32377052],[73.64923859,22.38552094],[73.70961761,22.34921837],[73.64000702,22.30138969],[73.73604584,22.29120255],[73.77606201,22.38755989],[73.73427582,22.45564079],[73.65168762,22.51305008],[73.59565735,22.48594093],[73.57682037,22.56825066],[73.69100189,22.71638107],[73.74658966,22.70521927],[73.7561264,22.7811203],[73.85582733,22.79024124],[73.91113281,23.0471096],[73.80802155,23.1092205],[73.74868011,23.01423836],[73.52185822,22.98175049],[73.44090271,23.02857971],[73.35688782,22.79001999],[73.43254089,22.77480125],[73.37100983,22.62820053],[73.4285965,22.42733002],[73.57155609,22.32772827]]]},"properties":{"GID_0":"IND","NAME_0":"India","GID_1":"IND.11_1","NAME_1":"Gujarat","NL_NAME_1":"","GID_2":"IND.11.23_1","NAME_2":"Panch Mahals","VARNAME_2":"Godhra, Panchmahal","NL_NAME_2":"","TYPE_2":"District","ENGTYPE_2":"District","CC_2":"","HASC_2":"IN.GJ.PM"}},
{"type":"Feature","geometry":{"type":"Polygon","coordinates":[[[71.97860718,23.52902985],[72.03237152,23.6067028],[72.14444733,23.59255791],[72.17491913,23.68069839],[72.2206192,23.60343933],[72.30821228,23.63306808],[72.34394073,23.72877121],[72.51956177,23.78096008],[72.48478699,23.92900085],[72.23773956,24.06343842],[72.21157074,24.13870049],[72.10835266,24.12359047],[72.17156219,24.07254028],[72.10790253,24.01898956],[72.03842163,24.05260277],[72.04380798,23.98007965],[71.93416595,24.00556183],[71.98055267,23.88953018],[71.77407837,23.82567024],[71.68831635,23.96583939],[71.50121307,23.96639061],[71.48723602,24.01898956],[71.42386627,23.92194939],[71.32644653,23.97693062],[71.30552673,23.92192078],[71.11147308,23.89538002],[71.04976654,23.63119125],[71.15114594,23.62372017],[71.15824127,23.72495079],[71.22093201,23.72748184],[71.23979187,23.65238953],[71.43261719,23.62347031],[71.45941162,23.46809959],[71.52854919,23.52449036],[71.54328918,23.47773933],[71.73735809,23.49197006],[71.80818176,23.39735031],[71.97860718,23.52902985]]]},"properties":{"GID_0":"IND","NAME_0":"India","GID_1":"IND.11_1","NAME_1":"Gujarat","NL_NAME_1":"","GID_2":"IND.11.24_1","NAME_2":"Patan","VARNAME_2":"","NL_NAME_2":"","TYPE_2":"District","ENGTYPE_2":"District","CC_2":"","HASC_2":"IN.GJ.PA"}},
{"type":"Feature","geometry":{"type":"Polygon","coordinates":[[[69.39620209,21.80181122],[69.70597076,21.53847122],[69.63263702,21.64291954],[69.69680786,21.5929203],[69.67569733,21.63875008],[69.73764038,21.65041924],[69.76431274,21.57875061],[69.7123642,21.52930641],[69.99884796,21.20736122],[70.0512085,21.26683044],[69.96842194,21.38577271],[70.07348633,21.44201279],[69.98977661,21.58325958],[70.08539581,21.5753994],[70.05834198,21.64029121],[70.16929626,21.65377998],[70.09662628,21.72413063],[70.04679871,21.69556046],[70.01228333,21.79940987],[69.86213684,21.72334099],[69.83931732,21.80982018],[69.64016724,21.7924099],[69.6348877,21.85306168],[69.74624634,21.92768288],[69.71775818,21.9675293],[69.51389313,21.8440094],[69.4239502,21.86255074],[69.39620209,21.80181122]]]},"properties":{"GID_0":"IND","NAME_0":"India","GID_1":"IND.11_1","NAME_1":"Gujarat","NL_NAME_1":"","GID_2":"IND.11.25_1","NAME_2":"Porbandar","VARNAME_2":"","NL_NAME_2":"","TYPE_2":"District","ENGTYPE_2":"District","CC_2":"","HASC_2":"IN.GJ.PO"}},
{"type":"Feature","geometry":{"type":"Polygon","coordinates":[[[70.16929626,21.65377998],[70.16034698,21.60412025],[70.28302002,21.60554123],[70.27970886,21.51869965],[70.46440125,21.66678047],[70.72022247,21.59959984],[70.81131744,21.65969276],[70.81301117,21.73190117],[71.04866028,21.73631287],[71.12506104,21.84863091],[71.04749298,21.86683083],[71.21279144,21.96397018],[71.19979858,22.00530052],[71.30848694,21.95594978],[71.32195282,22.03796005],[71.40680695,21.97437286],[71.51966095,22.05173111],[71.44724274,22.25731087],[71.40300751,22.21881294],[71.38009644,22.29014015],[71.24664307,22.27243042],[71.22885895,22.21827126],[71.30409241,22.1595211],[71.22563934,22.18151093],[71.139328,22.11791992],[71.17337036,22.17708015],[70.99767303,22.40687943],[70.8300705,22.47208023],[70.73430634,22.38746071],[70.64939117,22.47232819],[70.6309433,22.65205956],[70.56433105,22.55694962],[70.61841583,22.52303123],[70.5435791,22.50528908],[70.6029129,22.47941971],[70.46349335,22.42549133],[70.52120972,22.41982079],[70.49185944,22.36876106],[70.54551697,22.33354187],[70.4887085,22.30482292],[70.62943268,22.18749046],[70.58625031,22.02270126],[70.52156067,21.98907089],[70.53991699,22.04121017],[70.34823608,22.0411911],[70.21562958,21.88519287],[70.16525269,21.93277931],[70.13033295,21.81562996],[70.05171967,21.78278923],[70.09662628,21.72413063],[70.16929626,21.65377998]]]},"properties":{"GID_0":"IND","NAME_0":"India","GID_1":"IND.11_1","NAME_1":"Gujarat","NL_NAME_1":"","GID_2":"IND.11.26_1","NAME_2":"Rajkot","VARNAME_2":"","NL_NAME_2":"","TYPE_2":"District","ENGTYPE_2":"District","CC_2":"","HASC_2":"IN.GJ.RA"}},
{"type":"Feature","geometry":{"type":"Polygon","coordinates":[[[73.02432251,23.2788105],[73.10942841,23.32447052],[73.08362579,23.37364006],[73.1420517,23.3835907],[73.12702942,23.46070099],[73.21144867,23.58789063],[73.14273834,23.7734108],[73.23468018,23.87993813],[73.29065704,23.83181953],[73.29685974,23.88698959],[73.3864975,23.90577126],[73.42468262,23.93106079],[73.37346649,24.1281395],[73.24582672,24.01070976],[73.22381592,24.09822083],[73.08268738,24.18498039],[73.23147583,24.36466026],[73.08496094,24.39447021],[73.09438324,24.49472809],[73.01278687,24.48240089],[72.96537018,24.35110855],[73.02976227,24.25794029],[72.87029266,24.01600075],[72.79379272,23.83270264],[72.82450867,23.46087074],[72.73297882,23.38560104],[72.73246765,23.32584],[72.91342926,23.32135963],[72.94799042,23.2388401],[73.02432251,23.2788105]]]},"properties":{"GID_0":"IND","NAME_0":"India","GID_1":"IND.11_1","NAME_1":"Gujarat","NL_NAME_1":"","GID_2":"IND.11.27_1","NAME_2":"Sabar Kantha","VARNAME_2":"Sabarkantha, Himatnagar","NL_NAME_2":"","TYPE_2":"District","ENGTYPE_2":"District","CC_2":"","HASC_2":"IN.GJ.SK"}},
{"type":"Feature","geometry":{"type":"Polygon","coordinates":[[[73.32845306,20.87911034],[73.22148132,20.9548912],[73.24489594,21.12828255],[73.37509155,21.26470947],[73.45022583,21.26832008],[73.4631424,21.38089943],[73.53456879,21.34736061],[73.70683289,21.39576912],[73.68293762,21.47357178],[73.45832825,21.52325058],[73.12940979,21.48201942],[73.06408691,21.56472969],[73.06215668,21.48071098],[72.99817657,21.53672981],[72.9152832,21.42815971],[72.68596649,21.44486046],[72.58735657,21.27568817],[72.65319824,21.22680473],[72.62708282,21.0759697],[72.68264008,21.15819359],[72.74208069,21.04931068],[73.01896667,21.06669807],[73.13474274,20.89706993],[73.28794861,20.81524086],[73.32845306,20.87911034]]]},"properties":{"GID_0":"IND","NAME_0":"India","GID_1":"IND.11_1","NAME_1":"Gujarat","NL_NAME_1":"","GID_2":"IND.11.28_1","NAME_2":"Surat","VARNAME_2":"","NL_NAME_2":"","TYPE_2":"District","ENGTYPE_2":"District","CC_2":"","HASC_2":"IN.GJ.SR"}},
{"type":"Feature","geometry":{"type":"Polygon","coordinates":[[[70.99767303,22.40687943],[71.17337036,22.17708015],[71.139328,22.11791992],[71.22563934,22.18151093],[71.30409241,22.1595211],[71.22885895,22.21827126],[71.24664307,22.27243042],[71.38009644,22.29014015],[71.40300751,22.21881294],[71.44724274,22.25731087],[71.54293823,22.33980942],[71.62026978,22.3350296],[71.65553284,22.39628029],[71.74642181,22.35783005],[71.83901215,22.39038086],[71.84375,22.35321045],[71.9021759,22.41643906],[71.94503021,22.37849808],[71.95014954,22.53697968],[72.08876801,22.43522835],[72.19709778,22.53998947],[72.07572174,22.5918808],[72.03733826,22.67708015],[72.11654663,22.71857071],[71.99376678,22.85324097],[72.02558899,23.05403137],[71.95974731,23.03718948],[71.9108963,23.10793114],[72.008461,23.24708939],[71.88465881,23.2248497],[71.88407898,23.38079071],[71.96856689,23.39092064],[72.00865936,23.50127983],[71.97860718,23.52902985],[71.80818176,23.39735031],[71.73735809,23.49197006],[71.54328918,23.47773933],[71.67983246,23.29042816],[71.63697052,23.2010994],[71.72332764,23.1498394],[71.31710052,23.16736031],[71.37133789,23.1192894],[71.30735779,23.06500053],[71.33289337,22.98673058],[71.26954651,22.83484268],[71.15788269,22.85972977],[71.11530304,22.8198204],[71.18089294,22.69552994],[71.07662964,22.53264046],[71.14557648,22.54002762],[71.17733002,22.47743034],[71.10997772,22.39561081],[70.99767303,22.40687943]]]},"properties":{"GID_0":"IND","NAME_0":"India","GID_1":"IND.11_1","NAME_1":"Gujarat","NL_NAME_1":"","GID_2":"IND.11.29_1","NAME_2":"Surendranagar","VARNAME_2":"","NL_NAME_2":"","TYPE_2":"District","ENGTYPE_2":"District","CC_2":"","HASC_2":"IN.GJ.SN"}},
{"type":"Feature","geometry":{"type":"Polygon","coordinates":[[[73.70683289,21.39576912],[73.53456879,21.34736061],[73.4631424,21.38089943],[73.45022583,21.26832008],[73.37509155,21.26470947],[73.24489594,21.12828255],[73.22148132,20.9548912],[73.32845306,20.87911034],[73.50699615,20.81866074],[73.56389618,21.01173973],[73.60370636,20.95980072],[73.72136688,21.00788116],[73.89633942,20.93300056],[73.85721588,20.99770927],[73.76944733,21.01452065],[73.75260925,21.11408997],[73.65994263,21.10837936],[73.58830261,21.16790009],[73.63639832,21.13265991],[73.82254791,21.17192078],[73.83213806,21.26745033],[73.94848633,21.2975502],[73.95284271,21.40237045],[74.04854584,21.41942978],[74.06716156,21.48193169],[74.30591583,21.4793911],[74.33551788,21.5402298],[73.9875412,21.52240944],[73.97686768,21.46162987],[73.70683289,21.39576912]]]},"properties":{"GID_0":"IND","NAME_0":"India","GID_1":"IND.11_1","NAME_1":"Gujarat","NL_NAME_1":"","GID_2":"IND.11.30_1","NAME_2":"Tapi","VARNAME_2":"","NL_NAME_2":"","TYPE_2":"District","ENGTYPE_2":"District","CC_2":"","HASC_2":"IN.GJ.TP"}},
{"type":"Feature","geometry":{"type":"Polygon","coordinates":[[[73.50699615,20.81866074],[73.47518921,20.72167015],[73.49843597,20.65341949],[73.74820709,20.56735992],[73.84641266,20.6235199],[73.82264709,20.69382095],[73.94953156,20.74230957],[73.94509888,20.84013176],[73.89633942,20.93300056],[73.72136688,21.00788116],[73.60370636,20.95980072],[73.56389618,21.01173973],[73.50699615,20.81866074]]]},"properties":{"GID_0":"IND","NAME_0":"India","GID_1":"IND.11_1","NAME_1":"Gujarat","NL_NAME_1":"","GID_2":"IND.11.31_1","NAME_2":"The Dangs","VARNAME_2":"Dangs","NL_NAME_2":"","TYPE_2":"District","ENGTYPE_2":"District","CC_2":"","HASC_2":"IN.GJ.DG"}},
{"type":"Feature","geometry":{"type":"Polygon","coordinates":[[[73.30731964,21.88998032],[73.51402283,21.96360016],[73.55104065,22.0650692],[73.48908997,22.08065987],[73.48796082,22.21842957],[73.57155609,22.32772827],[73.4285965,22.42733002],[73.37100983,22.62820053],[73.43254089,22.77480125],[73.35688782,22.79001999],[73.26686096,22.7676506],[73.23670197,22.63435173],[73.09941101,22.50704956],[73.06790161,22.30909157],[72.98618317,22.24776077],[72.94613647,22.30129051],[72.91930389,22.2666111],[72.87391663,22.22374725],[72.93673706,22.18151093],[72.8744278,22.1502018],[72.92088318,22.04458046],[73.08357239,22.00121117],[73.00823212,21.9125309],[73.09909058,21.92873001],[73.07124329,21.88088989],[73.21803284,21.82015038],[73.2407074,21.92281914],[73.30731964,21.88998032]]]},"properties":{"GID_0":"IND","NAME_0":"India","GID_1":"IND.11_1","NAME_1":"Gujarat","NL_NAME_1":"","GID_2":"IND.11.32_1","NAME_2":"Vadodara","VARNAME_2":"Baroda","NL_NAME_2":"","TYPE_2":"District","ENGTYPE_2":"District","CC_2":"","HASC_2":"IN.GJ.VD"}},
{"type":"Feature","geometry":{"type":"Polygon","coordinates":[[[72.73764038,20.13653946],[72.83534241,20.14464188],[72.87454224,20.2258091],[72.97042847,20.21232986],[72.92459106,20.27865982],[73.04416656,20.2911129],[73.1073761,20.36071014],[73.17954254,20.28986168],[73.07685852,20.22980118],[73.07244873,20.16345024],[73.18017578,20.20860863],[73.21631622,20.12199974],[73.25946808,20.12463951],[73.3111496,20.20721054],[73.42991638,20.20623016],[73.39134979,20.39019966],[73.50074005,20.54024124],[73.41596222,20.62616158],[73.084198,20.59982109],[73.05634308,20.70207024],[72.87403107,20.73430634],[72.86013794,20.47096062],[72.89637756,20.37669563],[72.8215332,20.3710804],[72.73764038,20.13653946]]]},"properties":{"GID_0":"IND","NAME_0":"India","GID_1":"IND.11_1","NAME_1":"Gujarat","NL_NAME_1":"","GID_2":"IND.11.33_1","NAME_2":"Valsad","VARNAME_2":"Bulsar|Walsad","NL_NAME_2":"","TYPE_2":"District","ENGTYPE_2":"District","CC_2":"","HASC_2":"IN.GJ.VL"}},
{"type":"Feature","geometry":{"type":"Polygon","coordinates":[[[77.09870148,30.18023109],[77.06497192,30.21544266],[77.14222717,30.22059822],[77.12773132,30.28571129],[77.31069946,30.45362091],[77.12378693,30.57269287],[77.02268982,30.63656044],[76.92006683,30.52469063],[76.89776611,30.36260033],[76.8324585,30.43388176],[76.764328,30.42501068],[76.70014954,30.39361191],[76.71515656,30.33291054],[76.54763794,30.26492119],[76.53253174,30.22713089],[76.58399963,30.25653076],[76.63891602,30.20594025],[76.62763977,30.1551075],[76.81932831,30.25304031],[77.04528809,30.12702942],[77.09870148,30.18023109]]]},"properties":{"GID_0":"IND","NAME_0":"India","GID_1":"IND.12_1","NAME_1":"Haryana","NL_NAME_1":"","GID_2":"IND.12.1_1","NAME_2":"Ambala","VARNAME_2":"","NL_NAME_2":"","TYPE_2":"District","ENGTYPE_2":"District","CC_2":"","HASC_2":"IN.HR.AM"}},
{"type":"Feature","geometry":{"type":"Polygon","coordinates":[[[75.88922882,28.39365959],[75.9913559,28.44432068],[76.07025146,28.39858055],[76.1463623,28.46692085],[76.28193665,28.43934059],[76.34411621,28.61598969],[76.40361786,28.55562973],[76.45549774,28.61606979],[76.39650726,28.68583107],[76.22315216,28.99121094],[76.1880722,29.06072044],[76.0610733,29.03019905],[75.97843933,29.08568954],[75.97097778,28.99860954],[75.89454651,29.01992035],[75.82266235,28.9167099],[75.51651764,28.97538948],[75.46888733,28.93799019],[75.53956604,28.64887047],[75.6639328,28.52086067],[75.78515625,28.45074081],[75.77031708,28.40761948],[75.88922882,28.39365959]]]},"properties":{"GID_0":"IND","NAME_0":"India","GID_1":"IND.12_1","NAME_1":"Haryana","NL_NAME_1":"","GID_2":"IND.12.2_1","NAME_2":"Bhiwani","VARNAME_2":"","NL_NAME_2":"","TYPE_2":"District","ENGTYPE_2":"District","CC_2":"","HASC_2":"IN.HR.BH"}},
{"type":"Feature","geometry":{"type":"MultiPolygon","coordinates":[[[[77.28803253,27.89640999],[77.28618622,28.08184052],[77.18376923,28.18596077],[77.06556702,27.99157143],[77.28803253,27.89640999]]],[[[77.51159668,28.16489029],[77.54120636,28.2477417],[77.46730042,28.26972008],[77.47455597,28.41351128],[77.33773804,28.50897026],[77.16577148,28.40846062],[77.14180756,28.32728004],[77.23004913,28.27428055],[77.39884949,28.21861076],[77.39559174,28.17184067],[77.51159668,28.16489029]]]]},"properties":{"GID_0":"IND","NAME_0":"India","GID_1":"IND.12_1","NAME_1":"Haryana","NL_NAME_1":"","GID_2":"IND.12.3_1","NAME_2":"Faridabad","VARNAME_2":"","NL_NAME_2":"","TYPE_2":"District","ENGTYPE_2":"District","CC_2":"","HASC_2":"IN.HR.FD"}},
{"type":"Feature","geometry":{"type":"Polygon","coordinates":[[[75.27671814,29.27345085],[75.2959671,29.32296944],[75.38833618,29.3223896],[75.40731049,29.41609955],[75.58261871,29.33889961],[75.77279663,29.52774811],[75.94948578,29.56896973],[75.9386673,29.73351288],[75.82901764,29.81232071],[75.7259903,29.81151962],[75.69744873,29.75521088],[75.56878662,29.74262047],[75.44426727,29.80784988],[75.29064941,29.56176186],[75.29133606,29.44384956],[75.21224213,29.39385986],[75.23522949,29.25193977],[75.27671814,29.27345085]]]},"properties":{"GID_0":"IND","NAME_0":"India","GID_1":"IND.12_1","NAME_1":"Haryana","NL_NAME_1":"","GID_2":"IND.12.4_1","NAME_2":"Fatehabad","VARNAME_2":"","NL_NAME_2":"","TYPE_2":"District","ENGTYPE_2":"District","CC_2":"","HASC_2":"IN.HR.FT"}},
{"type":"Feature","geometry":{"type":"Polygon","coordinates":[[[76.63648224,28.41457939],[76.67312622,28.26786041],[76.84648132,28.23950958],[76.9675827,28.33901024],[77.04457092,28.22566032],[77.16934204,28.20498085],[77.23004913,28.27428055],[77.14180756,28.32728004],[77.16577148,28.40846062],[77.07247925,28.52028084],[76.87937164,28.50905037],[76.7002182,28.49608994],[76.63648224,28.41457939]]]},"properties":{"GID_0":"IND","NAME_0":"India","GID_1":"IND.12_1","NAME_1":"Haryana","NL_NAME_1":"","GID_2":"IND.12.5_1","NAME_2":"Gurgaon","VARNAME_2":"","NL_NAME_2":"","TYPE_2":"District","ENGTYPE_2":"District","CC_2":"","HASC_2":"IN.HR.GG"}},
{"type":"Feature","geometry":{"type":"Polygon","coordinates":[[[76.29158783,29.09107018],[76.28823853,29.20173073],[76.18209839,29.30064964],[76.19213867,29.40653038],[76.01380157,29.43453979],[75.92575836,29.5069294],[75.94948578,29.56896973],[75.77279663,29.52774811],[75.58261871,29.33889961],[75.40731049,29.41609955],[75.38833618,29.3223896],[75.2959671,29.32296944],[75.27671814,29.27345085],[75.32424927,29.29018974],[75.3453064,29.22616005],[75.39570618,29.26194],[75.38065338,29.07032013],[75.51651764,28.97538948],[75.82266235,28.9167099],[75.89454651,29.01992035],[75.97097778,28.99860954],[75.97843933,29.08568954],[76.0610733,29.03019905],[76.1880722,29.06072044],[76.22315216,28.99121094],[76.29158783,29.09107018]]]},"properties":{"GID_0":"IND","NAME_0":"India","GID_1":"IND.12_1","NAME_1":"Haryana","NL_NAME_1":"","GID_2":"IND.12.6_1","NAME_2":"Hisar","VARNAME_2":"","NL_NAME_2":"","TYPE_2":"District","ENGTYPE_2":"District","CC_2":"","HASC_2":"IN.HR.HI"}},
{"type":"Feature","geometry":{"type":"Polygon","coordinates":[[[76.38105011,28.36907005],[76.41072083,28.32983017],[76.4960022,28.38298035],[76.57486725,28.35149956],[76.63648224,28.41457939],[76.7002182,28.49608994],[76.87937164,28.50905037],[76.83291626,28.58250809],[76.93390656,28.63764954],[76.94230652,28.82068062],[76.89277649,28.86712074],[76.78607941,28.81796074],[76.772789,28.74718285],[76.63735962,28.84255028],[76.56999207,28.73858833],[76.44084167,28.74104118],[76.39650726,28.68583107],[76.45549774,28.61606979],[76.40361786,28.55562973],[76.34411621,28.61598969],[76.28193665,28.43934059],[76.2976532,28.38141823],[76.36728668,28.40782166],[76.38105011,28.36907005]]]},"properties":{"GID_0":"IND","NAME_0":"India","GID_1":"IND.12_1","NAME_1":"Haryana","NL_NAME_1":"","GID_2":"IND.12.7_1","NAME_2":"Jhajjar","VARNAME_2":"","NL_NAME_2":"","TYPE_2":"District","ENGTYPE_2":"District","CC_2":"","HASC_2":"IN.HR.JH"}},
{"type":"Feature","geometry":{"type":"Polygon","coordinates":[[[76.48194122,29.51890373],[76.3341217,29.5851593],[76.2571106,29.54157066],[76.16638947,29.68183899],[76.21111298,29.8432312],[76.09056091,29.81083107],[75.9386673,29.73351288],[75.94948578,29.56896973],[75.92575836,29.5069294],[76.01380157,29.43453979],[76.19213867,29.40653038],[76.18209839,29.30064964],[76.28823853,29.20173073],[76.29158783,29.09107018],[76.4690094,29.10083961],[76.46685791,29.24706078],[76.54122925,29.21430969],[76.55117798,29.28746033],[76.67138672,29.2749691],[76.63693237,29.36800003],[76.72280884,29.39721107],[76.74504852,29.47221947],[76.53481293,29.46237946],[76.48194122,29.51890373]]]},"properties":{"GID_0":"IND","NAME_0":"India","GID_1":"IND.12_1","NAME_1":"Haryana","NL_NAME_1":"","GID_2":"IND.12.8_1","NAME_2":"Jind","VARNAME_2":"","NL_NAME_2":"","TYPE_2":"District","ENGTYPE_2":"District","CC_2":"","HASC_2":"IN.HR.JI"}},
{"type":"Feature","geometry":{"type":"Polygon","coordinates":[[[76.21111298,29.8432312],[76.16638947,29.68183899],[76.2571106,29.54157066],[76.3341217,29.5851593],[76.48194122,29.51890373],[76.52313232,29.61796951],[76.70120239,29.68690109],[76.66551971,29.86832809],[76.74388123,29.92932129],[76.64655304,29.96091843],[76.54286957,29.86185074],[76.45906067,29.91592979],[76.46305847,30.02656174],[76.41249847,30.04788017],[76.4520874,30.10070992],[76.41020203,30.20228958],[76.32289886,30.10822105],[76.20387268,30.15890121],[76.25499725,30.10457993],[76.16629028,29.92865944],[76.23869324,29.87590027],[76.21111298,29.8432312]]]},"properties":{"GID_0":"IND","NAME_0":"India","GID_1":"IND.12_1","NAME_1":"Haryana","NL_NAME_1":"","GID_2":"IND.12.9_1","NAME_2":"Kaithal","VARNAME_2":"","NL_NAME_2":"","TYPE_2":"District","ENGTYPE_2":"District","CC_2":"","HASC_2":"IN.HR.KT"}},
{"type":"Feature","geometry":{"type":"Polygon","coordinates":[[[76.74504852,29.47221947],[77.12413788,29.45294189],[77.08561707,29.60079956],[77.13218689,29.69948006],[77.21112823,29.94071007],[77.10280609,29.99549103],[77.08235168,29.95396996],[76.74388123,29.92932129],[76.66551971,29.86832809],[76.70120239,29.68690109],[76.52313232,29.61796951],[76.48194122,29.51890373],[76.53481293,29.46237946],[76.74504852,29.47221947]]]},"properties":{"GID_0":"IND","NAME_0":"India","GID_1":"IND.12_1","NAME_1":"Haryana","NL_NAME_1":"","GID_2":"IND.12.10_1","NAME_2":"Karnal","VARNAME_2":"","NL_NAME_2":"","TYPE_2":"District","ENGTYPE_2":"District","CC_2":"","HASC_2":"IN.HR.KR"}},
{"type":"Feature","geometry":{"type":"Polygon","coordinates":[[[76.4520874,30.10070992],[76.41249847,30.04788017],[76.46305847,30.02656174],[76.45906067,29.91592979],[76.54286957,29.86185074],[76.64655304,29.96091843],[76.74388123,29.92932129],[77.08235168,29.95396996],[77.10280609,29.99549103],[77.21112823,29.94071007],[77.27040863,30.04833984],[77.17079926,30.06546974],[77.09870148,30.18023109],[77.04528809,30.12702942],[76.81932831,30.25304031],[76.62763977,30.1551075],[76.60105133,30.08023071],[76.4520874,30.10070992]]]},"properties":{"GID_0":"IND","NAME_0":"India","GID_1":"IND.12_1","NAME_1":"Haryana","NL_NAME_1":"","GID_2":"IND.12.11_1","NAME_2":"Kurukshetra","VARNAME_2":"","NL_NAME_2":"","TYPE_2":"District","ENGTYPE_2":"District","CC_2":"","HASC_2":"IN.HR.KU"}},
{"type":"Feature","geometry":{"type":"Polygon","coordinates":[[[76.08009338,27.8510704],[76.17292023,27.80746078],[76.22328186,27.84093094],[76.15493774,27.99899101],[76.21382904,28.03168106],[76.17733765,28.05925941],[76.33679962,28.02966118],[76.30871582,28.18336105],[76.38105011,28.36907005],[76.36728668,28.40782166],[76.2976532,28.38141823],[76.28193665,28.43934059],[76.1463623,28.46692085],[76.07025146,28.39858055],[75.9913559,28.44432068],[75.88922882,28.39365959],[76.09288788,28.15521812],[76.02774811,28.17272186],[75.94249725,28.10563087],[75.97740936,28.05220032],[76.03562927,28.07398033],[75.92362213,27.93309021],[75.96308136,27.86473083],[76.08009338,27.8510704]]]},"properties":{"GID_0":"IND","NAME_0":"India","GID_1":"IND.12_1","NAME_1":"Haryana","NL_NAME_1":"","GID_2":"IND.12.12_1","NAME_2":"Mahendragarh","VARNAME_2":"Mahendergarh, Mahendragarth, Mohindargarh, Mohindergarh","NL_NAME_2":"","TYPE_2":"District","ENGTYPE_2":"District","CC_2":"","HASC_2":"IN.HR.MA"}},
{"type":"Feature","geometry":{"type":"Polygon","coordinates":[[[76.8543396,28.22524071],[76.96176147,28.14401054],[76.88092041,27.69936943],[76.97049713,27.65714264],[76.9935379,27.74170113],[77.079216,27.73841095],[77.03827667,27.82004166],[77.12652588,27.77646065],[77.27577972,27.80654907],[77.32924652,27.85198975],[77.28803253,27.89640999],[77.06556702,27.99157143],[77.18376923,28.18596077],[77.16934204,28.20498085],[77.04457092,28.22566032],[76.9675827,28.33901024],[76.84648132,28.23950958],[76.8543396,28.22524071]]]},"properties":{"GID_0":"IND","NAME_0":"India","GID_1":"IND.12_1","NAME_1":"Haryana","NL_NAME_1":"","GID_2":"IND.12.13_1","NAME_2":"Mewat","VARNAME_2":"","NL_NAME_2":"","TYPE_2":"District","ENGTYPE_2":"District","CC_2":"","HASC_2":"IN.HR.MW"}},
{"type":"Feature","geometry":{"type":"Polygon","coordinates":[[[77.18376923,28.18596077],[77.28618622,28.08184052],[77.28803253,27.89640999],[77.32924652,27.85198975],[77.51921082,27.93188095],[77.47001648,28.0837307],[77.51159668,28.16489029],[77.39559174,28.17184067],[77.39884949,28.21861076],[77.23004913,28.27428055],[77.16934204,28.20498085],[77.18376923,28.18596077]]]},"properties":{"GID_0":"IND","NAME_0":"India","GID_1":"IND.12_1","NAME_1":"Haryana","NL_NAME_1":"","GID_2":"IND.12.14_1","NAME_2":"Palwal","VARNAME_2":"","NL_NAME_2":"","TYPE_2":"District","ENGTYPE_2":"District","CC_2":"","HASC_2":"IN.HR.PW"}},
{"type":"Feature","geometry":{"type":"Polygon","coordinates":[[[77.12378693,30.57269287],[77.15352631,30.6887207],[77.00470734,30.75248909],[76.90216064,30.89722824],[76.76985931,30.90639114],[76.82818604,30.76379013],[76.81980896,30.68582916],[76.92006683,30.52469063],[77.02268982,30.63656044],[77.12378693,30.57269287]]]},"properties":{"GID_0":"IND","NAME_0":"India","GID_1":"IND.12_1","NAME_1":"Haryana","NL_NAME_1":"","GID_2":"IND.12.15_1","NAME_2":"Panchkula","VARNAME_2":"","NL_NAME_2":"","TYPE_2":"District","ENGTYPE_2":"District","CC_2":"","HASC_2":"IN.HR.PK"}},
{"type":"Feature","geometry":{"type":"Polygon","coordinates":[[[76.67138672,29.2749691],[77.13240814,29.17181015],[77.1423111,29.30151176],[77.12413788,29.45294189],[76.74504852,29.47221947],[76.72280884,29.39721107],[76.63693237,29.36800003],[76.67138672,29.2749691]]]},"properties":{"GID_0":"IND","NAME_0":"India","GID_1":"IND.12_1","NAME_1":"Haryana","NL_NAME_1":"","GID_2":"IND.12.16_1","NAME_2":"Panipat","VARNAME_2":"","NL_NAME_2":"","TYPE_2":"District","ENGTYPE_2":"District","CC_2":"","HASC_2":"IN.HR.PP"}},
{"type":"Feature","geometry":{"type":"Polygon","coordinates":[[[76.30871582,28.18336105],[76.47099304,28.15474129],[76.49765778,28.0647316],[76.45372772,28.04966927],[76.53852081,28.03911972],[76.53819275,27.970541],[76.66007233,28.0190506],[76.65122986,28.0967598],[76.8543396,28.22524071],[76.84648132,28.23950958],[76.67312622,28.26786041],[76.63648224,28.41457939],[76.57486725,28.35149956],[76.4960022,28.38298035],[76.41072083,28.32983017],[76.38105011,28.36907005],[76.30871582,28.18336105]]]},"properties":{"GID_0":"IND","NAME_0":"India","GID_1":"IND.12_1","NAME_1":"Haryana","NL_NAME_1":"","GID_2":"IND.12.17_1","NAME_2":"Rewari","VARNAME_2":"","NL_NAME_2":"","TYPE_2":"District","ENGTYPE_2":"District","CC_2":"","HASC_2":"IN.HR.RE"}},
{"type":"Feature","geometry":{"type":"Polygon","coordinates":[[[76.39650726,28.68583107],[76.44084167,28.74104118],[76.56999207,28.73858833],[76.63735962,28.84255028],[76.772789,28.74718285],[76.78607941,28.81796074],[76.89277649,28.86712074],[76.80932617,28.8640995],[76.81741333,28.92566109],[76.66146851,28.98891068],[76.62889099,29.0632782],[76.4690094,29.10083961],[76.29158783,29.09107018],[76.22315216,28.99121094],[76.39650726,28.68583107]]]},"properties":{"GID_0":"IND","NAME_0":"India","GID_1":"IND.12_1","NAME_1":"Haryana","NL_NAME_1":"","GID_2":"IND.12.18_1","NAME_2":"Rohtak","VARNAME_2":"","NL_NAME_2":"","TYPE_2":"District","ENGTYPE_2":"District","CC_2":"","HASC_2":"IN.HR.RO"}},
{"type":"Feature","geometry":{"type":"Polygon","coordinates":[[[74.51906586,29.94334984],[74.55356598,29.86564064],[74.46526337,29.78754997],[74.47200012,29.74403],[74.60540009,29.7528801],[74.56653595,29.56349945],[74.61440277,29.52711105],[74.52910614,29.44953918],[74.59577942,29.32831192],[74.84113312,29.4040699],[75.07807922,29.23245049],[75.23522949,29.25193977],[75.21224213,29.39385986],[75.29133606,29.44384956],[75.29064941,29.56176186],[75.22348022,29.54617119],[75.15783691,29.66271019],[75.23097992,29.75206757],[75.17855835,29.83690834],[75.141716,29.77700806],[75.08480072,29.91514015],[74.9899292,29.85646057],[74.88149261,29.96834946],[74.69737244,29.97114944],[74.64697266,29.90467072],[74.51906586,29.94334984]]]},"properties":{"GID_0":"IND","NAME_0":"India","GID_1":"IND.12_1","NAME_1":"Haryana","NL_NAME_1":"","GID_2":"IND.12.19_1","NAME_2":"Sirsa","VARNAME_2":"Sirasa","NL_NAME_2":"","TYPE_2":"District","ENGTYPE_2":"District","CC_2":"","HASC_2":"IN.HR.SI"}},
{"type":"Feature","geometry":{"type":"Polygon","coordinates":[[[77.18686676,28.86681938],[77.21418762,29.00596046],[77.13240814,29.17181015],[76.67138672,29.2749691],[76.55117798,29.28746033],[76.54122925,29.21430969],[76.46685791,29.24706078],[76.4690094,29.10083961],[76.62889099,29.0632782],[76.66146851,28.98891068],[76.81741333,28.92566109],[76.80932617,28.8640995],[76.89277649,28.86712074],[76.94230652,28.82068062],[77.07585144,28.88451195],[77.18686676,28.86681938]]]},"properties":{"GID_0":"IND","NAME_0":"India","GID_1":"IND.12_1","NAME_1":"Haryana","NL_NAME_1":"","GID_2":"IND.12.20_1","NAME_2":"Sonipat","VARNAME_2":"Sonipat","NL_NAME_2":"","TYPE_2":"District","ENGTYPE_2":"District","CC_2":"","HASC_2":"IN.HR.SO"}},
{"type":"Feature","geometry":{"type":"Polygon","coordinates":[[[77.31069946,30.45362091],[77.12773132,30.28571129],[77.14222717,30.22059822],[77.06497192,30.21544266],[77.09870148,30.18023109],[77.17079926,30.06546974],[77.27040863,30.04833984],[77.41442871,30.10713005],[77.57489014,30.38451958],[77.50984955,30.44882965],[77.41644287,30.40839195],[77.45053864,30.46523094],[77.40061188,30.41875076],[77.31069946,30.45362091]]]},"properties":{"GID_0":"IND","NAME_0":"India","GID_1":"IND.12_1","NAME_1":"Haryana","NL_NAME_1":"","GID_2":"IND.12.21_1","NAME_2":"Yamunanagar","VARNAME_2":"","NL_NAME_2":"","TYPE_2":"District","ENGTYPE_2":"District","CC_2":"","HASC_2":"IN.HR.YN"}},
{"type":"Feature","geometry":{"type":"Polygon","coordinates":[[[76.86138916,31.35774994],[76.71504974,31.58831024],[76.60740662,31.57624054],[76.5998764,31.42160988],[76.4446106,31.48863029],[76.45761871,31.42708969],[76.38162994,31.41061974],[76.43113708,31.28284073],[76.57050323,31.28014946],[76.63542175,31.21298027],[76.86934662,31.22732925],[76.91368103,31.30562019],[76.86138916,31.35774994]]]},"properties":{"GID_0":"IND","NAME_0":"India","GID_1":"IND.13_1","NAME_1":"Himachal Pradesh","NL_NAME_1":"","GID_2":"IND.13.1_1","NAME_2":"Bilaspur","VARNAME_2":"","NL_NAME_2":"","TYPE_2":"District","ENGTYPE_2":"District","CC_2":"","HASC_2":"IN.HP.BI"}},
{"type":"Feature","geometry":{"type":"Polygon","coordinates":[[[75.91110992,32.40919113],[76.10704041,32.22951126],[76.16610718,32.22859955],[76.15059662,32.35480881],[76.23874664,32.39545059],[76.40866089,32.26609039],[76.657547,32.18111038],[76.7504425,32.21625137],[76.73781586,32.36032104],[76.84881592,32.46319199],[76.85669708,32.53351212],[76.69832611,32.53987885],[76.57691193,32.64384079],[76.42604065,32.66065979],[76.35865784,32.79763031],[76.42684174,32.85456848],[76.49627686,32.80418015],[76.6537323,32.8469696],[76.75627899,32.93891907],[76.72986603,33.17943192],[76.39167786,33.18669128],[76.21615601,33.02857208],[75.94577026,32.88513947],[75.83389282,32.93460083],[75.78742218,32.89332199],[75.91248322,32.75712204],[75.87254333,32.57619095],[75.91110992,32.40919113]]]},"properties":{"GID_0":"IND","NAME_0":"India","GID_1":"IND.13_1","NAME_1":"Himachal Pradesh","NL_NAME_1":"","GID_2":"IND.13.2_1","NAME_2":"Chamba","VARNAME_2":"","NL_NAME_2":"","TYPE_2":"District","ENGTYPE_2":"District","CC_2":"","HASC_2":"IN.HP.CH"}},
{"type":"Feature","geometry":{"type":"Polygon","coordinates":[[[76.4446106,31.48863029],[76.5998764,31.42160988],[76.60740662,31.57624054],[76.71504974,31.58831024],[76.61038208,31.77812958],[76.62547302,31.87709045],[76.28645325,31.78991127],[76.29917145,31.72381973],[76.4446106,31.48863029]]]},"properties":{"GID_0":"IND","NAME_0":"India","GID_1":"IND.13_1","NAME_1":"Himachal Pradesh","NL_NAME_1":"","GID_2":"IND.13.3_1","NAME_2":"Hamirpur","VARNAME_2":"","NL_NAME_2":"","TYPE_2":"District","ENGTYPE_2":"District","CC_2":"","HASC_2":"IN.HP.HA"}},
{"type":"Feature","geometry":{"type":"Polygon","coordinates":[[[75.94425201,31.85751915],[76.06787872,31.84595108],[76.27500916,31.68871117],[76.29917145,31.72381973],[76.28645325,31.78991127],[76.62547302,31.87709045],[76.66409302,32.05041885],[76.92357635,32.06541061],[77.03621674,32.22861099],[77.05813599,32.3993988],[76.84881592,32.46319199],[76.73781586,32.36032104],[76.7504425,32.21625137],[76.657547,32.18111038],[76.40866089,32.26609039],[76.23874664,32.39545059],[76.15059662,32.35480881],[76.16610718,32.22859955],[76.10704041,32.22951126],[75.91110992,32.40919113],[75.62254333,32.23468018],[75.66182709,32.16466904],[75.57875824,32.0816803],[75.87771606,31.96198082],[75.94425201,31.85751915]]]},"properties":{"GID_0":"IND","NAME_0":"India","GID_1":"IND.13_1","NAME_1":"Himachal Pradesh","NL_NAME_1":"","GID_2":"IND.13.4_1","NAME_2":"Kangra","VARNAME_2":"","NL_NAME_2":"","TYPE_2":"District","ENGTYPE_2":"District","CC_2":"","HASC_2":"IN.HP.KA"}},
{"type":"Feature","geometry":{"type":"Polygon","coordinates":[[[78.90688324,31.25918961],[78.77643585,31.40122986],[78.79547882,31.4527626],[78.71658325,31.48488235],[78.83117676,31.61988258],[78.69135284,31.79335022],[78.77102661,31.99981117],[78.65106201,32.09334946],[78.42749786,32.05699921],[78.43659973,31.94232941],[78.18621826,31.93708038],[78.01738739,31.76516151],[77.85101318,31.78737068],[77.7351532,31.71783066],[77.88749695,31.44740105],[78.08834839,31.42432976],[78.29836273,31.28820992],[78.47010803,31.20375061],[78.79503632,31.20503998],[78.87139893,31.10732079],[78.99658203,31.11533928],[78.90688324,31.25918961]]]},"properties":{"GID_0":"IND","NAME_0":"India","GID_1":"IND.13_1","NAME_1":"Himachal Pradesh","NL_NAME_1":"","GID_2":"IND.13.5_1","NAME_2":"Kinnaur","VARNAME_2":"Kalpa","NL_NAME_2":"","TYPE_2":"District","ENGTYPE_2":"District","CC_2":"","HASC_2":"IN.HP.KI"}},
{"type":"Feature","geometry":{"type":"Polygon","coordinates":[[[77.3719101,31.36527824],[77.61503601,31.3951416],[77.69377899,31.5065403],[77.63327789,31.6644001],[77.7351532,31.71783066],[77.85101318,31.78737068],[77.72831726,32.09519958],[77.52897644,32.22600174],[77.35367584,32.22574997],[77.17962646,32.40394974],[77.05813599,32.3993988],[77.03621674,32.22861099],[76.92357635,32.06541061],[77.0440979,31.83794975],[77.16487885,31.844841],[77.29057312,31.66538811],[77.3719101,31.36527824]]]},"properties":{"GID_0":"IND","NAME_0":"India","GID_1":"IND.13_1","NAME_1":"Himachal Pradesh","NL_NAME_1":"","GID_2":"IND.13.6_1","NAME_2":"Kullu","VARNAME_2":"","NL_NAME_2":"","TYPE_2":"District","ENGTYPE_2":"District","CC_2":"","HASC_2":"IN.HP.KU"}},
{"type":"Feature","geometry":{"type":"Polygon","coordinates":[[[77.85101318,31.78737068],[78.01738739,31.76516151],[78.18621826,31.93708038],[78.43659973,31.94232941],[78.42749786,32.05699921],[78.65106201,32.09334946],[78.57467651,32.1577301],[78.59291077,32.21866989],[78.43920898,32.24645996],[78.51876068,32.41849899],[78.41075897,32.51174164],[78.27851868,32.50793076],[78.38881683,32.62322998],[78.37135315,32.76182938],[77.9825592,32.58652878],[77.91513062,32.76605988],[77.67086029,32.9862709],[77.45522308,32.86174011],[77.38746643,32.88552094],[77.3483963,32.82120132],[77.14618683,32.91402054],[77.13639069,32.98046112],[76.91751099,33.03367996],[76.80345917,33.15568924],[76.80845642,33.24232101],[76.75534058,33.24948883],[76.72986603,33.17943192],[76.75627899,32.93891907],[76.6537323,32.8469696],[76.49627686,32.80418015],[76.42684174,32.85456848],[76.35865784,32.79763031],[76.42604065,32.66065979],[76.57691193,32.64384079],[76.69832611,32.53987885],[76.85669708,32.53351212],[76.84881592,32.46319199],[77.05813599,32.3993988],[77.17962646,32.40394974],[77.35367584,32.22574997],[77.52897644,32.22600174],[77.72831726,32.09519958],[77.85101318,31.78737068]]]},"properties":{"GID_0":"IND","NAME_0":"India","GID_1":"IND.13_1","NAME_1":"Himachal Pradesh","NL_NAME_1":"","GID_2":"IND.13.7_1","NAME_2":"Lahul & Spiti","VARNAME_2":"","NL_NAME_2":"","TYPE_2":"District","ENGTYPE_2":"District","CC_2":"","HASC_2":"IN.HP.LS"}},
{"type":"Feature","geometry":{"type":"Polygon","coordinates":[[[77.3719101,31.36527824],[77.29057312,31.66538811],[77.16487885,31.844841],[77.0440979,31.83794975],[76.92357635,32.06541061],[76.66409302,32.05041885],[76.62547302,31.87709045],[76.61038208,31.77812958],[76.71504974,31.58831024],[76.86138916,31.35774994],[76.98869324,31.30137062],[77.1473999,31.23460007],[77.29103851,31.27523041],[77.3719101,31.36527824]]]},"properties":{"GID_0":"IND","NAME_0":"India","GID_1":"IND.13_1","NAME_1":"Himachal Pradesh","NL_NAME_1":"","GID_2":"IND.13.8_1","NAME_2":"Mandi","VARNAME_2":"","NL_NAME_2":"","TYPE_2":"District","ENGTYPE_2":"District","CC_2":"","HASC_2":"IN.HP.MA"}},
{"type":"Feature","geometry":{"type":"Polygon","coordinates":[[[77.2323761,30.9229393],[77.35962677,31.02647018],[77.47917175,30.7986412],[77.64392853,30.81068993],[77.68828583,30.76866913],[77.79102325,30.92613029],[77.73457336,30.95956993],[77.8171463,30.95356941],[77.80060577,31.06208038],[77.88748932,31.15470123],[78.01423645,31.15493965],[78.29836273,31.28820992],[78.08834839,31.42432976],[77.88749695,31.44740105],[77.7351532,31.71783066],[77.63327789,31.6644001],[77.69377899,31.5065403],[77.61503601,31.3951416],[77.3719101,31.36527824],[77.29103851,31.27523041],[77.1473999,31.23460007],[76.98869324,31.30137062],[76.9787674,31.11544037],[77.2323761,30.9229393]]]},"properties":{"GID_0":"IND","NAME_0":"India","GID_1":"IND.13_1","NAME_1":"Himachal Pradesh","NL_NAME_1":"","GID_2":"IND.13.9_1","NAME_2":"Shimla","VARNAME_2":"Simla","NL_NAME_2":"","TYPE_2":"District","ENGTYPE_2":"District","CC_2":"","HASC_2":"IN.HP.SH"}},
{"type":"Feature","geometry":{"type":"Polygon","coordinates":[[[77.56305695,30.40448952],[77.81064606,30.53318024],[77.72952271,30.59838295],[77.77905273,30.66377068],[77.68828583,30.76866913],[77.64392853,30.81068993],[77.47917175,30.7986412],[77.35962677,31.02647018],[77.2323761,30.9229393],[77.00470734,30.75248909],[77.15352631,30.6887207],[77.12378693,30.57269287],[77.31069946,30.45362091],[77.40061188,30.41875076],[77.45053864,30.46523094],[77.41644287,30.40839195],[77.50984955,30.44882965],[77.57489014,30.38451958],[77.56305695,30.40448952]]]},"properties":{"GID_0":"IND","NAME_0":"India","GID_1":"IND.13_1","NAME_1":"Himachal Pradesh","NL_NAME_1":"","GID_2":"IND.13.10_1","NAME_2":"Sirmaur","VARNAME_2":"Sirmour|Sirmoor|Sirmur","NL_NAME_2":"","TYPE_2":"District","ENGTYPE_2":"District","CC_2":"","HASC_2":"IN.HP.SI"}},
{"type":"Feature","geometry":{"type":"Polygon","coordinates":[[[77.2323761,30.9229393],[76.9787674,31.11544037],[76.98869324,31.30137062],[76.86138916,31.35774994],[76.91368103,31.30562019],[76.86934662,31.22732925],[76.63542175,31.21298027],[76.59039307,31.18285942],[76.61006927,31.0042305],[76.72547913,30.9425106],[76.76985931,30.90639114],[76.90216064,30.89722824],[77.00470734,30.75248909],[77.2323761,30.9229393]]]},"properties":{"GID_0":"IND","NAME_0":"India","GID_1":"IND.13_1","NAME_1":"Himachal Pradesh","NL_NAME_1":"","GID_2":"IND.13.11_1","NAME_2":"Solan","VARNAME_2":"","NL_NAME_2":"","TYPE_2":"District","ENGTYPE_2":"District","CC_2":"","HASC_2":"IN.HP.SO"}},
{"type":"Feature","geometry":{"type":"Polygon","coordinates":[[[76.38162994,31.41061974],[76.45761871,31.42708969],[76.4446106,31.48863029],[76.29917145,31.72381973],[76.27500916,31.68871117],[76.06787872,31.84595108],[75.94425201,31.85751915],[76.13961029,31.3531208],[76.27735901,31.3099308],[76.31584167,31.40237808],[76.38162994,31.41061974]]]},"properties":{"GID_0":"IND","NAME_0":"India","GID_1":"IND.13_1","NAME_1":"Himachal Pradesh","NL_NAME_1":"","GID_2":"IND.13.12_1","NAME_2":"Una","VARNAME_2":"","NL_NAME_2":"","TYPE_2":"District","ENGTYPE_2":"District","CC_2":"","HASC_2":"IN.HP.UN"}},
{"type":"Feature","geometry":{"type":"Polygon","coordinates":[[[75.28013611,33.43350983],[75.36579895,33.36212921],[75.48596191,33.40971756],[75.52640533,33.59531403],[75.39196777,33.93129349],[75.43360901,34.02528381],[75.52046204,34.02885056],[75.57847595,34.18048096],[75.49282074,34.21902847],[75.25741577,34.24476624],[75.1280899,34.18860626],[75.1384201,34.09778595],[75.21836853,34.05424118],[75.21495819,33.9356575],[75.07131958,33.83494949],[75.05775452,33.8206749],[75.13556671,33.80282593],[75.05632782,33.65363693],[75.13913727,33.63578796],[75.19513702,33.5003891],[75.28013611,33.43350983]]]},"properties":{"GID_0":"IND","NAME_0":"India","GID_1":"IND.14_1","NAME_1":"Jammu and Kashmir","NL_NAME_1":"","GID_2":"IND.14.1_1","NAME_2":"Anantnag","VARNAME_2":"","NL_NAME_2":"","TYPE_2":"District","ENGTYPE_2":"District","CC_2":"","HASC_2":"IN.JK.AG"}},
{"type":"Feature","geometry":{"type":"Polygon","coordinates":[[[74.82218933,33.89776611],[74.88374329,34.02531433],[74.73653412,34.03425217],[74.73178864,34.09996414],[74.58441925,34.08486557],[74.41080475,33.912117],[74.4395752,33.75856781],[74.53522491,33.68575668],[74.56092834,33.70288849],[74.82218933,33.89776611]]]},"properties":{"GID_0":"IND","NAME_0":"India","GID_1":"IND.14_1","NAME_1":"Jammu and Kashmir","NL_NAME_1":"","GID_2":"IND.14.2_1","NAME_2":"Badgam","VARNAME_2":"","NL_NAME_2":"","TYPE_2":"District","ENGTYPE_2":"District","CC_2":"","HASC_2":"IN.JK.BD"}},
{"type":"Feature","geometry":{"type":"Polygon","coordinates":[[[74.65818024,34.3494606],[74.75202179,34.29616165],[74.90192413,34.37896729],[74.92333984,34.45320511],[75.12321472,34.33470917],[75.35575867,34.37464523],[75.37782288,34.55242157],[75.24971008,34.64731216],[74.70300293,34.6930809],[74.57715607,34.76948929],[74.50470734,34.5112648],[74.53206635,34.37325668],[74.65818024,34.3494606]]]},"properties":{"GID_0":"IND","NAME_0":"India","GID_1":"IND.14_1","NAME_1":"Jammu and Kashmir","NL_NAME_1":"","GID_2":"IND.14.3_1","NAME_2":"Bandipore","VARNAME_2":"","NL_NAME_2":"","TYPE_2":"District","ENGTYPE_2":"District","CC_2":"","HASC_2":"IN.JK.BP"}},
{"type":"Feature","geometry":{"type":"Polygon","coordinates":[[[74.25457764,33.99725723],[74.41080475,33.912117],[74.58441925,34.08486557],[74.73178864,34.09996414],[74.65385437,34.16815186],[74.65818024,34.3494606],[74.53206635,34.37325668],[74.50470734,34.5112648],[74.32029724,34.32328796],[73.98203278,34.23907852],[73.89817047,34.03282166],[74.12369537,34.0551796],[74.25457764,33.99725723]]]},"properties":{"GID_0":"IND","NAME_0":"India","GID_1":"IND.14_1","NAME_1":"Jammu and Kashmir","NL_NAME_1":"","GID_2":"IND.14.4_1","NAME_2":"Baramulla","VARNAME_2":"","NL_NAME_2":"","TYPE_2":"District","ENGTYPE_2":"District","CC_2":"","HASC_2":"IN.JK.BL"}},
{"type":"Feature","geometry":{"type":"Polygon","coordinates":[[[75.78742218,32.89332199],[75.83389282,32.93460083],[75.94577026,32.88513947],[76.21615601,33.02857208],[76.20931244,33.1789093],[76.01776886,33.10990524],[75.80361938,33.11347198],[75.48596191,33.40971756],[75.36579895,33.36212921],[75.28013611,33.43350983],[75.29441071,33.10871506],[75.41338348,33.05755615],[75.46573639,32.94929123],[75.54068756,32.96832657],[75.68107605,32.87909698],[75.78742218,32.89332199]]]},"properties":{"GID_0":"IND","NAME_0":"India","GID_1":"IND.14_1","NAME_1":"Jammu and Kashmir","NL_NAME_1":"","GID_2":"IND.14.5_1","NAME_2":"Doda","VARNAME_2":"","NL_NAME_2":"","TYPE_2":"District","ENGTYPE_2":"District","CC_2":"","HASC_2":"IN.JK.DD"}},
{"type":"Feature","geometry":{"type":"Polygon","coordinates":[[[74.65818024,34.3494606],[74.65385437,34.16815186],[74.79853821,34.16456985],[74.87622833,34.22906113],[75.1280899,34.18860626],[75.25741577,34.24476624],[75.49282074,34.21902847],[75.35575867,34.37464523],[75.12321472,34.33470917],[74.92333984,34.45320511],[74.90192413,34.37896729],[74.75202179,34.29616165],[74.65818024,34.3494606]]]},"properties":{"GID_0":"IND","NAME_0":"India","GID_1":"IND.14_1","NAME_1":"Jammu and Kashmir","NL_NAME_1":"","GID_2":"IND.14.6_1","NAME_2":"Ganderbal","VARNAME_2":"","NL_NAME_2":"","TYPE_2":"District","ENGTYPE_2":"District","CC_2":"","HASC_2":"IN.JK.GA"}},
{"type":"Feature","geometry":{"type":"Polygon","coordinates":[[[74.95775604,32.93083191],[74.919487,32.8880806],[74.86165619,32.95289612],[74.7709198,32.92198563],[74.73701477,33.04562378],[74.63331604,33.04462814],[74.61437225,32.9598732],[74.55454254,33.02867508],[74.35282898,32.9902916],[74.31803131,32.91970062],[74.41389465,32.90394974],[74.53153229,32.74073029],[74.69702148,32.83971405],[74.65239716,32.56016159],[74.69841766,32.48493958],[74.83532715,32.49621201],[74.97335052,32.77891922],[75.09564972,32.73471069],[75.15132904,32.77825165],[74.95775604,32.93083191]]]},"properties":{"GID_0":"IND","NAME_0":"India","GID_1":"IND.14_1","NAME_1":"Jammu and Kashmir","NL_NAME_1":"","GID_2":"IND.14.7_1","NAME_2":"Jammu","VARNAME_2":"","NL_NAME_2":"","TYPE_2":"District","ENGTYPE_2":"District","CC_2":"","HASC_2":"IN.JK.JM"}},
{"type":"Feature","geometry":{"type":"Polygon","coordinates":[[[76.80845642,33.24232101],[76.80345917,33.15568924],[76.91751099,33.03367996],[77.13639069,32.98046112],[77.14618683,32.91402054],[77.3483963,32.82120132],[77.28943634,32.99479294],[77.37352753,33.21834564],[77.54213715,33.37741089],[77.51494598,33.48480988],[77.26152802,33.59009933],[77.12447357,33.71823502],[76.98884583,33.7053833],[76.61764526,33.89669418],[76.51200104,34.02375793],[76.64334869,34.06515884],[76.64334869,34.13654327],[76.71211243,34.08086395],[76.65139771,34.15486908],[76.68534088,34.35152817],[76.59016418,34.38721848],[76.58718872,34.51214218],[76.38196564,34.54485703],[76.32872009,34.73305511],[76.15791321,34.64340973],[76.03646088,34.67026901],[75.74920654,34.51583099],[75.37782288,34.55242157],[75.35575867,34.37464523],[75.49282074,34.21902847],[75.57847595,34.18048096],[75.68983459,34.17619705],[75.82689667,33.96347427],[76.00106812,33.94634247],[76.14811707,33.80357361],[76.15668488,33.53517151],[76.31487274,33.6067009],[76.50971222,33.52878952],[76.60211945,33.39525604],[76.57927704,33.32101822],[76.6963501,33.32530212],[76.80845642,33.24232101]]]},"properties":{"GID_0":"IND","NAME_0":"India","GID_1":"IND.14_1","NAME_1":"Jammu and Kashmir","NL_NAME_1":"","GID_2":"IND.14.8_1","NAME_2":"Kargil","VARNAME_2":"","NL_NAME_2":"","TYPE_2":"District","ENGTYPE_2":"District","CC_2":"","HASC_2":"IN.JK.KR"}},
{"type":"Feature","geometry":{"type":"Polygon","coordinates":[[[75.08262634,32.48004532],[75.32232666,32.33732605],[75.47223663,32.34004974],[75.50123596,32.27605057],[75.52921295,32.34888077],[75.71153259,32.41815948],[75.87254333,32.57619095],[75.91248322,32.75712204],[75.78742218,32.89332199],[75.68107605,32.87909698],[75.65673065,32.77297211],[75.5125351,32.77225876],[75.46685028,32.66232681],[75.36691284,32.68302536],[75.30052185,32.63619995],[75.33550262,32.58523178],[75.19273376,32.56881332],[75.08262634,32.48004532]]]},"properties":{"GID_0":"IND","NAME_0":"India","GID_1":"IND.14_1","NAME_1":"Jammu and Kashmir","NL_NAME_1":"","GID_2":"IND.14.9_1","NAME_2":"Kathua","VARNAME_2":"","NL_NAME_2":"","TYPE_2":"District","ENGTYPE_2":"District","CC_2":"","HASC_2":"IN.JK.KA"}},
{"type":"Feature","geometry":{"type":"Polygon","coordinates":[[[76.21615601,33.02857208],[76.39167786,33.18669128],[76.72986603,33.17943192],[76.75534058,33.24948883],[76.80845642,33.24232101],[76.6963501,33.32530212],[76.57927704,33.32101822],[76.60211945,33.39525604],[76.50971222,33.52878952],[76.31487274,33.6067009],[76.15668488,33.53517151],[76.14811707,33.80357361],[76.00106812,33.94634247],[75.82689667,33.96347427],[75.68983459,34.17619705],[75.57847595,34.18048096],[75.52046204,34.02885056],[75.43360901,34.02528381],[75.39196777,33.93129349],[75.52640533,33.59531403],[75.48596191,33.40971756],[75.80361938,33.11347198],[76.01776886,33.10990524],[76.20931244,33.1789093],[76.21615601,33.02857208]]]},"properties":{"GID_0":"IND","NAME_0":"India","GID_1":"IND.14_1","NAME_1":"Jammu and Kashmir","NL_NAME_1":"","GID_2":"IND.14.10_1","NAME_2":"Kishtwar","VARNAME_2":"","NL_NAME_2":"","TYPE_2":"District","ENGTYPE_2":"District","CC_2":"","HASC_2":"IN.JK.KW"}},
{"type":"Feature","geometry":{"type":"Polygon","coordinates":[[[74.53522491,33.68575668],[74.50502777,33.54891586],[74.57164764,33.49894714],[74.61685944,33.48347855],[75.00932312,33.4667511],[75.10697937,33.49497223],[75.11114502,33.58420181],[75.19513702,33.5003891],[75.13913727,33.63578796],[75.05632782,33.65363693],[75.13556671,33.80282593],[75.05775452,33.8206749],[74.87008667,33.64083099],[74.56092834,33.70288849],[74.53522491,33.68575668]]]},"properties":{"GID_0":"IND","NAME_0":"India","GID_1":"IND.14_1","NAME_1":"Jammu and Kashmir","NL_NAME_1":"","GID_2":"IND.14.11_1","NAME_2":"Kulgam","VARNAME_2":"","NL_NAME_2":"","TYPE_2":"District","ENGTYPE_2":"District","CC_2":"","HASC_2":"IN.JK.KG"}},
{"type":"Feature","geometry":{"type":"Polygon","coordinates":[[[73.98203278,34.23907852],[74.32029724,34.32328796],[74.50470734,34.5112648],[74.57715607,34.76948929],[74.30729675,34.80030441],[74.1417923,34.69120026],[73.96022034,34.69668198],[73.94806671,34.5730896],[73.76322174,34.35963058],[73.89940643,34.35981369],[73.98203278,34.23907852]]]},"properties":{"GID_0":"IND","NAME_0":"India","GID_1":"IND.14_1","NAME_1":"Jammu and Kashmir","NL_NAME_1":"","GID_2":"IND.14.12_1","NAME_2":"Kupwara","VARNAME_2":"","NL_NAME_2":"","TYPE_2":"District","ENGTYPE_2":"District","CC_2":"","HASC_2":"IN.JK.KU"}},
{"type":"Feature","geometry":{"type":"Polygon","coordinates":[[[78.41075897,32.51174164],[78.45272064,32.57950211],[78.62567139,32.60705185],[78.7459259,32.69607925],[78.78118134,32.47529984],[78.97720337,32.34276962],[79.1044693,32.37171173],[79.20295715,32.51082993],[79.31221771,32.48709106],[79.54535675,32.60736084],[79.56429291,32.67076111],[79.3524704,32.97903061],[79.40983582,33.17877197],[79.07496643,33.22861099],[78.72992706,33.61756897],[78.78398895,33.77043152],[78.71156311,33.92250061],[78.77036285,34.01972961],[78.70638275,34.0721817],[78.94211578,34.20479202],[78.99005127,34.31782913],[78.56933594,34.61194992],[78.42511749,34.60346222],[78.24803162,34.69509888],[78.08287048,35.08248901],[78.12417603,35.13542175],[77.99185181,35.34854889],[78.10398865,35.48445892],[77.90296936,35.42758942],[77.82392883,35.50133133],[77.1568222,35.05469894],[77.01809692,35.03846359],[76.99748993,34.93915176],[76.87004089,34.97243118],[76.74936676,34.92660141],[76.6818161,34.75959015],[76.47434235,34.79437256],[76.32872009,34.73305511],[76.38196564,34.54485703],[76.58718872,34.51214218],[76.59016418,34.38721848],[76.68534088,34.35152817],[76.65139771,34.15486908],[76.71211243,34.08086395],[76.64334869,34.13654327],[76.64334869,34.06515884],[76.51200104,34.02375793],[76.61764526,33.89669418],[76.98884583,33.7053833],[77.12447357,33.71823502],[77.26152802,33.59009933],[77.51494598,33.48480988],[77.54213715,33.37741089],[77.37352753,33.21834564],[77.28943634,32.99479294],[77.3483963,32.82120132],[77.38746643,32.88552094],[77.45522308,32.86174011],[77.67086029,32.9862709],[77.91513062,32.76605988],[77.9825592,32.58652878],[78.37135315,32.76182938],[78.38881683,32.62322998],[78.27851868,32.50793076],[78.41075897,32.51174164]]]},"properties":{"GID_0":"IND","NAME_0":"India","GID_1":"IND.14_1","NAME_1":"Jammu and Kashmir","NL_NAME_1":"","GID_2":"IND.14.13_1","NAME_2":"Leh (Ladakh)","VARNAME_2":"","NL_NAME_2":"","TYPE_2":"District","ENGTYPE_2":"District","CC_2":"","HASC_2":"IN.JK.LE"}},
{"type":"Feature","geometry":{"type":"Polygon","coordinates":[[[74.57164764,33.49894714],[74.50502777,33.54891586],[74.53522491,33.68575668],[74.4395752,33.75856781],[74.41080475,33.912117],[74.25457764,33.99725723],[74.21967316,33.86717606],[73.95625305,33.72029114],[74.17929077,33.42568588],[74.21073151,33.55963516],[74.31661224,33.58224106],[74.39157104,33.58581161],[74.51410675,33.46802902],[74.57164764,33.49894714]]]},"properties":{"GID_0":"IND","NAME_0":"India","GID_1":"IND.14_1","NAME_1":"Jammu and Kashmir","NL_NAME_1":"","GID_2":"IND.14.14_1","NAME_2":"Poonch","VARNAME_2":"Punch","NL_NAME_2":"","TYPE_2":"District","ENGTYPE_2":"District","CC_2":"","HASC_2":"IN.JK.PO"}},
{"type":"Feature","geometry":{"type":"Polygon","coordinates":[[[75.07131958,33.83494949],[75.21495819,33.9356575],[75.21836853,34.05424118],[75.1384201,34.09778595],[74.88374329,34.02531433],[74.82218933,33.89776611],[75.07131958,33.83494949]]]},"properties":{"GID_0":"IND","NAME_0":"India","GID_1":"IND.14_1","NAME_1":"Jammu and Kashmir","NL_NAME_1":"","GID_2":"IND.14.15_1","NAME_2":"Pulwama","VARNAME_2":"","NL_NAME_2":"","TYPE_2":"District","ENGTYPE_2":"District","CC_2":"","HASC_2":"IN.JK.PW"}},
{"type":"Feature","geometry":{"type":"Polygon","coordinates":[[[74.61685944,33.48347855],[74.57164764,33.49894714],[74.51410675,33.46802902],[74.39157104,33.58581161],[74.31661224,33.58224106],[74.21073151,33.55963516],[74.17929077,33.42568588],[74.17074585,33.34664917],[74.02030182,33.25878143],[74.0142746,33.19824982],[74.35282898,32.9902916],[74.55454254,33.02867508],[74.61138153,33.14633179],[74.51166534,33.18322754],[74.67419434,33.20217133],[74.61685944,33.48347855]]]},"properties":{"GID_0":"IND","NAME_0":"India","GID_1":"IND.14_1","NAME_1":"Jammu and Kashmir","NL_NAME_1":"","GID_2":"IND.14.16_1","NAME_2":"Rajouri","VARNAME_2":"","NL_NAME_2":"","TYPE_2":"District","ENGTYPE_2":"District","CC_2":"","HASC_2":"IN.JK.RA"}},
{"type":"Feature","geometry":{"type":"Polygon","coordinates":[[[75.29441071,33.10871506],[75.28013611,33.43350983],[75.19513702,33.5003891],[75.11114502,33.58420181],[75.10697937,33.49497223],[75.00932312,33.4667511],[74.9992981,33.39970779],[75.0802002,33.34355545],[75.01548004,33.23885727],[75.29441071,33.10871506]]]},"properties":{"GID_0":"IND","NAME_0":"India","GID_1":"IND.14_1","NAME_1":"Jammu and Kashmir","NL_NAME_1":"","GID_2":"IND.14.17_1","NAME_2":"Ramban","VARNAME_2":"","NL_NAME_2":"","TYPE_2":"District","ENGTYPE_2":"District","CC_2":"","HASC_2":"IN.JK.RB"}},
{"type":"Feature","geometry":{"type":"Polygon","coordinates":[[[75.01548004,33.23885727],[75.0802002,33.34355545],[74.9992981,33.39970779],[75.00932312,33.4667511],[74.61685944,33.48347855],[74.67419434,33.20217133],[74.51166534,33.18322754],[74.61138153,33.14633179],[74.55454254,33.02867508],[74.61437225,32.9598732],[74.63331604,33.04462814],[74.73701477,33.04562378],[74.7709198,32.92198563],[74.86165619,32.95289612],[74.919487,32.8880806],[74.95775604,32.93083191],[74.94503021,33.00853729],[75.04640198,33.11661148],[74.99000549,33.155159],[75.01548004,33.23885727]]]},"properties":{"GID_0":"IND","NAME_0":"India","GID_1":"IND.14_1","NAME_1":"Jammu and Kashmir","NL_NAME_1":"","GID_2":"IND.14.18_1","NAME_2":"Reasi","VARNAME_2":"","NL_NAME_2":"","TYPE_2":"District","ENGTYPE_2":"District","CC_2":"","HASC_2":"IN.JK.RE"}},
{"type":"Feature","geometry":{"type":"Polygon","coordinates":[[[74.83532715,32.49621201],[74.97310638,32.44792938],[75.08262634,32.48004532],[75.19273376,32.56881332],[75.33550262,32.58523178],[75.30052185,32.63619995],[75.09564972,32.73471069],[74.97335052,32.77891922],[74.83532715,32.49621201]]]},"properties":{"GID_0":"IND","NAME_0":"India","GID_1":"IND.14_1","NAME_1":"Jammu and Kashmir","NL_NAME_1":"","GID_2":"IND.14.19_1","NAME_2":"Samba","VARNAME_2":"","NL_NAME_2":"","TYPE_2":"District","ENGTYPE_2":"District","CC_2":"","HASC_2":"IN.JK.SM"}},
{"type":"Feature","geometry":{"type":"Polygon","coordinates":[[[74.56092834,33.70288849],[74.87008667,33.64083099],[75.05775452,33.8206749],[75.07131958,33.83494949],[74.82218933,33.89776611],[74.56092834,33.70288849]]]},"properties":{"GID_0":"IND","NAME_0":"India","GID_1":"IND.14_1","NAME_1":"Jammu and Kashmir","NL_NAME_1":"","GID_2":"IND.14.20_1","NAME_2":"Shupiyan","VARNAME_2":"","NL_NAME_2":"","TYPE_2":"District","ENGTYPE_2":"District","CC_2":"","HASC_2":"IN.JK.SH"}},
{"type":"Feature","geometry":{"type":"Polygon","coordinates":[[[75.1384201,34.09778595],[75.1280899,34.18860626],[74.87622833,34.22906113],[74.79853821,34.16456985],[74.65385437,34.16815186],[74.73178864,34.09996414],[74.73653412,34.03425217],[74.88374329,34.02531433],[75.1384201,34.09778595]]]},"properties":{"GID_0":"IND","NAME_0":"India","GID_1":"IND.14_1","NAME_1":"Jammu and Kashmir","NL_NAME_1":"","GID_2":"IND.14.21_1","NAME_2":"Srinagar","VARNAME_2":"","NL_NAME_2":"","TYPE_2":"District","ENGTYPE_2":"District","CC_2":"","HASC_2":"IN.JK.SN"}},
{"type":"Feature","geometry":{"type":"Polygon","coordinates":[[[74.95775604,32.93083191],[75.15132904,32.77825165],[75.09564972,32.73471069],[75.30052185,32.63619995],[75.36691284,32.68302536],[75.46685028,32.66232681],[75.5125351,32.77225876],[75.65673065,32.77297211],[75.68107605,32.87909698],[75.54068756,32.96832657],[75.46573639,32.94929123],[75.41338348,33.05755615],[75.29441071,33.10871506],[75.01548004,33.23885727],[74.99000549,33.155159],[75.04640198,33.11661148],[74.94503021,33.00853729],[74.95775604,32.93083191]]]},"properties":{"GID_0":"IND","NAME_0":"India","GID_1":"IND.14_1","NAME_1":"Jammu and Kashmir","NL_NAME_1":"","GID_2":"IND.14.22_1","NAME_2":"Udhampur","VARNAME_2":"","NL_NAME_2":"","TYPE_2":"District","ENGTYPE_2":"District","CC_2":"","HASC_2":"IN.JK.UM"}},
{"type":"Feature","geometry":{"type":"Polygon","coordinates":[[[86.12148285,23.90377235],[85.9693985,23.8864994],[85.90808105,23.94413185],[85.83216095,23.82819748],[85.76122284,23.92538071],[85.64134979,23.9365921],[85.57675934,23.83392906],[85.64853668,23.79512024],[85.60967255,23.61421967],[85.64894867,23.5892601],[85.75795746,23.67188072],[85.87757874,23.4758606],[86.04722595,23.49364281],[86.04686737,23.58386993],[86.14476776,23.56777191],[86.1455307,23.47307014],[86.30000305,23.42006111],[86.38092804,23.58436012],[86.46642303,23.6296196],[86.29555511,23.73718834],[86.16535187,23.72626495],[86.12148285,23.90377235]]]},"properties":{"GID_0":"IND","NAME_0":"India","GID_1":"IND.15_1","NAME_1":"Jharkhand","NL_NAME_1":"","GID_2":"IND.15.1_1","NAME_2":"Bokaro","VARNAME_2":"","NL_NAME_2":"","TYPE_2":"District","ENGTYPE_2":"District","CC_2":"","HASC_2":"IN.JH.BO"}},
{"type":"Feature","geometry":{"type":"Polygon","coordinates":[[[84.95697784,23.71281815],[85.00031281,23.67724991],[85.04692078,23.71247101],[85.02812958,23.98390961],[85.18091583,23.94863129],[85.24417114,24.02659988],[85.1330719,24.20962906],[85.29306793,24.20971107],[85.34509277,24.32070923],[85.09567261,24.33588982],[85.08068085,24.38075066],[85.07615662,24.43987083],[84.89803314,24.37212944],[84.79532623,24.52949142],[84.65825653,24.39374161],[84.52152252,24.37626076],[84.4935379,24.28704071],[84.43740845,24.24373055],[84.57292175,24.14134026],[84.57836914,23.98588943],[84.73581696,24.04771042],[84.75212097,23.96652985],[84.91604614,23.94997025],[84.93802643,23.80175972],[84.89601135,23.77421951],[84.95697784,23.71281815]]]},"properties":{"GID_0":"IND","NAME_0":"India","GID_1":"IND.15_1","NAME_1":"Jharkhand","NL_NAME_1":"","GID_2":"IND.15.2_1","NAME_2":"Chatra","VARNAME_2":"","NL_NAME_2":"","TYPE_2":"District","ENGTYPE_2":"District","CC_2":"","HASC_2":"IN.JH.CH"}},
{"type":"Feature","geometry":{"type":"Polygon","coordinates":[[[86.91117859,24.53867912],[86.7771225,24.61976051],[86.668396,24.56064034],[86.60929871,24.60741043],[86.45220947,24.36862946],[86.51091766,24.23693275],[86.48324585,24.1508007],[86.56974792,24.13883972],[86.68901062,24.16764069],[86.76225281,24.07002068],[86.93791962,24.04305077],[86.97392273,24.10795021],[86.93589783,24.16920853],[87.06561279,24.25165939],[86.87954712,24.42695045],[86.91117859,24.53867912]]]},"properties":{"GID_0":"IND","NAME_0":"India","GID_1":"IND.15_1","NAME_1":"Jharkhand","NL_NAME_1":"","GID_2":"IND.15.3_1","NAME_2":"Deoghar","VARNAME_2":"Devghar","NL_NAME_2":"","TYPE_2":"District","ENGTYPE_2":"District","CC_2":"","HASC_2":"IN.JH.DE"}},
{"type":"Feature","geometry":{"type":"Polygon","coordinates":[[[86.12148285,23.90377235],[86.16535187,23.72626495],[86.29555511,23.73718834],[86.46642303,23.6296196],[86.79567719,23.69347954],[86.79283905,23.83138084],[86.57388306,23.99765015],[86.46492004,24.01655006],[86.33055878,24.05101967],[86.28668213,23.91275978],[86.19171143,23.94699097],[86.12148285,23.90377235]]]},"properties":{"GID_0":"IND","NAME_0":"India","GID_1":"IND.15_1","NAME_1":"Jharkhand","NL_NAME_1":"","GID_2":"IND.15.4_1","NAME_2":"Dhanbad","VARNAME_2":"","NL_NAME_2":"","TYPE_2":"District","ENGTYPE_2":"District","CC_2":"","HASC_2":"IN.JH.DH"}},
{"type":"Feature","geometry":{"type":"Polygon","coordinates":[[[86.91117859,24.53867912],[86.87954712,24.42695045],[87.06561279,24.25165939],[86.93589783,24.16920853],[86.97392273,24.10795021],[87.01795197,24.1471405],[87.23265076,24.02459908],[87.45796967,23.98142052],[87.49359894,24.11520958],[87.57615662,24.08526039],[87.56938171,24.15565109],[87.68956757,24.1498394],[87.64173126,24.24986076],[87.57927704,24.25696945],[87.55944824,24.51961136],[87.40014648,24.50481987],[87.30870819,24.59551811],[87.04440308,24.62403107],[86.93009186,24.64282036],[86.91117859,24.53867912]]]},"properties":{"GID_0":"IND","NAME_0":"India","GID_1":"IND.15_1","NAME_1":"Jharkhand","NL_NAME_1":"","GID_2":"IND.15.5_1","NAME_2":"Dumka","VARNAME_2":"Santhal Pargana, Santal Parganas","NL_NAME_2":"","TYPE_2":"District","ENGTYPE_2":"District","CC_2":"","HASC_2":"IN.JH.DM"}},
{"type":"Feature","geometry":{"type":"Polygon","coordinates":[[[83.99263,23.74151993],[83.96214294,23.86586952],[83.81886292,24.00076103],[83.98352051,24.10919952],[83.81086731,24.29198265],[83.86804199,24.53288078],[83.49816895,24.52705956],[83.393013,24.50119019],[83.45139313,24.36474991],[83.37593842,24.31454086],[83.32356262,24.1013298],[83.50670624,24.0282402],[83.56121063,23.86295128],[83.69538879,23.82066917],[83.77488708,23.59950066],[83.93525696,23.56303978],[83.9378891,23.6224308],[84.00702667,23.63231087],[84.06228638,23.69161987],[83.99263,23.74151993]]]},"properties":{"GID_0":"IND","NAME_0":"India","GID_1":"IND.15_1","NAME_1":"Jharkhand","NL_NAME_1":"","GID_2":"IND.15.6_1","NAME_2":"Garhwa","VARNAME_2":"","NL_NAME_2":"","TYPE_2":"District","ENGTYPE_2":"District","CC_2":"","HASC_2":"IN.JH.GA"}},
{"type":"Feature","geometry":{"type":"Polygon","coordinates":[[[86.12148285,23.90377235],[86.19171143,23.94699097],[86.28668213,23.91275978],[86.33055878,24.05101967],[86.46492004,24.01655006],[86.56974792,24.13883972],[86.48324585,24.1508007],[86.51091766,24.23693275],[86.45220947,24.36862946],[86.27913666,24.4620018],[86.32286072,24.58409119],[86.13329315,24.60354042],[86.05058289,24.77954102],[85.96613312,24.73229027],[85.90457153,24.76128006],[85.81548309,24.72948837],[85.834198,24.67012978],[85.75788116,24.62564087],[85.86115265,24.52633286],[85.85074615,24.28569603],[85.85035706,24.21839905],[85.66319275,24.15526962],[85.88522339,24.03289986],[85.90808105,23.94413185],[85.9693985,23.8864994],[86.12148285,23.90377235]]]},"properties":{"GID_0":"IND","NAME_0":"India","GID_1":"IND.15_1","NAME_1":"Jharkhand","NL_NAME_1":"","GID_2":"IND.15.7_1","NAME_2":"Giridih","VARNAME_2":"","NL_NAME_2":"","TYPE_2":"District","ENGTYPE_2":"District","CC_2":"","HASC_2":"IN.JH.GI"}},
{"type":"Feature","geometry":{"type":"Polygon","coordinates":[[[87.50641632,24.79712868],[87.44919586,24.89318085],[87.51725006,25.05712128],[87.47216034,25.19466972],[87.32345581,25.22309113],[87.29110718,25.08926964],[87.17384338,25.05800247],[87.04440308,24.62403107],[87.30870819,24.59551811],[87.40014648,24.50481987],[87.46401978,24.57701111],[87.43309021,24.76040077],[87.50641632,24.79712868]]]},"properties":{"GID_0":"IND","NAME_0":"India","GID_1":"IND.15_1","NAME_1":"Jharkhand","NL_NAME_1":"","GID_2":"IND.15.8_1","NAME_2":"Godda","VARNAME_2":"Goodda","NL_NAME_2":"","TYPE_2":"District","ENGTYPE_2":"District","CC_2":"","HASC_2":"IN.JH.GO"}},
{"type":"Feature","geometry":{"type":"Polygon","coordinates":[[[84.93942261,23.00452995],[84.86260223,23.09216118],[84.94448853,23.21787071],[84.89122772,23.3185997],[84.78227234,23.27853966],[84.78042603,23.31982994],[84.47245789,23.35902977],[84.41694641,23.42541122],[84.46391296,23.57518005],[84.39187622,23.60349083],[84.31204224,23.57792282],[84.23670197,23.34756088],[84.07025146,23.32999039],[84.03380585,23.16784096],[84.12937927,23.08154106],[84.14800262,22.96386909],[84.18992615,23.02371979],[84.21705627,22.97647285],[84.3733902,22.97214127],[84.37692261,22.87589073],[84.28768921,22.77090073],[84.40933228,22.7609005],[84.45065308,22.83340073],[84.58046722,22.71126938],[84.72579956,22.7990284],[84.8081665,22.70635033],[84.84078979,22.76713181],[84.97238922,22.78279114],[85.00904083,22.94106102],[84.93942261,23.00452995]]]},"properties":{"GID_0":"IND","NAME_0":"India","GID_1":"IND.15_1","NAME_1":"Jharkhand","NL_NAME_1":"","GID_2":"IND.15.9_1","NAME_2":"Gumla","VARNAME_2":"","NL_NAME_2":"","TYPE_2":"District","ENGTYPE_2":"District","CC_2":"","HASC_2":"IN.JH.GM"}},
{"type":"Feature","geometry":{"type":"Polygon","coordinates":[[[85.08068085,24.38075066],[85.09567261,24.33588982],[85.34509277,24.32070923],[85.29306793,24.20971107],[85.1330719,24.20962906],[85.24417114,24.02659988],[85.18091583,23.94863129],[85.02812958,23.98390961],[85.04692078,23.71247101],[85.10072327,23.66284943],[85.21852112,23.69914055],[85.44933319,23.68772697],[85.45489502,23.78572655],[85.64134979,23.9365921],[85.76122284,23.92538071],[85.83216095,23.82819748],[85.90808105,23.94413185],[85.88522339,24.03289986],[85.66319275,24.15526962],[85.85035706,24.21839905],[85.85074615,24.28569603],[85.5233078,24.33903122],[85.44213104,24.53938484],[85.38336945,24.53519058],[85.15289307,24.46414948],[85.08068085,24.38075066]]]},"properties":{"GID_0":"IND","NAME_0":"India","GID_1":"IND.15_1","NAME_1":"Jharkhand","NL_NAME_1":"","GID_2":"IND.15.10_1","NAME_2":"Hazaribagh","VARNAME_2":"","NL_NAME_2":"","TYPE_2":"District","ENGTYPE_2":"District","CC_2":"","HASC_2":"IN.JH.HZ"}},
{"type":"Feature","geometry":{"type":"Polygon","coordinates":[[[86.46492004,24.01655006],[86.57388306,23.99765015],[86.79283905,23.83138084],[86.88226318,23.81447983],[86.90688324,23.87951088],[87.0845108,23.80526924],[87.15364838,23.79845047],[87.13581848,23.86813927],[87.24272919,23.82616043],[87.24822235,23.90701103],[87.29258728,23.89014053],[87.23265076,24.02459908],[87.01795197,24.1471405],[86.97392273,24.10795021],[86.93791962,24.04305077],[86.76225281,24.07002068],[86.68901062,24.16764069],[86.56974792,24.13883972],[86.46492004,24.01655006]]]},"properties":{"GID_0":"IND","NAME_0":"India","GID_1":"IND.15_1","NAME_1":"Jharkhand","NL_NAME_1":"","GID_2":"IND.15.11_1","NAME_2":"Jamtara","VARNAME_2":"","NL_NAME_2":"","TYPE_2":"District","ENGTYPE_2":"District","CC_2":"","HASC_2":"IN.JH.JA"}},
{"type":"Feature","geometry":{"type":"Polygon","coordinates":[[[84.93942261,23.00452995],[85.00904083,22.94106102],[84.97238922,22.78279114],[85.0524292,22.73233032],[85.07370758,22.56786919],[85.15576935,22.82995987],[85.33616638,22.88257027],[85.51064301,22.80594063],[85.60816956,22.93067932],[85.55088806,23.27025986],[85.41174316,23.17117119],[85.22522736,23.19914055],[85.22466278,23.26400948],[85.1499176,23.28382111],[84.93942261,23.00452995]]]},"properties":{"GID_0":"IND","NAME_0":"India","GID_1":"IND.15_1","NAME_1":"Jharkhand","NL_NAME_1":"","GID_2":"IND.15.12_1","NAME_2":"Khunti","VARNAME_2":"","NL_NAME_2":"","TYPE_2":"District","ENGTYPE_2":"District","CC_2":"","HASC_2":"IN.JH.KH"}},
{"type":"Feature","geometry":{"type":"Polygon","coordinates":[[[85.44213104,24.53938484],[85.5233078,24.33903122],[85.85074615,24.28569603],[85.86115265,24.52633286],[85.75788116,24.62564087],[85.834198,24.67012978],[85.81548309,24.72948837],[85.90457153,24.76128006],[85.73674011,24.82265091],[85.6495285,24.68704033],[85.66470337,24.58193016],[85.57657623,24.60301018],[85.51830292,24.52454948],[85.44213104,24.53938484]]]},"properties":{"GID_0":"IND","NAME_0":"India","GID_1":"IND.15_1","NAME_1":"Jharkhand","NL_NAME_1":"","GID_2":"IND.15.13_1","NAME_2":"Kodarma","VARNAME_2":"","NL_NAME_2":"","TYPE_2":"District","ENGTYPE_2":"District","CC_2":"","HASC_2":"IN.JH.KO"}},
{"type":"Feature","geometry":{"type":"Polygon","coordinates":[[[84.8794632,23.5564003],[84.92782593,23.54890251],[84.95697784,23.71281815],[84.89601135,23.77421951],[84.93802643,23.80175972],[84.91604614,23.94997025],[84.75212097,23.96652985],[84.73581696,24.04771042],[84.57836914,23.98588943],[84.4888382,23.89313126],[84.44426727,23.96109962],[84.23647308,23.88516045],[84.24365997,23.92653275],[84.13259888,23.94262123],[83.99263,23.74151993],[84.06228638,23.69161987],[84.00702667,23.63231087],[83.96688843,23.37422943],[84.07025146,23.32999039],[84.23670197,23.34756088],[84.31204224,23.57792282],[84.39187622,23.60349083],[84.49813843,23.67543983],[84.55858612,23.61357117],[84.63418579,23.66656113],[84.67375946,23.60313988],[84.72859192,23.63742065],[84.77822876,23.54445076],[84.8794632,23.5564003]]]},"properties":{"GID_0":"IND","NAME_0":"India","GID_1":"IND.15_1","NAME_1":"Jharkhand","NL_NAME_1":"","GID_2":"IND.15.14_1","NAME_2":"Latehar","VARNAME_2":"","NL_NAME_2":"","TYPE_2":"District","ENGTYPE_2":"District","CC_2":"","HASC_2":"IN.JH.LA"}},
{"type":"Feature","geometry":{"type":"Polygon","coordinates":[[[84.39187622,23.60349083],[84.46391296,23.57518005],[84.41694641,23.42541122],[84.47245789,23.35902977],[84.78042603,23.31982994],[84.78227234,23.27853966],[84.89122772,23.3185997],[84.93849182,23.49930191],[84.8794632,23.5564003],[84.77822876,23.54445076],[84.72859192,23.63742065],[84.67375946,23.60313988],[84.63418579,23.66656113],[84.55858612,23.61357117],[84.49813843,23.67543983],[84.39187622,23.60349083]]]},"properties":{"GID_0":"IND","NAME_0":"India","GID_1":"IND.15_1","NAME_1":"Jharkhand","NL_NAME_1":"","GID_2":"IND.15.15_1","NAME_2":"Lohardaga","VARNAME_2":"Lohargada","NL_NAME_2":"","TYPE_2":"District","ENGTYPE_2":"District","CC_2":"","HASC_2":"IN.JH.LO"}},
{"type":"Feature","geometry":{"type":"Polygon","coordinates":[[[87.40014648,24.50481987],[87.55944824,24.51961136],[87.57927704,24.25696945],[87.64173126,24.24986076],[87.75627899,24.30359268],[87.81002045,24.40662003],[87.76940918,24.58176041],[87.88732147,24.56270981],[87.9033432,24.71455956],[87.83970642,24.7381897],[87.70964813,24.73137283],[87.54839325,24.8269825],[87.50641632,24.79712868],[87.43309021,24.76040077],[87.46401978,24.57701111],[87.40014648,24.50481987]]]},"properties":{"GID_0":"IND","NAME_0":"India","GID_1":"IND.15_1","NAME_1":"Jharkhand","NL_NAME_1":"","GID_2":"IND.15.16_1","NAME_2":"Pakur","VARNAME_2":"","NL_NAME_2":"","TYPE_2":"District","ENGTYPE_2":"District","CC_2":"","HASC_2":"IN.JH.PK"}},
{"type":"Feature","geometry":{"type":"Polygon","coordinates":[[[84.57836914,23.98588943],[84.57292175,24.14134026],[84.43740845,24.24373055],[84.4935379,24.28704071],[84.33586121,24.39583015],[84.28526306,24.46591949],[84.32170868,24.48975754],[84.29297638,24.56599045],[84.18830109,24.55532074],[84.17926025,24.51041985],[84.14605713,24.54030037],[84.10977936,24.48139954],[83.99221039,24.63803291],[83.86804199,24.53288078],[83.81086731,24.29198265],[83.98352051,24.10919952],[83.81886292,24.00076103],[83.96214294,23.86586952],[83.99263,23.74151993],[84.13259888,23.94262123],[84.24365997,23.92653275],[84.23647308,23.88516045],[84.44426727,23.96109962],[84.4888382,23.89313126],[84.57836914,23.98588943]]]},"properties":{"GID_0":"IND","NAME_0":"India","GID_1":"IND.15_1","NAME_1":"Jharkhand","NL_NAME_1":"","GID_2":"IND.15.17_1","NAME_2":"Palamu","VARNAME_2":"","NL_NAME_2":"","TYPE_2":"District","ENGTYPE_2":"District","CC_2":"","HASC_2":"IN.JH.PM"}},
{"type":"Feature","geometry":{"type":"Polygon","coordinates":[[[85.67195129,22.05147171],[85.80204773,22.11083031],[85.83075714,22.07697105],[85.7561264,22.00839043],[85.81832886,21.97001076],[85.90542603,21.96663094],[85.95153809,22.0316391],[86.02671814,22.18522263],[85.9697876,22.24340057],[86.04328918,22.30619049],[85.96079254,22.47861862],[85.86921692,22.55898285],[85.90435028,22.6002903],[85.84760284,22.72036171],[85.69824982,22.69279289],[85.64272308,22.84673119],[85.51064301,22.80594063],[85.33616638,22.88257027],[85.15576935,22.82995987],[85.07370758,22.56786919],[85.06249237,22.47841072],[85.11445618,22.2904892],[84.97982025,22.08468056],[85.0954361,22.09945107],[85.23094177,22.00027084],[85.3944397,22.15859985],[85.67195129,22.05147171]]]},"properties":{"GID_0":"IND","NAME_0":"India","GID_1":"IND.15_1","NAME_1":"Jharkhand","NL_NAME_1":"","GID_2":"IND.15.18_1","NAME_2":"Pashchimi Singhbhum","VARNAME_2":"Singhbhum West","NL_NAME_2":"","TYPE_2":"District","ENGTYPE_2":"District","CC_2":"","HASC_2":"IN.JH.WS"}},
{"type":"Feature","geometry":{"type":"Polygon","coordinates":[[[86.72278595,22.21524811],[86.88568115,22.25212097],[86.88623047,22.29412079],[86.7514801,22.45067978],[86.78407288,22.54424095],[86.65170288,22.57579041],[86.55510712,22.70788002],[86.4126358,22.78643036],[86.43282318,22.92340279],[86.5402832,22.9872303],[86.23448181,22.99336815],[86.18296051,22.94486809],[86.19097137,22.81541061],[86.1401825,22.80278015],[86.15143585,22.63347054],[86.06182861,22.5485096],[86.43335724,22.30154037],[86.49994659,22.34095192],[86.72278595,22.21524811]]]},"properties":{"GID_0":"IND","NAME_0":"India","GID_1":"IND.15_1","NAME_1":"Jharkhand","NL_NAME_1":"","GID_2":"IND.15.19_1","NAME_2":"Purbi Singhbhum","VARNAME_2":"Singhbhum East","NL_NAME_2":"","TYPE_2":"District","ENGTYPE_2":"District","CC_2":"","HASC_2":"IN.JH.ES"}},
{"type":"Feature","geometry":{"type":"Polygon","coordinates":[[[85.87757874,23.4758606],[85.75795746,23.67188072],[85.64894867,23.5892601],[85.60967255,23.61421967],[85.64853668,23.79512024],[85.57675934,23.83392906],[85.64134979,23.9365921],[85.45489502,23.78572655],[85.44933319,23.68772697],[85.21852112,23.69914055],[85.19761658,23.63208961],[85.26168823,23.57887077],[85.50435638,23.53969765],[85.51600647,23.57543945],[85.62612915,23.46698952],[85.86089325,23.42818069],[85.87757874,23.4758606]]]},"properties":{"GID_0":"IND","NAME_0":"India","GID_1":"IND.15_1","NAME_1":"Jharkhand","NL_NAME_1":"","GID_2":"IND.15.20_1","NAME_2":"Ramgarh","VARNAME_2":"","NL_NAME_2":"","TYPE_2":"District","ENGTYPE_2":"District","CC_2":"","HASC_2":"IN.JH.RM"}},
{"type":"Feature","geometry":{"type":"Polygon","coordinates":[[[85.88916016,23.1517601],[85.83155823,23.19511986],[85.89569092,23.37059021],[85.86089325,23.42818069],[85.62612915,23.46698952],[85.51600647,23.57543945],[85.50435638,23.53969765],[85.26168823,23.57887077],[85.19761658,23.63208961],[85.21852112,23.69914055],[85.10072327,23.66284943],[85.04692078,23.71247101],[85.00031281,23.67724991],[84.95697784,23.71281815],[84.92782593,23.54890251],[84.8794632,23.5564003],[84.93849182,23.49930191],[84.89122772,23.3185997],[84.94448853,23.21787071],[84.86260223,23.09216118],[84.93942261,23.00452995],[85.1499176,23.28382111],[85.22466278,23.26400948],[85.22522736,23.19914055],[85.41174316,23.17117119],[85.55088806,23.27025986],[85.60816956,22.93067932],[85.8573761,22.88447952],[85.79303741,23.05672073],[85.88916016,23.1517601]]]},"properties":{"GID_0":"IND","NAME_0":"India","GID_1":"IND.15_1","NAME_1":"Jharkhand","NL_NAME_1":"","GID_2":"IND.15.21_1","NAME_2":"Ranchi","VARNAME_2":"","NL_NAME_2":"","TYPE_2":"District","ENGTYPE_2":"District","CC_2":"","HASC_2":"IN.JH.RN"}},
{"type":"Feature","geometry":{"type":"Polygon","coordinates":[[[87.47216034,25.19466972],[87.51725006,25.05712128],[87.44919586,24.89318085],[87.50641632,24.79712868],[87.54839325,24.8269825],[87.70964813,24.73137283],[87.83970642,24.7381897],[87.89701843,24.85435295],[87.9699707,24.92358017],[87.7765274,25.09127045],[87.7875824,25.2204895],[87.6841507,25.31013107],[87.5474472,25.33094025],[87.53974915,25.28161812],[87.48150635,25.29517174],[87.47216034,25.19466972]]]},"properties":{"GID_0":"IND","NAME_0":"India","GID_1":"IND.15_1","NAME_1":"Jharkhand","NL_NAME_1":"","GID_2":"IND.15.22_1","NAME_2":"Sahibganj","VARNAME_2":"","NL_NAME_2":"","TYPE_2":"District","ENGTYPE_2":"District","CC_2":"","HASC_2":"IN.JH.SA"}},
{"type":"Feature","geometry":{"type":"Polygon","coordinates":[[[86.06182861,22.5485096],[86.15143585,22.63347054],[86.1401825,22.80278015],[86.19097137,22.81541061],[86.18296051,22.94486809],[86.23448181,22.99336815],[86.03692627,23.14361],[85.88916016,23.1517601],[85.79303741,23.05672073],[85.8573761,22.88447952],[85.60816956,22.93067932],[85.51064301,22.80594063],[85.64272308,22.84673119],[85.69824982,22.69279289],[85.84760284,22.72036171],[85.90435028,22.6002903],[85.86921692,22.55898285],[85.96079254,22.47861862],[86.06182861,22.5485096]]]},"properties":{"GID_0":"IND","NAME_0":"India","GID_1":"IND.15_1","NAME_1":"Jharkhand","NL_NAME_1":"","GID_2":"IND.15.23_1","NAME_2":"Saraikela-kharsawan","VARNAME_2":"","NL_NAME_2":"","TYPE_2":"District","ENGTYPE_2":"District","CC_2":"","HASC_2":"IN.JH.SK"}},
{"type":"Feature","geometry":{"type":"Polygon","coordinates":[[[85.06249237,22.47841072],[85.07370758,22.56786919],[85.0524292,22.73233032],[84.97238922,22.78279114],[84.84078979,22.76713181],[84.8081665,22.70635033],[84.72579956,22.7990284],[84.58046722,22.71126938],[84.45065308,22.83340073],[84.40933228,22.7609005],[84.28768921,22.77090073],[84.21479034,22.66456032],[84.02134705,22.58723259],[84.00250244,22.52086067],[84.28922272,22.33732033],[84.52662659,22.42002106],[84.89379883,22.41801071],[85.06249237,22.47841072]]]},"properties":{"GID_0":"IND","NAME_0":"India","GID_1":"IND.15_1","NAME_1":"Jharkhand","NL_NAME_1":"","GID_2":"IND.15.24_1","NAME_2":"Simdega","VARNAME_2":"","NL_NAME_2":"","TYPE_2":"District","ENGTYPE_2":"District","CC_2":"","HASC_2":"IN.JH.SD"}},
{"type":"Feature","geometry":{"type":"Polygon","coordinates":[[[75.84570313,15.83466053],[75.77391815,15.9107914],[75.87745667,15.92949963],[75.97148132,15.85744953],[75.99401855,16.0007019],[76.08146667,16.00527],[76.05940247,15.90149021],[76.20184326,15.9375124],[76.28418732,15.89787102],[76.32657623,15.92737198],[76.30641937,16.0614109],[76.25792694,16.07876968],[76.33318329,16.08704185],[76.25406647,16.09460068],[76.23989868,16.16222954],[75.64460754,16.43783951],[75.57305145,16.40743065],[75.53785706,16.46241951],[75.45186615,16.41114044],[75.49443054,16.59057045],[75.4412384,16.69499969],[75.49582672,16.73769951],[75.39003754,16.76009941],[75.12705994,16.50712967],[75.07366943,16.56601143],[75.0116272,16.53613091],[74.99674988,16.46339035],[75.08074951,16.43379974],[75.04718781,16.31496048],[75.1370163,16.32436943],[75.28911591,16.19837952],[75.27832031,16.11578178],[75.41293335,16.12753105],[75.45697784,15.88378143],[75.5569458,15.82186985],[75.84570313,15.83466053]]]},"properties":{"GID_0":"IND","NAME_0":"India","GID_1":"IND.16_1","NAME_1":"Karnataka","NL_NAME_1":"","GID_2":"IND.16.1_1","NAME_2":"Bagalkot","VARNAME_2":"","NL_NAME_2":"","TYPE_2":"District","ENGTYPE_2":"District","CC_2":"","HASC_2":"IN.KA.BK"}},
{"type":"Feature","geometry":{"type":"Polygon","coordinates":[[[77.58927917,12.64825153],[77.73140717,12.66397953],[77.82559967,12.85898972],[77.75760651,12.92879868],[77.72022247,13.17912102],[77.55082703,13.22328186],[77.47146606,13.21292114],[77.39774323,13.11618996],[77.42189026,13.05972195],[77.32221985,12.96593094],[77.34034729,12.85936069],[77.42208862,12.86865997],[77.48116302,12.73429966],[77.58521271,12.7734127],[77.55002594,12.71286011],[77.60862732,12.69676971],[77.58927917,12.64825153]]]},"properties":{"GID_0":"IND","NAME_0":"India","GID_1":"IND.16_1","NAME_1":"Karnataka","NL_NAME_1":"","GID_2":"IND.16.3_1","NAME_2":"Bangalore","VARNAME_2":"","NL_NAME_2":"","TYPE_2":"District","ENGTYPE_2":"District","CC_2":"","HASC_2":"IN.KA.BN"}},
{"type":"Feature","geometry":{"type":"Polygon","coordinates":[[[77.32221985,12.96593094],[77.42189026,13.05972195],[77.39774323,13.11618996],[77.47146606,13.21292114],[77.55082703,13.22328186],[77.72022247,13.17912102],[77.75760651,12.92879868],[77.82559967,12.85898972],[77.85884857,12.85762024],[77.83278656,12.91421127],[77.93241882,13.06742096],[77.89306641,13.09000969],[77.94785309,13.11538124],[77.95694733,13.23436069],[77.91789246,13.22949982],[77.84069061,13.21147156],[77.78356934,13.34243107],[77.69103241,13.32677078],[77.59559631,13.43269062],[77.5473175,13.40924072],[77.37935638,13.49240017],[77.33203125,13.32189083],[77.18167877,13.26416969],[77.19700623,13.17616081],[77.30706787,13.09654236],[77.32221985,12.96593094]]]},"properties":{"GID_0":"IND","NAME_0":"India","GID_1":"IND.16_1","NAME_1":"Karnataka","NL_NAME_1":"","GID_2":"IND.16.2_1","NAME_2":"Bangalore Rural","VARNAME_2":"","NL_NAME_2":"","TYPE_2":"District","ENGTYPE_2":"District","CC_2":"","HASC_2":"IN.KA.BU"}},
{"type":"Feature","geometry":{"type":"Polygon","coordinates":[[[74.74682617,15.40892124],[74.73139191,15.48664188],[74.79310608,15.46987247],[74.83463287,15.60688019],[75.05287933,15.67936993],[75.09539795,15.60599995],[75.10983276,15.66909122],[75.25289917,15.64365101],[75.28093719,15.68628025],[75.30602264,15.80816078],[75.42928314,15.83967972],[75.43958282,15.77688026],[75.45697784,15.88378143],[75.41293335,16.12753105],[75.27832031,16.11578178],[75.28911591,16.19837952],[75.1370163,16.32436943],[75.04718781,16.31496048],[75.08074951,16.43379974],[74.99674988,16.46339035],[75.0116272,16.53613091],[75.07366943,16.56601143],[75.12705994,16.50712967],[75.39003754,16.76009941],[75.34532928,16.95252037],[75.28462219,16.95355034],[75.28565216,16.87879944],[75.21585846,16.84033966],[75.09041595,16.94865036],[74.93839264,16.94099045],[74.9238205,16.76995087],[74.69819641,16.71520042],[74.69338226,16.60727119],[74.59195709,16.55554962],[74.47738647,16.66077995],[74.3899231,16.5279007],[74.27155304,16.53866005],[74.25315857,16.49488068],[74.29989624,16.50263023],[74.36911011,16.39432907],[74.32546234,16.37924957],[74.33383942,16.26807022],[74.4212265,16.28059006],[74.51287842,16.18826294],[74.48908997,16.08732033],[74.4345932,16.1106205],[74.36815643,16.05295944],[74.47027588,16.0405407],[74.41158295,15.85259056],[74.37412262,15.89161015],[74.34453583,15.85205078],[74.38931274,15.84414005],[74.36485291,15.77365112],[74.29216766,15.73931122],[74.21740723,15.77876091],[74.0965271,15.6708498],[74.12602997,15.65028954],[74.24504089,15.66563129],[74.28375244,15.51945019],[74.41734314,15.47319031],[74.43215179,15.39463139],[74.54943085,15.4147892],[74.61910248,15.35619068],[74.74682617,15.40892124]]]},"properties":{"GID_0":"IND","NAME_0":"India","GID_1":"IND.16_1","NAME_1":"Karnataka","NL_NAME_1":"","GID_2":"IND.16.4_1","NAME_2":"Belgaum","VARNAME_2":"","NL_NAME_2":"","TYPE_2":"District","ENGTYPE_2":"District","CC_2":"","HASC_2":"IN.KA.BG"}},
{"type":"Feature","geometry":{"type":"Polygon","coordinates":[[[76.50791931,14.55628014],[76.59967804,14.61902046],[76.6678772,14.78778076],[76.73654175,14.80919075],[76.66197205,14.91086102],[76.71495819,14.95885086],[76.66963959,15.01405144],[76.75698853,14.98297119],[76.79693604,15.09076023],[77.07881927,15.00000954],[77.15276337,15.13162136],[77.12090302,15.221241],[77.16414642,15.2590704],[77.06157684,15.32186031],[76.97039032,15.49092197],[77.02659607,15.49999046],[77.02928162,15.63383865],[77.12497711,15.65905094],[77.02442169,15.82948971],[76.81059265,15.54216099],[76.49475861,15.34117126],[76.36075592,15.32126141],[76.24674988,15.18719959],[76.18618011,15.23097038],[75.94953918,15.13325024],[75.88463593,15.10295963],[75.90423584,15.0514698],[75.70182037,14.94423008],[75.73358917,14.85983086],[75.66461182,14.79868031],[75.72374725,14.76457024],[75.70585632,14.71772003],[75.75653076,14.73435116],[75.83524323,14.79409027],[75.81987,14.89615154],[75.86988831,14.85032082],[76.04737091,14.92444038],[76.07298279,14.86406136],[76.18862152,14.84250069],[76.14402771,14.79872131],[76.22901917,14.6441803],[76.32100677,14.68762016],[76.50791931,14.55628014]]]},"properties":{"GID_0":"IND","NAME_0":"India","GID_1":"IND.16_1","NAME_1":"Karnataka","NL_NAME_1":"","GID_2":"IND.16.5_1","NAME_2":"Bellary","VARNAME_2":"","NL_NAME_2":"","TYPE_2":"District","ENGTYPE_2":"District","CC_2":"","HASC_2":"IN.KA.BL"}},
{"type":"Feature","geometry":{"type":"Polygon","coordinates":[[[76.69055176,17.67995262],[76.93756104,17.60567093],[76.98931885,17.69238091],[77.11380768,17.6825695],[77.18788147,17.61327934],[77.43992615,17.58147049],[77.4503479,17.69129944],[77.56202698,17.74711037],[77.51087952,17.80144119],[77.65339661,17.96935272],[77.54574585,18.05376053],[77.59745789,18.08428955],[77.59902954,18.27291107],[77.54995728,18.29134941],[77.46539307,18.25996017],[77.35881042,18.31064987],[77.41011047,18.38853073],[77.36962891,18.44765091],[77.26455688,18.41838074],[77.10888672,18.15269089],[76.93335724,18.15790939],[76.96827698,18.09711075],[76.91644287,17.91509056],[76.80280304,17.86832047],[76.74067688,17.89801025],[76.78816986,17.82647133],[76.69055176,17.67995262]]]},"properties":{"GID_0":"IND","NAME_0":"India","GID_1":"IND.16_1","NAME_1":"Karnataka","NL_NAME_1":"","GID_2":"IND.16.6_1","NAME_2":"Bidar","VARNAME_2":"","NL_NAME_2":"","TYPE_2":"District","ENGTYPE_2":"District","CC_2":"","HASC_2":"IN.KA.BD"}},
{"type":"Feature","geometry":{"type":"Polygon","coordinates":[[[76.32792664,16.18787956],[76.30930328,16.39178085],[76.43575287,16.43190765],[76.40374756,16.64496994],[76.45918274,16.70741081],[76.3707962,16.76483917],[76.41271973,16.81006813],[76.3536911,16.81622124],[76.37368011,16.85608101],[76.46882629,16.83670044],[76.45789337,16.9217701],[76.40001678,16.9321804],[76.4286499,17.09699821],[76.38899994,17.06548119],[76.35926056,17.18181992],[76.25461578,17.14487076],[76.17745209,17.19075012],[76.0734787,17.33232117],[75.93115234,17.32411003],[75.88723755,17.41732979],[75.80233765,17.37010193],[75.6355896,17.47751045],[75.57853699,17.38293076],[75.60595703,17.3032608],[75.65988922,17.26144028],[75.62802124,17.17012024],[75.67842102,16.96394157],[75.57579803,17.00779915],[75.49249268,16.9428997],[75.46791077,16.98533058],[75.34532928,16.95252037],[75.39003754,16.76009941],[75.49582672,16.73769951],[75.4412384,16.69499969],[75.49443054,16.59057045],[75.45186615,16.41114044],[75.53785706,16.46241951],[75.57305145,16.40743065],[75.64460754,16.43783951],[76.23989868,16.16222954],[76.32792664,16.18787956]]]},"properties":{"GID_0":"IND","NAME_0":"India","GID_1":"IND.16_1","NAME_1":"Karnataka","NL_NAME_1":"","GID_2":"IND.16.7_1","NAME_2":"Bijapur","VARNAME_2":"","NL_NAME_2":"","TYPE_2":"District","ENGTYPE_2":"District","CC_2":"","HASC_2":"IN.KA.BJ"}},
{"type":"Feature","geometry":{"type":"Polygon","coordinates":[[[76.42346191,11.65932083],[76.50421143,11.69804096],[76.56006622,11.61012077],[76.83728027,11.57448006],[76.89968872,11.78327179],[77.00443268,11.80301952],[77.10929871,11.71280098],[77.10282898,11.7631197],[77.24173737,11.80245972],[77.41925049,11.75067139],[77.48439789,11.93239975],[77.664711,11.93970013],[77.76844788,12.10559177],[77.73906708,12.14785957],[77.48248291,12.19011974],[77.46295166,12.23577118],[77.3132782,12.29859066],[77.15701294,12.30091095],[77.10396576,12.23419189],[77.12272644,12.19671059],[77.03338623,12.12093925],[76.98509979,12.16770267],[76.93839264,12.09020138],[76.84924316,12.17709923],[76.84883118,12.05251122],[76.92978668,12.00748158],[76.57054901,11.97740173],[76.5474472,11.84872246],[76.4050293,11.80407143],[76.4076767,11.75333118],[76.42346191,11.65932083]]]},"properties":{"GID_0":"IND","NAME_0":"India","GID_1":"IND.16_1","NAME_1":"Karnataka","NL_NAME_1":"","GID_2":"IND.16.8_1","NAME_2":"Chamrajnagar","VARNAME_2":"","NL_NAME_2":"","TYPE_2":"District","ENGTYPE_2":"District","CC_2":"","HASC_2":"IN.KA.CJ"}},
{"type":"Feature","geometry":{"type":"Polygon","coordinates":[[[78.18900299,13.55638027],[78.15576172,13.64871025],[78.05834198,13.66697025],[78.11823273,13.77690029],[78.04115295,13.88672924],[77.94458008,13.81997108],[77.97857666,13.94765091],[77.91160583,13.89724064],[77.81829071,13.93488121],[77.82772064,13.86061954],[77.71286011,13.79051971],[77.70874786,13.73273945],[77.649086,13.77583981],[77.44975281,13.67579079],[77.35681152,13.61382103],[77.37935638,13.49240017],[77.5473175,13.40924072],[77.59559631,13.43269062],[77.69103241,13.32677078],[77.78356934,13.34243107],[77.84069061,13.21147156],[77.91789246,13.22949982],[77.99053192,13.29587936],[78.12580872,13.27801132],[78.18900299,13.55638027]]]},"properties":{"GID_0":"IND","NAME_0":"India","GID_1":"IND.16_1","NAME_1":"Karnataka","NL_NAME_1":"","GID_2":"IND.16.9_1","NAME_2":"Chikballapura","VARNAME_2":"","NL_NAME_2":"","TYPE_2":"District","ENGTYPE_2":"District","CC_2":"","HASC_2":"IN.KA.CB"}},
{"type":"Feature","geometry":{"type":"Polygon","coordinates":[[[75.55487823,12.9099617],[75.64370728,13.02682972],[75.73757935,13.02561855],[75.74098206,13.20090103],[75.81635284,13.2512989],[76.03544617,13.24094105],[76.04023743,13.36903],[76.35978699,13.54030991],[76.34986115,13.57194042],[76.27230835,13.5967617],[76.28295898,13.64039993],[76.14821625,13.72430038],[76.03153229,13.89087009],[75.94814301,13.81001091],[75.66919708,13.75883961],[75.63854218,13.69813061],[75.60531616,13.75629044],[75.38371277,13.70703125],[75.40699005,13.62179089],[75.27710724,13.55991936],[75.22013092,13.59824085],[75.22426605,13.52355099],[75.14074707,13.45909977],[75.08071899,13.34039116],[75.19970703,13.1741209],[75.29485321,13.12135029],[75.38067627,13.17418003],[75.51130676,13.06370163],[75.55487823,12.9099617]]]},"properties":{"GID_0":"IND","NAME_0":"India","GID_1":"IND.16_1","NAME_1":"Karnataka","NL_NAME_1":"","GID_2":"IND.16.10_1","NAME_2":"Chikmagalur","VARNAME_2":"Chikmaglur|Kadur","NL_NAME_2":"","TYPE_2":"District","ENGTYPE_2":"District","CC_2":"","HASC_2":"IN.KA.CK"}},
{"type":"Feature","geometry":{"type":"Polygon","coordinates":[[[76.34986115,13.57194042],[76.45070648,13.58351135],[76.6162262,13.7274313],[76.68154144,13.68227863],[76.69333649,13.76314068],[76.76449585,13.79328918],[76.7182312,13.88867092],[76.8095932,13.90983963],[76.83261871,14.0086813],[76.94629669,14.08526039],[76.89142609,14.15899944],[77.0198288,14.17270184],[77.00411987,14.23156929],[76.93784332,14.24012089],[76.94670105,14.30044937],[76.87909698,14.34638977],[76.9733963,14.47828102],[76.87020111,14.46844006],[76.76091003,14.59628105],[76.86547852,14.93760014],[76.75698853,14.98297119],[76.66963959,15.01405144],[76.71495819,14.95885086],[76.66197205,14.91086102],[76.73654175,14.80919075],[76.6678772,14.78778076],[76.59967804,14.61902046],[76.50791931,14.55628014],[76.45668793,14.4459219],[76.38063812,14.41526985],[76.13548279,14.4209404],[76.15435028,14.3147707],[76.10845184,14.31062984],[76.12940979,14.24989986],[76.0231781,14.10853004],[76.06977844,13.97497082],[76.03153229,13.89087009],[76.14821625,13.72430038],[76.28295898,13.64039993],[76.27230835,13.5967617],[76.34986115,13.57194042]]]},"properties":{"GID_0":"IND","NAME_0":"India","GID_1":"IND.16_1","NAME_1":"Karnataka","NL_NAME_1":"","GID_2":"IND.16.11_1","NAME_2":"Chitradurga","VARNAME_2":"Chitaldroog|Chitaldrug","NL_NAME_2":"","TYPE_2":"District","ENGTYPE_2":"District","CC_2":"","HASC_2":"IN.KA.CT"}},
{"type":"Feature","geometry":{"type":"Polygon","coordinates":[[[74.86708069,12.75445175],[75.00527954,12.78549194],[74.98477936,12.72988129],[75.04966736,12.71469975],[75.04780579,12.66008854],[75.1506424,12.67634201],[75.22290039,12.56264019],[75.27672577,12.61166],[75.32785797,12.58518124],[75.2709198,12.55354023],[75.33676147,12.45778179],[75.41448975,12.49671173],[75.48898315,12.45502186],[75.66430664,12.54169273],[75.66985321,12.69523144],[75.63079834,12.68667126],[75.6207428,12.85205173],[75.55487823,12.9099617],[75.51130676,13.06370163],[75.38067627,13.17418003],[75.29485321,13.12135029],[75.19970703,13.1741209],[75.0144577,12.97987938],[74.89720917,13.02630138],[74.86419678,13.1220789],[74.78624725,13.09957123],[74.78272247,13.09958363],[74.78125,13.09930611],[74.78069305,13.09908962],[74.86708069,12.75445175]]]},"properties":{"GID_0":"IND","NAME_0":"India","GID_1":"IND.16_1","NAME_1":"Karnataka","NL_NAME_1":"","GID_2":"IND.16.12_1","NAME_2":"Dakshina Kannada","VARNAME_2":"","NL_NAME_2":"","TYPE_2":"District","ENGTYPE_2":"District","CC_2":"","HASC_2":"IN.KA.DK"}},
{"type":"Feature","geometry":{"type":"Polygon","coordinates":[[[75.60531616,13.75629044],[75.63854218,13.69813061],[75.66919708,13.75883961],[75.94814301,13.81001091],[76.03153229,13.89087009],[76.06977844,13.97497082],[76.0231781,14.10853004],[76.12940979,14.24989986],[76.10845184,14.31062984],[76.15435028,14.3147707],[76.13548279,14.4209404],[76.38063812,14.41526985],[76.45668793,14.4459219],[76.50791931,14.55628014],[76.32100677,14.68762016],[76.22901917,14.6441803],[76.14402771,14.79872131],[76.18862152,14.84250069],[76.07298279,14.86406136],[76.04737091,14.92444038],[75.86988831,14.85032082],[75.81987,14.89615154],[75.83524323,14.79409027],[75.75653076,14.73435116],[75.7395401,14.68082142],[75.81141663,14.64710999],[75.79743958,14.50607967],[75.6357193,14.45993042],[75.63220978,14.30945015],[75.53613281,14.27290058],[75.52626038,14.1980114],[75.45320129,14.19970036],[75.48526001,14.16992092],[75.40040588,14.110322],[75.73426819,14.05652046],[75.67559052,14.01852036],[75.71172333,13.91066933],[75.61026764,13.83906078],[75.60531616,13.75629044]]]},"properties":{"GID_0":"IND","NAME_0":"India","GID_1":"IND.16_1","NAME_1":"Karnataka","NL_NAME_1":"","GID_2":"IND.16.13_1","NAME_2":"Davanagere","VARNAME_2":"","NL_NAME_2":"","TYPE_2":"District","ENGTYPE_2":"District","CC_2":"","HASC_2":"IN.KA.DA"}},
{"type":"Feature","geometry":{"type":"Polygon","coordinates":[[[75.08380127,15.06954098],[75.14108276,15.15579128],[75.14469147,15.09674072],[75.2602005,15.09322166],[75.33982086,15.15629005],[75.34403992,15.0620203],[75.4198761,15.05675125],[75.40287018,15.19526958],[75.45009613,15.21221066],[75.40577698,15.26935959],[75.4471817,15.38214111],[75.49404144,15.36903095],[75.47766113,15.51773071],[75.53279877,15.53540134],[75.55731964,15.64445972],[75.49064636,15.69925976],[75.36268616,15.6431818],[75.28093719,15.68628025],[75.25289917,15.64365101],[75.10983276,15.66909122],[75.09539795,15.60599995],[75.05287933,15.67936993],[74.83463287,15.60688019],[74.79310608,15.46987247],[74.73139191,15.48664188],[74.74682617,15.40892124],[74.90219879,15.29624939],[74.83238983,15.13047886],[74.8964386,15.04189968],[75.08380127,15.06954098]]]},"properties":{"GID_0":"IND","NAME_0":"India","GID_1":"IND.16_1","NAME_1":"Karnataka","NL_NAME_1":"","GID_2":"IND.16.14_1","NAME_2":"Dharwad","VARNAME_2":"Dhawad, Dharwar","NL_NAME_2":"","TYPE_2":"District","ENGTYPE_2":"District","CC_2":"","HASC_2":"IN.KA.DH"}},
{"type":"Feature","geometry":{"type":"Polygon","coordinates":[[[75.4198761,15.05675125],[75.70182037,14.94423008],[75.90423584,15.0514698],[75.88463593,15.10295963],[75.94953918,15.13325024],[75.90290833,15.39882183],[75.81017303,15.48386097],[75.89891052,15.60354137],[75.88510132,15.73377037],[76.0109787,15.66016102],[76.04117584,15.76063919],[75.84570313,15.83466053],[75.5569458,15.82186985],[75.45697784,15.88378143],[75.43958282,15.77688026],[75.42928314,15.83967972],[75.30602264,15.80816078],[75.28093719,15.68628025],[75.36268616,15.6431818],[75.49064636,15.69925976],[75.55731964,15.64445972],[75.53279877,15.53540134],[75.47766113,15.51773071],[75.49404144,15.36903095],[75.4471817,15.38214111],[75.40577698,15.26935959],[75.45009613,15.21221066],[75.40287018,15.19526958],[75.4198761,15.05675125]]]},"properties":{"GID_0":"IND","NAME_0":"India","GID_1":"IND.16_1","NAME_1":"Karnataka","NL_NAME_1":"","GID_2":"IND.16.15_1","NAME_2":"Gadag","VARNAME_2":"","NL_NAME_2":"","TYPE_2":"District","ENGTYPE_2":"District","CC_2":"","HASC_2":"IN.KA.GA"}},
{"type":"Feature","geometry":{"type":"Polygon","coordinates":[[[76.45918274,16.70741081],[76.60186005,16.76301003],[76.65606689,16.70872116],[76.67864227,16.77991295],[76.73396301,16.75506973],[76.75923157,16.83998108],[76.86841583,16.89372063],[76.90909576,16.81428909],[76.99494934,16.80799103],[76.97833252,16.85775948],[77.03853607,16.86540985],[77.06260681,16.95084953],[77.09057617,16.90224075],[77.23964691,16.93848991],[77.45223999,16.88159943],[77.49938965,17.0073204],[77.46263885,17.10407066],[77.35999298,17.16162109],[77.45450592,17.27589035],[77.45159912,17.37049103],[77.52081299,17.36205101],[77.51014709,17.42725945],[77.68562317,17.50564957],[77.43992615,17.58147049],[77.18788147,17.61327934],[77.11380768,17.6825695],[76.98931885,17.69238091],[76.93756104,17.60567093],[76.69055176,17.67995262],[76.61444855,17.76831245],[76.57322693,17.70216942],[76.57330322,17.76000023],[76.52632141,17.75936127],[76.4287262,17.64441109],[76.33167267,17.59486961],[76.38170624,17.31180954],[76.24436188,17.37467957],[76.17233276,17.34873009],[76.17575836,17.29721069],[76.12120819,17.36634064],[76.0734787,17.33232117],[76.17745209,17.19075012],[76.25461578,17.14487076],[76.35926056,17.18181992],[76.38899994,17.06548119],[76.4286499,17.09699821],[76.40001678,16.9321804],[76.45789337,16.9217701],[76.46882629,16.83670044],[76.37368011,16.85608101],[76.3536911,16.81622124],[76.41271973,16.81006813],[76.3707962,16.76483917],[76.45918274,16.70741081]]]},"properties":{"GID_0":"IND","NAME_0":"India","GID_1":"IND.16_1","NAME_1":"Karnataka","NL_NAME_1":"","GID_2":"IND.16.16_1","NAME_2":"Gulbarga","VARNAME_2":"","NL_NAME_2":"","TYPE_2":"District","ENGTYPE_2":"District","CC_2":"","HASC_2":"IN.KA.GB"}},
{"type":"Feature","geometry":{"type":"Polygon","coordinates":[[[76.0161972,12.56062126],[76.11128235,12.50598145],[76.21694183,12.63605118],[76.31719208,12.60327053],[76.33937073,12.64964199],[76.32816315,12.8043108],[76.40690613,12.85970974],[76.4930191,12.76247025],[76.62580109,12.99895954],[76.60604858,13.06188965],[76.46431732,13.08417034],[76.47003937,13.14064121],[76.36746216,13.19249058],[76.34189606,13.35386086],[76.42237854,13.5175209],[76.35978699,13.54030991],[76.04023743,13.36903],[76.03544617,13.24094105],[75.81635284,13.2512989],[75.74098206,13.20090103],[75.73757935,13.02561855],[75.64370728,13.02682972],[75.55487823,12.9099617],[75.6207428,12.85205173],[75.63079834,12.68667126],[75.66985321,12.69523144],[75.88069153,12.66759014],[75.86174774,12.81466007],[75.92022705,12.82159138],[75.97055817,12.79866982],[75.9386673,12.5963192],[76.0161972,12.56062126]]]},"properties":{"GID_0":"IND","NAME_0":"India","GID_1":"IND.16_1","NAME_1":"Karnataka","NL_NAME_1":"","GID_2":"IND.16.17_1","NAME_2":"Hassan","VARNAME_2":"","NL_NAME_2":"","TYPE_2":"District","ENGTYPE_2":"District","CC_2":"","HASC_2":"IN.KA.HS"}},
{"type":"Feature","geometry":{"type":"Polygon","coordinates":[[[75.53613281,14.27290058],[75.63220978,14.30945015],[75.6357193,14.45993042],[75.79743958,14.50607967],[75.81141663,14.64710999],[75.7395401,14.68082142],[75.75653076,14.73435116],[75.70585632,14.71772003],[75.72374725,14.76457024],[75.66461182,14.79868031],[75.73358917,14.85983086],[75.70182037,14.94423008],[75.4198761,15.05675125],[75.34403992,15.0620203],[75.33982086,15.15629005],[75.2602005,15.09322166],[75.14469147,15.09674072],[75.14108276,15.15579128],[75.08380127,15.06954098],[75.09681702,14.80558109],[75.02012634,14.70843124],[75.05348206,14.6452713],[75.20796967,14.63196087],[75.18650818,14.58189106],[75.26661682,14.57557106],[75.27126312,14.5090704],[75.38197327,14.42780972],[75.34973907,14.3837204],[75.49962616,14.33937931],[75.53613281,14.27290058]]]},"properties":{"GID_0":"IND","NAME_0":"India","GID_1":"IND.16_1","NAME_1":"Karnataka","NL_NAME_1":"","GID_2":"IND.16.18_1","NAME_2":"Haveri","VARNAME_2":"","NL_NAME_2":"","TYPE_2":"District","ENGTYPE_2":"District","CC_2":"","HASC_2":"IN.KA.HV"}},
{"type":"Feature","geometry":{"type":"Polygon","coordinates":[[[76.10791016,11.97063923],[76.18013763,12.02802086],[76.16497803,12.11192131],[75.90679932,12.39309978],[76.0161972,12.56062126],[75.9386673,12.5963192],[75.97055817,12.79866982],[75.92022705,12.82159138],[75.86174774,12.81466007],[75.88069153,12.66759014],[75.66985321,12.69523144],[75.66430664,12.54169273],[75.48898315,12.45502186],[75.41448975,12.49671173],[75.36560059,12.4070406],[75.41912842,12.28639984],[75.48272705,12.28618145],[75.66242981,12.0911808],[75.79534912,12.07423115],[75.82697296,11.97797108],[75.92518616,11.93287182],[76.10791016,11.97063923]]]},"properties":{"GID_0":"IND","NAME_0":"India","GID_1":"IND.16_1","NAME_1":"Karnataka","NL_NAME_1":"","GID_2":"IND.16.19_1","NAME_2":"Kodagu","VARNAME_2":"Coorg","NL_NAME_2":"","TYPE_2":"District","ENGTYPE_2":"District","CC_2":"","HASC_2":"IN.KA.KD"}},
{"type":"Feature","geometry":{"type":"Polygon","coordinates":[[[77.85884857,12.85762024],[77.92428589,12.87784004],[77.91047668,12.81971073],[77.94555664,12.8493309],[77.98139954,12.79564095],[78.04673004,12.84237003],[78.22064972,12.75259018],[78.2410965,12.84742069],[78.30310059,12.84720039],[78.34542847,12.92806053],[78.45423889,12.85316181],[78.4226532,12.96860027],[78.56907654,13.1564827],[78.57746887,13.26204967],[78.36699677,13.32003975],[78.39076233,13.5781002],[78.18900299,13.55638027],[78.12580872,13.27801132],[77.99053192,13.29587936],[77.91789246,13.22949982],[77.95694733,13.23436069],[77.94785309,13.11538124],[77.89306641,13.09000969],[77.93241882,13.06742096],[77.83278656,12.91421127],[77.85884857,12.85762024]]]},"properties":{"GID_0":"IND","NAME_0":"India","GID_1":"IND.16_1","NAME_1":"Karnataka","NL_NAME_1":"","GID_2":"IND.16.20_1","NAME_2":"Kolar","VARNAME_2":"","NL_NAME_2":"","TYPE_2":"District","ENGTYPE_2":"District","CC_2":"","HASC_2":"IN.KA.KO"}},
{"type":"Feature","geometry":{"type":"Polygon","coordinates":[[[75.94953918,15.13325024],[76.18618011,15.23097038],[76.24674988,15.18719959],[76.36075592,15.32126141],[76.49475861,15.34117126],[76.81059265,15.54216099],[76.59581757,15.69522953],[76.44190979,15.73219109],[76.42571259,15.88406086],[76.28418732,15.89787102],[76.20184326,15.9375124],[76.05940247,15.90149021],[76.08146667,16.00527],[75.99401855,16.0007019],[75.97148132,15.85744953],[75.87745667,15.92949963],[75.77391815,15.9107914],[75.84570313,15.83466053],[76.04117584,15.76063919],[76.0109787,15.66016102],[75.88510132,15.73377037],[75.89891052,15.60354137],[75.81017303,15.48386097],[75.90290833,15.39882183],[75.94953918,15.13325024]]]},"properties":{"GID_0":"IND","NAME_0":"India","GID_1":"IND.16_1","NAME_1":"Karnataka","NL_NAME_1":"","GID_2":"IND.16.21_1","NAME_2":"Koppal","VARNAME_2":"","NL_NAME_2":"","TYPE_2":"District","ENGTYPE_2":"District","CC_2":"","HASC_2":"IN.KA.KP"}},
{"type":"Feature","geometry":{"type":"Polygon","coordinates":[[[77.3132782,12.29859066],[77.2306366,12.49094963],[77.11772156,12.4724617],[77.07324982,12.73839092],[76.91779327,12.79701138],[76.80348969,13.00512123],[76.66777802,13.0472393],[76.62580109,12.99895954],[76.4930191,12.76247025],[76.40690613,12.85970974],[76.32816315,12.8043108],[76.33937073,12.64964199],[76.44637299,12.4765892],[76.56134033,12.41758919],[76.56165314,12.3420496],[76.67890167,12.38308144],[76.75023651,12.29444981],[76.91190338,12.43393993],[76.91571045,12.31685162],[76.96893311,12.34459972],[76.99106598,12.23579025],[77.10396576,12.23419189],[77.15701294,12.30091095],[77.3132782,12.29859066]]]},"properties":{"GID_0":"IND","NAME_0":"India","GID_1":"IND.16_1","NAME_1":"Karnataka","NL_NAME_1":"","GID_2":"IND.16.22_1","NAME_2":"Mandya","VARNAME_2":"","NL_NAME_2":"","TYPE_2":"District","ENGTYPE_2":"District","CC_2":"","HASC_2":"IN.KA.MA"}},
{"type":"Feature","geometry":{"type":"Polygon","coordinates":[[[76.10791016,11.97063923],[76.11653137,11.84304047],[76.18403625,11.8637619],[76.3349762,11.73062992],[76.4076767,11.75333118],[76.4050293,11.80407143],[76.5474472,11.84872246],[76.57054901,11.97740173],[76.92978668,12.00748158],[76.84883118,12.05251122],[76.84924316,12.17709923],[76.93839264,12.09020138],[76.98509979,12.16770267],[77.03338623,12.12093925],[77.12272644,12.19671059],[77.10396576,12.23419189],[76.99106598,12.23579025],[76.96893311,12.34459972],[76.91571045,12.31685162],[76.91190338,12.43393993],[76.75023651,12.29444981],[76.67890167,12.38308144],[76.56165314,12.3420496],[76.56134033,12.41758919],[76.44637299,12.4765892],[76.33937073,12.64964199],[76.31719208,12.60327053],[76.21694183,12.63605118],[76.11128235,12.50598145],[76.0161972,12.56062126],[75.90679932,12.39309978],[76.16497803,12.11192131],[76.18013763,12.02802086],[76.10791016,11.97063923]]]},"properties":{"GID_0":"IND","NAME_0":"India","GID_1":"IND.16_1","NAME_1":"Karnataka","NL_NAME_1":"","GID_2":"IND.16.23_1","NAME_2":"Mysore","VARNAME_2":"","NL_NAME_2":"","TYPE_2":"District","ENGTYPE_2":"District","CC_2":"","HASC_2":"IN.KA.MY"}},
{"type":"Feature","geometry":{"type":"Polygon","coordinates":[[[77.02442169,15.82948971],[77.18062592,15.95006275],[77.50945282,15.92086029],[77.48755646,16.24982071],[77.59030151,16.28685188],[77.59160614,16.33751106],[77.28466034,16.40299988],[77.01107025,16.49752045],[76.97976685,16.55735016],[76.84526825,16.42999268],[76.32792664,16.18787956],[76.23989868,16.16222954],[76.25406647,16.09460068],[76.33318329,16.08704185],[76.25792694,16.07876968],[76.30641937,16.0614109],[76.32657623,15.92737198],[76.28418732,15.89787102],[76.42571259,15.88406086],[76.44190979,15.73219109],[76.59581757,15.69522953],[76.81059265,15.54216099],[77.02442169,15.82948971]]]},"properties":{"GID_0":"IND","NAME_0":"India","GID_1":"IND.16_1","NAME_1":"Karnataka","NL_NAME_1":"","GID_2":"IND.16.24_1","NAME_2":"Raichur","VARNAME_2":"","NL_NAME_2":"","TYPE_2":"District","ENGTYPE_2":"District","CC_2":"","HASC_2":"IN.KA.RA"}},
{"type":"Feature","geometry":{"type":"Polygon","coordinates":[[[77.58927917,12.64825153],[77.60862732,12.69676971],[77.55002594,12.71286011],[77.58521271,12.7734127],[77.48116302,12.73429966],[77.42208862,12.86865997],[77.34034729,12.85936069],[77.32221985,12.96593094],[77.30706787,13.09654236],[77.19700623,13.17616081],[77.06572723,13.11669064],[77.06828308,13.02945137],[77.16079712,12.92193031],[77.10388947,12.88313007],[77.14135742,12.77517033],[77.07324982,12.73839092],[77.11772156,12.4724617],[77.2306366,12.49094963],[77.3132782,12.29859066],[77.46295166,12.23577118],[77.6063385,12.36026001],[77.58927917,12.64825153]]]},"properties":{"GID_0":"IND","NAME_0":"India","GID_1":"IND.16_1","NAME_1":"Karnataka","NL_NAME_1":"","GID_2":"IND.16.25_1","NAME_2":"Ramanagara","VARNAME_2":"","NL_NAME_2":"","TYPE_2":"District","ENGTYPE_2":"District","CC_2":"","HASC_2":"IN.KA.RM"}},
{"type":"Feature","geometry":{"type":"Polygon","coordinates":[[[75.14074707,13.45909977],[75.22426605,13.52355099],[75.22013092,13.59824085],[75.27710724,13.55991936],[75.40699005,13.62179089],[75.38371277,13.70703125],[75.60531616,13.75629044],[75.61026764,13.83906078],[75.71172333,13.91066933],[75.67559052,14.01852036],[75.73426819,14.05652046],[75.40040588,14.110322],[75.48526001,14.16992092],[75.45320129,14.19970036],[75.52626038,14.1980114],[75.53613281,14.27290058],[75.49962616,14.33937931],[75.34973907,14.3837204],[75.38197327,14.42780972],[75.27126312,14.5090704],[75.26661682,14.57557106],[75.18650818,14.58189106],[75.20796967,14.63196087],[75.05348206,14.6452713],[75.0449295,14.49738026],[74.99429321,14.47240067],[74.96016693,14.54739094],[74.88065338,14.44578075],[74.97828674,14.33170986],[74.92038727,14.30957985],[74.93817902,14.24193001],[74.85954285,14.21028042],[74.73413086,14.26369095],[74.75171661,14.14797974],[74.63037872,14.16158199],[74.67106628,13.98102188],[74.72014618,13.90349007],[74.91654205,13.85359955],[75.06044769,13.51858139],[75.14074707,13.45909977]]]},"properties":{"GID_0":"IND","NAME_0":"India","GID_1":"IND.16_1","NAME_1":"Karnataka","NL_NAME_1":"","GID_2":"IND.16.26_1","NAME_2":"Shimoga","VARNAME_2":"","NL_NAME_2":"","TYPE_2":"District","ENGTYPE_2":"District","CC_2":"","HASC_2":"IN.KA.SH"}},
{"type":"Feature","geometry":{"type":"MultiPolygon","coordinates":[[[[77.0198288,14.17270184],[77.0236969,14.0532589],[77.15444183,13.99061012],[77.31349182,14.02482033],[77.3483429,13.89654064],[77.42562866,13.90205193],[77.43064117,13.96877956],[77.32618713,14.02293968],[77.3897171,14.16526031],[77.5004425,14.15096092],[77.4962616,14.2717514],[77.38565826,14.32487011],[77.38378906,14.1918211],[77.28114319,14.33111095],[77.15215302,14.3377409],[77.10507965,14.21328163],[77.00411987,14.23156929],[77.0198288,14.17270184]]],[[[77.07324982,12.73839092],[77.14135742,12.77517033],[77.10388947,12.88313007],[77.16079712,12.92193031],[77.06828308,13.02945137],[77.06572723,13.11669064],[77.19700623,13.17616081],[77.18167877,13.26416969],[77.33203125,13.32189083],[77.37935638,13.49240017],[77.35681152,13.61382103],[77.44975281,13.67579079],[77.42453003,13.83512974],[77.2504425,13.83947086],[77.23384094,13.89493179],[77.17880249,13.85984039],[77.17703247,13.91740036],[77.12388611,13.84939003],[77.1665802,13.75466919],[76.99259186,13.74255085],[76.96839142,13.81439018],[77.04128265,13.8973999],[76.93109894,14.02273178],[76.94629669,14.08526039],[76.83261871,14.0086813],[76.8095932,13.90983963],[76.7182312,13.88867092],[76.76449585,13.79328918],[76.69333649,13.76314068],[76.68154144,13.68227863],[76.6162262,13.7274313],[76.45070648,13.58351135],[76.34986115,13.57194042],[76.35978699,13.54030991],[76.42237854,13.5175209],[76.34189606,13.35386086],[76.36746216,13.19249058],[76.47003937,13.14064121],[76.46431732,13.08417034],[76.60604858,13.06188965],[76.62580109,12.99895954],[76.66777802,13.0472393],[76.80348969,13.00512123],[76.91779327,12.79701138],[77.07324982,12.73839092]]]]},"properties":{"GID_0":"IND","NAME_0":"India","GID_1":"IND.16_1","NAME_1":"Karnataka","NL_NAME_1":"","GID_2":"IND.16.27_1","NAME_2":"Tumkur","VARNAME_2":"","NL_NAME_2":"","TYPE_2":"District","ENGTYPE_2":"District","CC_2":"","HASC_2":"IN.KA.TU"}},
{"type":"Feature","geometry":{"type":"Polygon","coordinates":[[[74.78624725,13.09957123],[74.86419678,13.1220789],[74.89720917,13.02630138],[75.0144577,12.97987938],[75.19970703,13.1741209],[75.08071899,13.34039116],[75.14074707,13.45909977],[75.06044769,13.51858139],[74.91654205,13.85359955],[74.72014618,13.90349007],[74.67106628,13.98102188],[74.58430481,13.92347431],[74.78624725,13.09957123]]]},"properties":{"GID_0":"IND","NAME_0":"India","GID_1":"IND.16_1","NAME_1":"Karnataka","NL_NAME_1":"","GID_2":"IND.16.28_1","NAME_2":"Udupi","VARNAME_2":"","NL_NAME_2":"","TYPE_2":"District","ENGTYPE_2":"District","CC_2":"","HASC_2":"IN.KA.UD"}},
{"type":"Feature","geometry":{"type":"Polygon","coordinates":[[[74.58430481,13.92347431],[74.67106628,13.98102188],[74.63037872,14.16158199],[74.75171661,14.14797974],[74.73413086,14.26369095],[74.85954285,14.21028042],[74.93817902,14.24193001],[74.92038727,14.30957985],[74.97828674,14.33170986],[74.88065338,14.44578075],[74.96016693,14.54739094],[74.99429321,14.47240067],[75.0449295,14.49738026],[75.05348206,14.6452713],[75.02012634,14.70843124],[75.09681702,14.80558109],[75.08380127,15.06954098],[74.8964386,15.04189968],[74.83238983,15.13047886],[74.90219879,15.29624939],[74.74682617,15.40892124],[74.61910248,15.35619068],[74.54943085,15.4147892],[74.43215179,15.39463139],[74.41734314,15.47319031],[74.28375244,15.51945019],[74.2563324,15.48952007],[74.34165192,15.2929306],[74.25752258,15.25762939],[74.32190704,15.18406963],[74.30233765,15.03985977],[74.21183777,14.9214201],[74.18036652,14.95304966],[74.0973587,14.89565945],[74.09541321,14.79875088],[74.26654053,14.71485996],[74.3095932,14.52069092],[74.37763977,14.57236195],[74.35375977,14.5029211],[74.50152588,14.02264118],[74.58430481,13.92347431]]]},"properties":{"GID_0":"IND","NAME_0":"India","GID_1":"IND.16_1","NAME_1":"Karnataka","NL_NAME_1":"","GID_2":"IND.16.29_1","NAME_2":"Uttara Kannada","VARNAME_2":"","NL_NAME_2":"","TYPE_2":"District","ENGTYPE_2":"District","CC_2":"","HASC_2":"IN.KA.UK"}},
{"type":"Feature","geometry":{"type":"Polygon","coordinates":[[[76.32792664,16.18787956],[76.84526825,16.42999268],[76.97976685,16.55735016],[77.01107025,16.49752045],[77.28466034,16.40299988],[77.23886108,16.47290993],[77.36628723,16.48410988],[77.41532135,16.5178299],[77.39144135,16.56520081],[77.46417236,16.58420944],[77.46939087,16.64691162],[77.41684723,16.65475082],[77.46504211,16.67828178],[77.42341614,16.71453094],[77.45223999,16.88159943],[77.23964691,16.93848991],[77.09057617,16.90224075],[77.06260681,16.95084953],[77.03853607,16.86540985],[76.97833252,16.85775948],[76.99494934,16.80799103],[76.90909576,16.81428909],[76.86841583,16.89372063],[76.75923157,16.83998108],[76.73396301,16.75506973],[76.67864227,16.77991295],[76.65606689,16.70872116],[76.60186005,16.76301003],[76.45918274,16.70741081],[76.40374756,16.64496994],[76.43575287,16.43190765],[76.30930328,16.39178085],[76.32792664,16.18787956]]]},"properties":{"GID_0":"IND","NAME_0":"India","GID_1":"IND.16_1","NAME_1":"Karnataka","NL_NAME_1":"","GID_2":"IND.16.30_1","NAME_2":"Yadgir","VARNAME_2":"","NL_NAME_2":"","TYPE_2":"District","ENGTYPE_2":"District","CC_2":"","HASC_2":"IN.KA.YD"}},
{"type":"Feature","geometry":{"type":"Polygon","coordinates":[[[76.46389771,9.52819538],[76.35708618,9.52541637],[76.37069702,9.82014275],[76.32068634,9.87125015],[76.34764099,9.7118063],[76.29763794,9.88958263],[76.28541565,9.84460926],[76.27086639,9.82347298],[76.33791351,9.41597176],[76.46125031,9.13958359],[76.42263794,9.24569321],[76.49041748,9.17014027],[76.4723587,9.1147089],[76.64102173,9.14179039],[76.67907715,9.28684998],[76.55876923,9.34620953],[76.46633148,9.31875992],[76.50183868,9.39314175],[76.46389771,9.52819538]]]},"properties":{"GID_0":"IND","NAME_0":"India","GID_1":"IND.17_1","NAME_1":"Kerala","NL_NAME_1":"","GID_2":"IND.17.1_1","NAME_2":"Alappuzha","VARNAME_2":"Alleppey","NL_NAME_2":"","TYPE_2":"District","ENGTYPE_2":"District","CC_2":"","HASC_2":"IN.KL.AL"}},
{"type":"Feature","geometry":{"type":"MultiPolygon","coordinates":[[[[76.27086639,9.82347298],[76.28541565,9.84460926],[76.24318695,9.96903038],[76.27086639,9.82347298]]],[[[76.62010956,9.84818077],[76.69792938,9.97959995],[76.82726288,10.01587868],[76.6312027,10.15386963],[76.67714691,10.25949192],[76.40660858,10.28855991],[76.30375671,10.17365932],[76.17736053,10.18355083],[76.22402954,9.97707939],[76.20569611,10.14708233],[76.39319611,9.82111073],[76.49774933,9.84402084],[76.5359726,9.79256058],[76.62010956,9.84818077]]]]},"properties":{"GID_0":"IND","NAME_0":"India","GID_1":"IND.17_1","NAME_1":"Kerala","NL_NAME_1":"","GID_2":"IND.17.2_1","NAME_2":"Ernakulam","VARNAME_2":"","NL_NAME_2":"","TYPE_2":"District","ENGTYPE_2":"District","CC_2":"","HASC_2":"IN.KL.ER"}},
{"type":"Feature","geometry":{"type":"Polygon","coordinates":[[[77.3867569,9.51673985],[77.34089661,9.59505081],[77.25501251,9.564991],[77.15187073,9.60601997],[77.2614212,9.96372128],[77.18814087,10.09565163],[77.25327301,10.11140919],[77.27482605,10.22054958],[77.22216034,10.34030056],[77.08170319,10.29965019],[76.97078705,10.20865059],[76.89182281,10.24308014],[76.67714691,10.25949192],[76.6312027,10.15386963],[76.82726288,10.01587868],[76.69792938,9.97959995],[76.62010956,9.84818077],[76.87384796,9.70853138],[76.92253113,9.61151123],[76.88028717,9.6176424],[76.8753891,9.52885056],[76.97041321,9.47661972],[76.92529297,9.42158985],[77.05233002,9.40799999],[77.03536224,9.4479599],[77.12626648,9.48066139],[77.20852661,9.4238224],[77.21099091,9.28717136],[77.26760864,9.26239967],[77.3241272,9.40818024],[77.3867569,9.51673985]]]},"properties":{"GID_0":"IND","NAME_0":"India","GID_1":"IND.17_1","NAME_1":"Kerala","NL_NAME_1":"","GID_2":"IND.17.3_1","NAME_2":"Idukki","VARNAME_2":"Idikki","NL_NAME_2":"","TYPE_2":"District","ENGTYPE_2":"District","CC_2":"","HASC_2":"IN.KL.ID"}},
{"type":"Feature","geometry":{"type":"Polygon","coordinates":[[[75.3116684,12.04930592],[75.33319092,12.01014137],[75.29873657,12.00347042],[75.26819611,12.02347183],[75.26597595,12.00597095],[75.27902985,12.00208473],[75.3079071,11.95236111],[75.35708618,11.93125057],[75.37374878,11.95736122],[75.40013885,11.91763973],[75.30319214,11.94708538],[75.31819153,11.90541744],[75.45986176,11.7654171],[75.49986267,11.79847431],[75.47207642,11.76375961],[75.53013611,11.70294094],[75.56948853,11.66924191],[75.68982697,11.79195118],[75.77218628,11.79194164],[75.8025589,11.84875107],[75.92124939,11.8338213],[75.92518616,11.93287182],[75.82697296,11.97797108],[75.79534912,12.07423115],[75.66242981,12.0911808],[75.48272705,12.28618145],[75.41912842,12.28639984],[75.17217255,12.18671989],[75.18815613,12.13097191],[75.22042084,12.06847095],[75.18152618,12.04819202],[75.23069763,12.02414036],[75.22306061,12.10484028],[75.39982605,12.14050102],[75.30906677,12.10266113],[75.3116684,12.04930592]]]},"properties":{"GID_0":"IND","NAME_0":"India","GID_1":"IND.17_1","NAME_1":"Kerala","NL_NAME_1":"","GID_2":"IND.17.4_1","NAME_2":"Kannur","VARNAME_2":"Cannanore","NL_NAME_2":"","TYPE_2":"District","ENGTYPE_2":"District","CC_2":"","HASC_2":"IN.KL.KN"}},
{"type":"Feature","geometry":{"type":"Polygon","coordinates":[[[75.18815613,12.13097191],[75.17217255,12.18671989],[75.41912842,12.28639984],[75.36560059,12.4070406],[75.41448975,12.49671173],[75.33676147,12.45778179],[75.2709198,12.55354023],[75.32785797,12.58518124],[75.27672577,12.61166],[75.22290039,12.56264019],[75.1506424,12.67634201],[75.04780579,12.66008854],[75.04966736,12.71469975],[74.98477936,12.72988129],[75.00527954,12.78549194],[74.86708069,12.75445175],[75.18180847,12.09514046],[75.18815613,12.13097191]]]},"properties":{"GID_0":"IND","NAME_0":"India","GID_1":"IND.17_1","NAME_1":"Kerala","NL_NAME_1":"","GID_2":"IND.17.5_1","NAME_2":"Kasaragod","VARNAME_2":"","NL_NAME_2":"","TYPE_2":"District","ENGTYPE_2":"District","CC_2":"","HASC_2":"IN.KL.KS"}},
{"type":"Feature","geometry":{"type":"Polygon","coordinates":[[[76.67662811,8.77569485],[76.77599335,8.80070972],[76.76854706,8.85227108],[76.91777802,8.75290966],[77.012146,8.76588058],[77.02748871,8.83642006],[77.18300629,8.76111031],[77.24704742,8.83187962],[77.13424683,8.99997997],[77.19148254,9.06195164],[76.91471863,9.16364002],[76.93756104,9.11095142],[76.74352264,9.06560993],[76.64505005,9.08629131],[76.64102173,9.14179039],[76.4723587,9.1147089],[76.54624939,8.90235996],[76.67662811,8.77569485]]]},"properties":{"GID_0":"IND","NAME_0":"India","GID_1":"IND.17_1","NAME_1":"Kerala","NL_NAME_1":"","GID_2":"IND.17.6_1","NAME_2":"Kollam","VARNAME_2":"Quilon","NL_NAME_2":"","TYPE_2":"District","ENGTYPE_2":"District","CC_2":"","HASC_2":"IN.KL.KL"}},
{"type":"Feature","geometry":{"type":"Polygon","coordinates":[[[76.50183868,9.39314175],[76.63993835,9.47280025],[76.92529297,9.42158985],[76.97041321,9.47661972],[76.8753891,9.52885056],[76.88028717,9.6176424],[76.92253113,9.61151123],[76.87384796,9.70853138],[76.62010956,9.84818077],[76.5359726,9.79256058],[76.49774933,9.84402084],[76.39319611,9.82111073],[76.3915329,9.82118225],[76.38239288,9.82431126],[76.41792297,9.5595808],[76.50208282,9.53097343],[76.46389771,9.52819538],[76.50183868,9.39314175]]]},"properties":{"GID_0":"IND","NAME_0":"India","GID_1":"IND.17_1","NAME_1":"Kerala","NL_NAME_1":"","GID_2":"IND.17.7_1","NAME_2":"Kottayam","VARNAME_2":"","NL_NAME_2":"","TYPE_2":"District","ENGTYPE_2":"District","CC_2":"","HASC_2":"IN.KL.KT"}},
{"type":"Feature","geometry":{"type":"Polygon","coordinates":[[[75.84964752,11.14319229],[75.89581299,11.23744106],[76.1085968,11.31089973],[76.13533783,11.44271183],[75.90216064,11.59653091],[75.91033173,11.68186188],[75.77218628,11.79194164],[75.68982697,11.79195118],[75.56948853,11.66924191],[75.53013611,11.70294094],[75.61736298,11.47708321],[75.68597412,11.44347095],[75.84964752,11.14319229]]]},"properties":{"GID_0":"IND","NAME_0":"India","GID_1":"IND.17_1","NAME_1":"Kerala","NL_NAME_1":"","GID_2":"IND.17.8_1","NAME_2":"Kozhikode","VARNAME_2":"Calicut","NL_NAME_2":"","TYPE_2":"District","ENGTYPE_2":"District","CC_2":"","HASC_2":"IN.KL.KZ"}},
{"type":"Feature","geometry":{"type":"Polygon","coordinates":[[[76.06149292,10.72084999],[76.03318787,10.83708191],[76.15496826,10.90668201],[76.32386017,10.89852047],[76.36165619,10.98909092],[76.27822113,11.02992153],[76.40402985,11.10727978],[76.43802643,11.19454956],[76.53820038,11.35159016],[76.24009705,11.45964146],[76.23320007,11.51867962],[76.13533783,11.44271183],[76.1085968,11.31089973],[75.89581299,11.23744106],[75.84964752,11.14319229],[75.95707703,10.68389034],[76.06149292,10.72084999]]]},"properties":{"GID_0":"IND","NAME_0":"India","GID_1":"IND.17_1","NAME_1":"Kerala","NL_NAME_1":"","GID_2":"IND.17.9_1","NAME_2":"Malappuram","VARNAME_2":"","NL_NAME_2":"","TYPE_2":"District","ENGTYPE_2":"District","CC_2":"","HASC_2":"IN.KL.MA"}},
{"type":"Feature","geometry":{"type":"Polygon","coordinates":[[[76.82676697,10.33026123],[76.80499268,10.62634087],[76.87261963,10.62943172],[76.89750671,10.77079964],[76.81755829,10.86180115],[76.64916229,10.92415237],[76.70652008,11.03135109],[76.79342651,11.04701138],[76.73709869,11.04751015],[76.69696808,11.23133087],[76.62303925,11.18567085],[76.43802643,11.19454956],[76.40402985,11.10727978],[76.27822113,11.02992153],[76.36165619,10.98909092],[76.32386017,10.89852047],[76.15496826,10.90668201],[76.03318787,10.83708191],[76.06149292,10.72084999],[76.15438843,10.69791985],[76.18305969,10.77674198],[76.46077728,10.74419117],[76.39389801,10.58694172],[76.42443848,10.52482033],[76.6190567,10.36821079],[76.82676697,10.33026123]]]},"properties":{"GID_0":"IND","NAME_0":"India","GID_1":"IND.17_1","NAME_1":"Kerala","NL_NAME_1":"","GID_2":"IND.17.10_1","NAME_2":"Palakkad","VARNAME_2":"Palghat","NL_NAME_2":"","TYPE_2":"District","ENGTYPE_2":"District","CC_2":"","HASC_2":"IN.KL.PL"}},
{"type":"Feature","geometry":{"type":"Polygon","coordinates":[[[76.64102173,9.14179039],[76.64505005,9.08629131],[76.74352264,9.06560993],[76.93756104,9.11095142],[76.91471863,9.16364002],[77.19148254,9.06195164],[77.26760864,9.26239967],[77.21099091,9.28717136],[77.20852661,9.4238224],[77.12626648,9.48066139],[77.03536224,9.4479599],[77.05233002,9.40799999],[76.92529297,9.42158985],[76.63993835,9.47280025],[76.50183868,9.39314175],[76.46633148,9.31875992],[76.55876923,9.34620953],[76.67907715,9.28684998],[76.64102173,9.14179039]]]},"properties":{"GID_0":"IND","NAME_0":"India","GID_1":"IND.17_1","NAME_1":"Kerala","NL_NAME_1":"","GID_2":"IND.17.11_1","NAME_2":"Pathanamthitta","VARNAME_2":"","NL_NAME_2":"","TYPE_2":"District","ENGTYPE_2":"District","CC_2":"","HASC_2":"IN.KL.PT"}},
{"type":"Feature","geometry":{"type":"Polygon","coordinates":[[[76.67662811,8.77569485],[77.09069824,8.29747009],[77.15965271,8.31250095],[77.13481903,8.37852955],[77.25152588,8.57098961],[77.16172791,8.71516132],[77.18300629,8.76111031],[77.02748871,8.83642006],[77.012146,8.76588058],[76.91777802,8.75290966],[76.76854706,8.85227108],[76.77599335,8.80070972],[76.67662811,8.77569485]]]},"properties":{"GID_0":"IND","NAME_0":"India","GID_1":"IND.17_1","NAME_1":"Kerala","NL_NAME_1":"","GID_2":"IND.17.12_1","NAME_2":"Thiruvananthapuram","VARNAME_2":"Trivandrum","NL_NAME_2":"","TYPE_2":"District","ENGTYPE_2":"District","CC_2":"","HASC_2":"IN.KL.TV"}},
{"type":"Feature","geometry":{"type":"Polygon","coordinates":[[[76.17736053,10.18355083],[76.30375671,10.17365932],[76.40660858,10.28855991],[76.67714691,10.25949192],[76.89182281,10.24308014],[76.82676697,10.33026123],[76.6190567,10.36821079],[76.42443848,10.52482033],[76.39389801,10.58694172],[76.46077728,10.74419117],[76.18305969,10.77674198],[76.15438843,10.69791985],[76.06149292,10.72084999],[75.95707703,10.68389034],[76.03624725,10.51014042],[76.04152679,10.57542133],[76.06764221,10.54458427],[76.03986359,10.50541687],[76.17736053,10.18355083]]]},"properties":{"GID_0":"IND","NAME_0":"India","GID_1":"IND.17_1","NAME_1":"Kerala","NL_NAME_1":"","GID_2":"IND.17.13_1","NAME_2":"Thrissur","VARNAME_2":"Trichur","NL_NAME_2":"","TYPE_2":"District","ENGTYPE_2":"District","CC_2":"","HASC_2":"IN.KL.TS"}},
{"type":"Feature","geometry":{"type":"Polygon","coordinates":[[[76.23320007,11.51867962],[76.22574615,11.56443977],[76.35011292,11.58274174],[76.42346191,11.65932083],[76.4076767,11.75333118],[76.3349762,11.73062992],[76.18403625,11.8637619],[76.11653137,11.84304047],[76.10791016,11.97063923],[75.92518616,11.93287182],[75.92124939,11.8338213],[75.8025589,11.84875107],[75.77218628,11.79194164],[75.91033173,11.68186188],[75.90216064,11.59653091],[76.13533783,11.44271183],[76.23320007,11.51867962]]]},"properties":{"GID_0":"IND","NAME_0":"India","GID_1":"IND.17_1","NAME_1":"Kerala","NL_NAME_1":"","GID_2":"IND.17.14_1","NAME_2":"Wayanad","VARNAME_2":"Wynaad|Wynad","NL_NAME_2":"","TYPE_2":"District","ENGTYPE_2":"District","CC_2":"","HASC_2":"IN.KL.WA"}},
{"type":"Feature","geometry":null,"properties":{"GID_0":"IND","NAME_0":"India","GID_1":"IND.18_1","NAME_1":"Lakshadweep","NL_NAME_1":"","GID_2":"IND.18.1_1","NAME_2":"Lakshadweep","VARNAME_2":"","NL_NAME_2":"","TYPE_2":"District","ENGTYPE_2":"District","CC_2":"","HASC_2":"IN.LD.LD"}},
{"type":"Feature","geometry":{"type":"Polygon","coordinates":[[[76.15849304,23.56775093],[76.23201752,23.57405281],[76.1996994,23.70700073],[76.40934753,23.71993065],[76.2527771,23.98522758],[76.26790619,24.05264091],[76.2128067,24.0593605],[76.21556854,24.21680832],[76.18548584,24.33151054],[76.13469696,24.09528923],[75.96018219,24.02536964],[75.98092651,23.94301987],[75.93180847,23.90193939],[75.77706146,23.85387039],[75.70233154,23.90405083],[75.68447876,23.76056862],[75.68947601,23.75086975],[75.84317017,23.73341942],[75.81009674,23.66242981],[75.87652588,23.56225014],[76.15849304,23.56775093]]]},"properties":{"GID_0":"IND","NAME_0":"India","GID_1":"IND.19_1","NAME_1":"Madhya Pradesh","NL_NAME_1":"","GID_2":"IND.19.1_1","NAME_2":"Agar Malwa","VARNAME_2":"","NL_NAME_2":"","TYPE_2":"District","ENGTYPE_2":"District","CC_2":"","HASC_2":""}},
{"type":"Feature","geometry":{"type":"Polygon","coordinates":[[[74.50608063,22.04644966],[74.51596832,22.22136116],[74.65416718,22.27952957],[74.62541199,22.34773064],[74.748703,22.43674088],[74.70981598,22.47966957],[74.74606323,22.56112289],[74.66197205,22.60553169],[74.60279846,22.54236031],[74.51008606,22.58106041],[74.47278595,22.53047943],[74.38108826,22.63863945],[74.26535797,22.6448307],[74.15332031,22.51741982],[74.06674957,22.55089951],[74.03708649,22.49151039],[74.08526611,22.50851822],[74.11051941,22.42921066],[74.19082642,22.47788048],[74.29418182,22.39446831],[74.19106293,22.32192993],[74.07198334,22.36024094],[74.07578278,22.22187805],[74.18070984,22.08660126],[74.09770203,22.01545906],[74.14601898,21.9540596],[74.289711,21.93579102],[74.43554688,22.03099823],[74.50608063,22.04644966]]]},"properties":{"GID_0":"IND","NAME_0":"India","GID_1":"IND.19_1","NAME_1":"Madhya Pradesh","NL_NAME_1":"","GID_2":"IND.19.2_1","NAME_2":"Alirajpur","VARNAME_2":"","NL_NAME_2":"","TYPE_2":"District","ENGTYPE_2":"District","CC_2":"","HASC_2":"IN.MP.AR"}},
{"type":"Feature","geometry":{"type":"Polygon","coordinates":[[[81.78592682,22.87708092],[81.94024658,22.95709038],[81.93810272,23.07781029],[82.11588287,23.10379982],[82.18750763,23.32222939],[81.97360992,23.41759109],[81.86882782,23.29833984],[81.81281281,23.308321],[81.87567902,23.23970032],[81.56215668,23.21401978],[81.58981323,23.17146111],[81.53109741,23.11857986],[81.60972595,23.06406021],[81.54953003,23.02223015],[81.64058685,23.01365089],[81.78592682,22.87708092]]]},"properties":{"GID_0":"IND","NAME_0":"India","GID_1":"IND.19_1","NAME_1":"Madhya Pradesh","NL_NAME_1":"","GID_2":"IND.19.3_1","NAME_2":"Anuppur","VARNAME_2":"","NL_NAME_2":"","TYPE_2":"District","ENGTYPE_2":"District","CC_2":"","HASC_2":"IN.MP.AP"}},
{"type":"Feature","geometry":{"type":"Polygon","coordinates":[[[78.26074982,24.45393944],[78.21653748,24.53164291],[78.26799774,24.66959953],[78.16532898,24.84817123],[77.96766663,24.84983063],[78.01074982,24.95801926],[77.87914276,25.01113129],[77.82013702,25.00453949],[77.7298584,24.86287117],[77.58238983,24.96772003],[77.55726624,24.87597275],[77.47129059,24.43740082],[77.58612823,24.37873077],[77.73036957,24.43357086],[77.61457062,24.35244942],[77.64372253,24.31967926],[77.88594055,24.3196106],[77.93654633,24.23571968],[78.02461243,24.2934494],[78.06665802,24.26076126],[78.26074982,24.45393944]]]},"properties":{"GID_0":"IND","NAME_0":"India","GID_1":"IND.19_1","NAME_1":"Madhya Pradesh","NL_NAME_1":"","GID_2":"IND.19.4_1","NAME_2":"Ashoknagar","VARNAME_2":"","NL_NAME_2":"","TYPE_2":"District","ENGTYPE_2":"District","CC_2":"","HASC_2":"IN.MP.AN"}},
{"type":"Feature","geometry":{"type":"Polygon","coordinates":[[[80.37532806,21.49114037],[80.40444183,21.37581062],[80.48549652,21.39763832],[80.65653229,21.3307724],[80.73021698,21.47205162],[80.71852875,21.71186066],[80.811203,21.74749184],[80.83709717,21.83176041],[80.8184433,21.95679092],[80.9108429,22.1191597],[80.99916077,22.06150055],[80.97175598,22.12148094],[81.04043579,22.24057007],[80.87404633,22.3348484],[80.88518524,22.34970284],[80.88539124,22.34997177],[80.78952026,22.39648247],[80.69921875,22.20453072],[80.49996185,22.2755928],[80.41145325,22.24648094],[80.31871796,22.34585953],[80.22941589,22.30185127],[80.09361267,22.3415699],[80.02842712,22.18283081],[80.06344604,22.07740974],[79.92295837,22.0629425],[79.91761017,21.97157097],[79.83235931,21.93989944],[79.86464691,21.89974022],[79.68615723,21.80029106],[79.6680069,21.6955204],[79.59506226,21.70889282],[79.50582123,21.59028053],[79.53662109,21.54421806],[79.73262024,21.60252953],[79.91581726,21.52448082],[80.20040131,21.63470078],[80.37532806,21.49114037]]]},"properties":{"GID_0":"IND","NAME_0":"India","GID_1":"IND.19_1","NAME_1":"Madhya Pradesh","NL_NAME_1":"","GID_2":"IND.19.5_1","NAME_2":"Balaghat","VARNAME_2":"","NL_NAME_2":"","TYPE_2":"District","ENGTYPE_2":"District","CC_2":"","HASC_2":"IN.MP.BL"}},
{"type":"Feature","geometry":{"type":"Polygon","coordinates":[[[75.6194458,21.39346123],[75.6089859,21.46220016],[75.46726227,21.5188694],[75.50567627,21.61655045],[75.44127655,21.67827034],[75.29792786,21.63659096],[75.21219635,21.71152115],[75.28286743,21.74414063],[75.28682709,21.91753006],[75.33796692,21.91411972],[75.45787811,22.06501961],[75.32002258,22.13634109],[74.50608063,22.04644966],[74.43554688,22.03099823],[74.52749634,21.90878105],[74.51288605,21.72326088],[74.77501678,21.61553955],[74.89904785,21.63086128],[75.05356598,21.56719017],[75.2074585,21.41584015],[75.6194458,21.39346123]]]},"properties":{"GID_0":"IND","NAME_0":"India","GID_1":"IND.19_1","NAME_1":"Madhya Pradesh","NL_NAME_1":"","GID_2":"IND.19.6_1","NAME_2":"Barwani","VARNAME_2":"","NL_NAME_2":"","TYPE_2":"District","ENGTYPE_2":"District","CC_2":"","HASC_2":"IN.MP.BR"}},
{"type":"Feature","geometry":{"type":"Polygon","coordinates":[[[77.0620575,21.71504974],[77.20742035,21.69400978],[77.27997589,21.76126289],[77.47776794,21.77022171],[77.6071167,21.54277039],[77.41880035,21.52083969],[77.4870224,21.3777504],[77.58444214,21.36447906],[77.93878174,21.38690948],[78.16934204,21.49850082],[78.18094635,21.55868149],[78.33677673,21.59052086],[78.54164124,21.86897087],[78.46495819,21.96281815],[78.38519287,21.92855072],[78.34018707,22.11258125],[78.27339172,22.09362984],[78.26832581,22.40480995],[77.87135315,22.28259087],[77.85253143,22.35864067],[77.64640808,22.30912971],[77.54331207,22.35934067],[77.43974304,22.22184181],[77.35292816,22.25206947],[77.46292114,22.16999817],[77.49472046,22.03615952],[77.21592712,21.9078598],[77.15995789,21.85917091],[77.19464111,21.7911396],[77.09770966,21.78870964],[77.0620575,21.71504974]]]},"properties":{"GID_0":"IND","NAME_0":"India","GID_1":"IND.19_1","NAME_1":"Madhya Pradesh","NL_NAME_1":"","GID_2":"IND.19.7_1","NAME_2":"Betul","VARNAME_2":"","NL_NAME_2":"","TYPE_2":"District","ENGTYPE_2":"District","CC_2":"","HASC_2":"IN.MP.BE"}},
{"type":"Feature","geometry":{"type":"Polygon","coordinates":[[[78.92742157,25.95549965],[79.00437927,26.09008026],[78.94267273,26.13914108],[79.12658691,26.3160305],[79.07675934,26.3660202],[79.12676239,26.44481087],[79.06433868,26.4868412],[78.97962189,26.57407951],[78.99732208,26.68099022],[78.93791199,26.66269112],[78.77070618,26.76419067],[78.53504944,26.77166176],[78.52107239,26.68148041],[78.45435333,26.67720985],[78.4108963,26.59509277],[78.33040619,26.55060005],[78.29276276,26.59678078],[78.20742798,26.53447914],[78.2815094,26.44431114],[78.25641632,26.34334183],[78.41072083,26.33712006],[78.53872681,26.19740105],[78.60787201,26.22426033],[78.62124634,26.16238976],[78.8136673,26.29043961],[78.83677673,26.11491013],[78.76641846,26.02236176],[78.87638092,25.91566086],[78.92742157,25.95549965]]]},"properties":{"GID_0":"IND","NAME_0":"India","GID_1":"IND.19_1","NAME_1":"Madhya Pradesh","NL_NAME_1":"","GID_2":"IND.19.8_1","NAME_2":"Bhind","VARNAME_2":"","NL_NAME_2":"","TYPE_2":"District","ENGTYPE_2":"District","CC_2":"","HASC_2":"IN.MP.BD"}},
{"type":"Feature","geometry":{"type":"Polygon","coordinates":[[[77.37937927,23.09308052],[77.50193787,23.10990906],[77.58273315,23.19186974],[77.62520599,23.35223961],[77.48787689,23.43111992],[77.51747131,23.52163124],[77.50456238,23.5800209],[77.6451416,23.72217941],[77.45287323,23.76929283],[77.31413269,23.89809036],[77.22319794,23.9001503],[77.16587067,23.69078064],[77.29413605,23.58621979],[77.29424286,23.43555069],[77.22332001,23.33209991],[77.18327332,23.36051941],[77.18567657,23.23800087],[77.28262329,23.1057682],[77.37937927,23.09308052]]]},"properties":{"GID_0":"IND","NAME_0":"India","GID_1":"IND.19_1","NAME_1":"Madhya Pradesh","NL_NAME_1":"","GID_2":"IND.19.9_1","NAME_2":"Bhopal","VARNAME_2":"","NL_NAME_2":"","TYPE_2":"District","ENGTYPE_2":"District","CC_2":"","HASC_2":"IN.MP.BP"}},
{"type":"Feature","geometry":{"type":"Polygon","coordinates":[[[76.66107178,21.28242111],[76.62452698,21.33510017],[76.78418732,21.46648979],[76.78024292,21.56246758],[76.07878876,21.57455826],[75.95376587,21.54700089],[75.94831848,21.48328018],[76.01228333,21.46964264],[75.99160767,21.3760891],[76.09867096,21.37392807],[76.16864777,21.08582115],[76.38275909,21.07956123],[76.48737335,21.19606018],[76.62336731,21.19265938],[76.66107178,21.28242111]]]},"properties":{"GID_0":"IND","NAME_0":"India","GID_1":"IND.19_1","NAME_1":"Madhya Pradesh","NL_NAME_1":"","GID_2":"IND.19.10_1","NAME_2":"Burhanpur","VARNAME_2":"","NL_NAME_2":"","TYPE_2":"District","ENGTYPE_2":"District","CC_2":"","HASC_2":"IN.MP.BU"}},
{"type":"Feature","geometry":{"type":"Polygon","coordinates":[[[79.79006958,24.376791],[79.87618256,24.37818909],[79.89540863,24.57714081],[79.83701324,24.60102081],[79.88091278,24.6896801],[79.95220947,24.66072083],[80.08525085,24.82756042],[80.02744293,24.92597961],[80.26693726,25.03024292],[80.42256927,25.17221069],[80.39906311,25.24296951],[80.30404663,25.28889275],[80.27372742,25.42503929],[80.09609222,25.35157967],[79.84713745,25.24020004],[79.855896,25.09850121],[79.5978775,25.13143158],[79.56552124,25.17755127],[79.48987579,25.08275032],[79.38006592,25.15372086],[79.49040222,25.2703495],[79.35829926,25.26351929],[79.34458923,25.33444977],[79.27651978,25.32703018],[79.26196289,25.26773071],[79.3445282,25.26429939],[79.3325882,25.20083046],[79.27359772,25.24811935],[79.31388855,25.15096092],[79.29646301,24.68913841],[79.18596649,24.61676979],[79.05973053,24.62746048],[78.981987,24.44724083],[78.9868927,24.42324066],[79.04162598,24.37225151],[79.16091156,24.43412018],[79.23735046,24.41505051],[79.20938873,24.33526993],[79.14414978,24.40919113],[79.16725159,24.2834816],[79.04032135,24.22487068],[79.13922882,24.1049099],[79.37245941,24.20247078],[79.43325806,24.41604042],[79.55544281,24.39215088],[79.56394196,24.44960022],[79.61960602,24.3796196],[79.74447632,24.41879082],[79.79006958,24.376791]]]},"properties":{"GID_0":"IND","NAME_0":"India","GID_1":"IND.19_1","NAME_1":"Madhya Pradesh","NL_NAME_1":"","GID_2":"IND.19.11_1","NAME_2":"Chhatarpur","VARNAME_2":"Chhatapur|Chatarpur","NL_NAME_2":"","TYPE_2":"District","ENGTYPE_2":"District","CC_2":"","HASC_2":"IN.MP.CT"}},
{"type":"Feature","geometry":{"type":"Polygon","coordinates":[[[79.22808075,21.72191048],[79.40270996,22.0418911],[79.31978607,22.22627068],[79.35771179,22.26544189],[79.28095245,22.31648254],[79.34790802,22.35147095],[79.27929688,22.37730026],[79.32923889,22.44496918],[79.1937027,22.45013809],[79.33904266,22.48779106],[79.36812592,22.60140991],[79.31949615,22.61791039],[79.2233963,22.81763268],[79.01119995,22.74212265],[78.98838806,22.62078094],[78.84295654,22.68696976],[78.73594666,22.62654114],[78.67434692,22.70219994],[78.50048065,22.65275002],[78.55612946,22.42583084],[78.45610809,22.38253975],[78.26832581,22.40480995],[78.27339172,22.09362984],[78.34018707,22.11258125],[78.38519287,21.92855072],[78.46495819,21.96281815],[78.54164124,21.86897087],[78.33677673,21.59052086],[78.42256165,21.60194969],[78.43009949,21.50175095],[78.93183136,21.48740005],[78.91323853,21.59235954],[79.21990204,21.65081024],[79.22808075,21.72191048]]]},"properties":{"GID_0":"IND","NAME_0":"India","GID_1":"IND.19_1","NAME_1":"Madhya Pradesh","NL_NAME_1":"","GID_2":"IND.19.12_1","NAME_2":"Chhindwara","VARNAME_2":"","NL_NAME_2":"","TYPE_2":"District","ENGTYPE_2":"District","CC_2":"","HASC_2":"IN.MP.CN"}},
{"type":"Feature","geometry":{"type":"Polygon","coordinates":[[[79.18334198,23.2231102],[79.30013275,23.23500061],[79.32376099,23.15030098],[79.36564636,23.16707993],[79.79493713,23.4679184],[79.94708252,23.6231308],[79.92967987,23.68093109],[79.82115936,23.70034027],[79.85917664,23.8321209],[79.83825684,24.02527046],[79.73092651,24.06489182],[79.85146332,24.30236053],[79.79006958,24.376791],[79.74447632,24.41879082],[79.61960602,24.3796196],[79.56394196,24.44960022],[79.55544281,24.39215088],[79.43325806,24.41604042],[79.37245941,24.20247078],[79.13922882,24.1049099],[79.18138123,24.01637077],[79.05193329,23.91899109],[79.24343109,23.82905006],[79.2151413,23.78800964],[79.34541321,23.66044044],[79.29464722,23.64113045],[79.32319641,23.5258503],[79.17639923,23.43408966],[79.22989655,23.34197807],[79.18334198,23.2231102]]]},"properties":{"GID_0":"IND","NAME_0":"India","GID_1":"IND.19_1","NAME_1":"Madhya Pradesh","NL_NAME_1":"","GID_2":"IND.19.13_1","NAME_2":"Damoh","VARNAME_2":"","NL_NAME_2":"","TYPE_2":"District","ENGTYPE_2":"District","CC_2":"","HASC_2":"IN.MP.DM"}},
{"type":"Feature","geometry":{"type":"Polygon","coordinates":[[[78.43707275,25.56435013],[78.80519104,25.6245575],[78.74550629,25.74411964],[78.81124878,25.83012009],[78.86192322,25.79919815],[78.87638092,25.91566086],[78.76641846,26.02236176],[78.83677673,26.11491013],[78.8136673,26.29043961],[78.62124634,26.16238976],[78.6388092,26.0675602],[78.27368164,25.78639984],[78.20915222,25.70458984],[78.30078888,25.70980835],[78.43707275,25.56435013]]]},"properties":{"GID_0":"IND","NAME_0":"India","GID_1":"IND.19_1","NAME_1":"Madhya Pradesh","NL_NAME_1":"","GID_2":"IND.19.14_1","NAME_2":"Datia","VARNAME_2":"","NL_NAME_2":"","TYPE_2":"District","ENGTYPE_2":"District","CC_2":"","HASC_2":"IN.MP.DT"}},
{"type":"Feature","geometry":{"type":"Polygon","coordinates":[[[76.77973938,22.35053062],[76.81414795,22.44930077],[77.12034607,22.56274986],[76.980896,22.88323021],[76.91861725,22.83162117],[76.875,22.89591026],[76.54927826,22.77652168],[76.44377136,22.99162102],[76.44686127,23.09064865],[76.51364136,23.07648087],[76.5357666,23.13243103],[76.37592316,23.23039055],[76.11138153,23.24492264],[76.04621124,23.21140862],[76.1381073,23.19765854],[76.04934692,23.18293762],[76.07544708,23.05264091],[75.94721985,23.32344055],[75.93221283,23.13834953],[75.99040985,23.08189964],[75.89923096,23.00375175],[76.1020813,22.70457077],[76.24389648,22.64683914],[76.08220673,22.60598946],[76.08576965,22.55058098],[76.10418701,22.47384071],[76.23684692,22.39573288],[76.21219635,22.33262062],[76.32083893,22.30161095],[76.50850677,22.41829109],[76.60349274,22.41127968],[76.68371582,22.30522156],[76.77973938,22.35053062]]]},"properties":{"GID_0":"IND","NAME_0":"India","GID_1":"IND.19_1","NAME_1":"Madhya Pradesh","NL_NAME_1":"","GID_2":"IND.19.15_1","NAME_2":"Dewas","VARNAME_2":"","NL_NAME_2":"","TYPE_2":"District","ENGTYPE_2":"District","CC_2":"","HASC_2":"IN.MP.DE"}},
{"type":"Feature","geometry":{"type":"Polygon","coordinates":[[[74.50608063,22.04644966],[75.32002258,22.13634109],[75.51055908,22.1641407],[75.49198151,22.33060074],[75.55911255,22.37780952],[75.55806732,22.51676941],[75.71276855,22.63871956],[75.4957962,22.64759064],[75.43763733,22.87265015],[75.33201599,22.84188271],[75.30445099,23.04554939],[75.349617,23.07229996],[75.24151611,23.13907051],[75.23240662,23.09043121],[75.00981903,23.1138401],[74.98713684,22.86840057],[74.8967514,22.75041008],[74.76840973,22.75267029],[74.79794312,22.65982819],[74.74606323,22.56112289],[74.70981598,22.47966957],[74.748703,22.43674088],[74.62541199,22.34773064],[74.65416718,22.27952957],[74.51596832,22.22136116],[74.50608063,22.04644966]]]},"properties":{"GID_0":"IND","NAME_0":"India","GID_1":"IND.19_1","NAME_1":"Madhya Pradesh","NL_NAME_1":"","GID_2":"IND.19.16_1","NAME_2":"Dhar","VARNAME_2":"","NL_NAME_2":"","TYPE_2":"District","ENGTYPE_2":"District","CC_2":"","HASC_2":"IN.MP.DH"}},
{"type":"Feature","geometry":{"type":"Polygon","coordinates":[[[80.88539124,22.34997177],[80.88518524,22.34970284],[80.87404633,22.3348484],[81.04043579,22.24057007],[81.11384583,22.29438019],[81.10491943,22.43279076],[81.17066193,22.48800087],[81.22355652,22.45160866],[81.32293701,22.52433014],[81.39655304,22.44132042],[81.4798584,22.49331093],[81.61579132,22.53902054],[81.72294617,22.6762104],[81.68489838,22.77910042],[81.46881866,22.75967979],[81.39897156,22.85139084],[81.19174194,22.91438103],[81.25627899,23.07097054],[81.09319305,23.20358086],[80.93450928,23.29074287],[80.75547791,23.22154808],[80.70995331,23.28249931],[80.74980927,23.34612083],[80.56687164,23.35398102],[80.57576752,23.28667068],[80.47289276,23.20021057],[80.5741272,23.1395607],[80.51820374,23.08061409],[80.56826782,22.8686676],[80.72648621,22.85938072],[80.72467041,22.81414032],[80.86473846,22.84996986],[80.86342621,22.75933075],[80.9338913,22.74551964],[80.91750336,22.68221092],[80.99925232,22.63743019],[80.92878723,22.58548927],[80.96848297,22.52120209],[80.86340332,22.43672943],[80.88539124,22.34997177]]]},"properties":{"GID_0":"IND","NAME_0":"India","GID_1":"IND.19_1","NAME_1":"Madhya Pradesh","NL_NAME_1":"","GID_2":"IND.19.17_1","NAME_2":"Dindori","VARNAME_2":"","NL_NAME_2":"","TYPE_2":"District","ENGTYPE_2":"District","CC_2":"","HASC_2":"IN.MP.DI"}},
{"type":"Feature","geometry":{"type":"Polygon","coordinates":[[[76.07878876,21.57455826],[76.78024292,21.56246758],[77.0620575,21.71504974],[77.09770966,21.78870964],[77.19464111,21.7911396],[77.15995789,21.85917091],[77.21592712,21.9078598],[77.13379669,21.99555016],[76.88150024,21.98940086],[76.82563019,22.16447067],[76.89203644,22.30246162],[76.77973938,22.35053062],[76.68371582,22.30522156],[76.60349274,22.41127968],[76.50850677,22.41829109],[76.32083893,22.30161095],[76.21219635,22.33262062],[76.16636658,22.26260185],[76.02320099,22.21700287],[76.16343689,22.20722008],[76.10585022,22.05677032],[76.18322754,22.12470245],[76.23374939,22.07773018],[76.16095734,22.03574944],[76.17022705,21.88809967],[76.1030426,21.85007095],[76.1024704,21.74059105],[76.17436981,21.68873978],[76.07364655,21.66375923],[76.07878876,21.57455826]]]},"properties":{"GID_0":"IND","NAME_0":"India","GID_1":"IND.19_1","NAME_1":"Madhya Pradesh","NL_NAME_1":"","GID_2":"IND.19.18_1","NAME_2":"East Nimar","VARNAME_2":"Khandwa","NL_NAME_2":"","TYPE_2":"District","ENGTYPE_2":"District","CC_2":"","HASC_2":"IN.MP.EN"}},
{"type":"Feature","geometry":{"type":"Polygon","coordinates":[[[77.22319794,23.9001503],[77.31413269,23.89809036],[77.25549316,24.0605011],[77.33970642,24.18740082],[77.349823,24.34790993],[77.43694305,24.24373055],[77.64372253,24.31967926],[77.61457062,24.35244942],[77.73036957,24.43357086],[77.58612823,24.37873077],[77.47129059,24.43740082],[77.55726624,24.87597275],[77.36728668,24.92900848],[77.30285645,25.08386993],[77.16957855,25.11371994],[76.85434723,25.01031113],[76.9489212,24.87286949],[76.80158234,24.81983948],[76.84729767,24.75040054],[76.95173645,24.76546097],[77.0266571,24.71092033],[77.06469727,24.56991005],[76.96016693,24.46022987],[76.91287231,24.54356956],[76.8381958,24.54846954],[76.84117126,24.4428196],[76.84017944,24.33872032],[76.94483185,24.20330048],[76.87758636,24.13492966],[76.9645462,24.05582047],[77.17814636,24.08687973],[77.16031647,23.94984055],[77.22319794,23.9001503]]]},"properties":{"GID_0":"IND","NAME_0":"India","GID_1":"IND.19_1","NAME_1":"Madhya Pradesh","NL_NAME_1":"","GID_2":"IND.19.19_1","NAME_2":"Guna","VARNAME_2":"Goona","NL_NAME_2":"","TYPE_2":"District","ENGTYPE_2":"District","CC_2":"","HASC_2":"IN.MP.GN"}},
{"type":"Feature","geometry":{"type":"Polygon","coordinates":[[[77.67009735,25.9215107],[77.85595703,25.81443024],[77.87180328,25.74372101],[77.99133301,25.77091026],[78.03513336,25.71870995],[78.15158844,25.72417068],[78.27368164,25.78639984],[78.6388092,26.0675602],[78.62124634,26.16238976],[78.60787201,26.22426033],[78.53872681,26.19740105],[78.41072083,26.33712006],[78.25641632,26.34334183],[77.99717712,26.32957077],[77.98612976,26.25005913],[77.85605621,26.22004128],[77.80767059,26.2609005],[77.73692322,26.16897011],[77.76886749,26.05960274],[77.6652832,25.98490906],[77.67009735,25.9215107]]]},"properties":{"GID_0":"IND","NAME_0":"India","GID_1":"IND.19_1","NAME_1":"Madhya Pradesh","NL_NAME_1":"","GID_2":"IND.19.20_1","NAME_2":"Gwalior","VARNAME_2":"Gird, Gird Gwalior","NL_NAME_2":"","TYPE_2":"District","ENGTYPE_2":"District","CC_2":"","HASC_2":"IN.MP.GW"}},
{"type":"Feature","geometry":{"type":"Polygon","coordinates":[[[77.21592712,21.9078598],[77.49472046,22.03615952],[77.46292114,22.16999817],[77.35292816,22.25206947],[77.26220703,22.5452919],[77.20365143,22.57192993],[77.12034607,22.56274986],[76.81414795,22.44930077],[76.77973938,22.35053062],[76.89203644,22.30246162],[76.82563019,22.16447067],[76.88150024,21.98940086],[77.13379669,21.99555016],[77.21592712,21.9078598]]]},"properties":{"GID_0":"IND","NAME_0":"India","GID_1":"IND.19_1","NAME_1":"Madhya Pradesh","NL_NAME_1":"","GID_2":"IND.19.21_1","NAME_2":"Harda","VARNAME_2":"","NL_NAME_2":"","TYPE_2":"District","ENGTYPE_2":"District","CC_2":"","HASC_2":"IN.MP.HA"}},
{"type":"Feature","geometry":{"type":"Polygon","coordinates":[[[77.35292816,22.25206947],[77.43974304,22.22184181],[77.54331207,22.35934067],[77.64640808,22.30912971],[77.85253143,22.35864067],[77.87135315,22.28259087],[78.26832581,22.40480995],[78.45610809,22.38253975],[78.55612946,22.42583084],[78.50048065,22.65275002],[78.67434692,22.70219994],[78.69158173,22.76671028],[78.58464813,22.81880951],[78.56619263,22.95874023],[78.43696594,22.98830032],[78.27545166,22.87170029],[78.19341278,22.8946209],[78.11100769,22.79482079],[78.02436066,22.80602264],[77.95452881,22.81712914],[77.9162674,22.76287079],[77.92080688,22.8488102],[77.86575317,22.82299805],[77.84046173,22.86539078],[77.56772614,22.67270279],[77.32071686,22.56635094],[77.25831604,22.61185074],[77.20365143,22.57192993],[77.26220703,22.5452919],[77.35292816,22.25206947]]]},"properties":{"GID_0":"IND","NAME_0":"India","GID_1":"IND.19_1","NAME_1":"Madhya Pradesh","NL_NAME_1":"","GID_2":"IND.19.22_1","NAME_2":"Hoshangabad","VARNAME_2":"","NL_NAME_2":"","TYPE_2":"District","ENGTYPE_2":"District","CC_2":"","HASC_2":"IN.MP.HO"}},
{"type":"Feature","geometry":{"type":"Polygon","coordinates":[[[76.08576965,22.55058098],[76.08220673,22.60598946],[76.24389648,22.64683914],[76.1020813,22.70457077],[75.89923096,23.00375175],[75.81169891,23.04438019],[75.64173889,23.0092907],[75.6254425,23.09074974],[75.56682587,23.08939934],[75.43763733,22.87265015],[75.4957962,22.64759064],[75.71276855,22.63871956],[75.55806732,22.51676941],[75.55911255,22.37780952],[75.65232849,22.33562279],[75.82704163,22.40829086],[75.90841675,22.38950157],[76.05570984,22.45627022],[76.03002167,22.53194046],[76.08576965,22.55058098]]]},"properties":{"GID_0":"IND","NAME_0":"India","GID_1":"IND.19_1","NAME_1":"Madhya Pradesh","NL_NAME_1":"","GID_2":"IND.19.23_1","NAME_2":"Indore","VARNAME_2":"","NL_NAME_2":"","TYPE_2":"District","ENGTYPE_2":"District","CC_2":"","HASC_2":"IN.MP.IN"}},
{"type":"Feature","geometry":{"type":"Polygon","coordinates":[[[80.53716278,23.39206123],[80.36148834,23.30899048],[80.28585052,23.36292267],[80.16233063,23.30291939],[79.93000793,23.40407753],[79.86654663,23.36628914],[79.79493713,23.4679184],[79.36564636,23.16707993],[79.34512329,23.10806084],[79.51288605,23.14423943],[79.6089859,23.10507011],[79.61650085,22.95726013],[79.7424469,22.91972923],[79.76098633,22.84564018],[79.9573288,22.85469055],[79.98887634,23.0281105],[80.09636688,23.07986069],[80.18044281,23.02491951],[80.18110657,23.13072014],[80.27040863,23.14866066],[80.30282593,23.09873962],[80.40143585,23.17458916],[80.51820374,23.08061409],[80.5741272,23.1395607],[80.47289276,23.20021057],[80.57576752,23.28667068],[80.56687164,23.35398102],[80.53716278,23.39206123]]]},"properties":{"GID_0":"IND","NAME_0":"India","GID_1":"IND.19_1","NAME_1":"Madhya Pradesh","NL_NAME_1":"","GID_2":"IND.19.24_1","NAME_2":"Jabalpur","VARNAME_2":"Jubbulpore","NL_NAME_2":"","TYPE_2":"District","ENGTYPE_2":"District","CC_2":"","HASC_2":"IN.MP.JA"}},
{"type":"Feature","geometry":{"type":"Polygon","coordinates":[[[74.74606323,22.56112289],[74.79794312,22.65982819],[74.76840973,22.75267029],[74.8967514,22.75041008],[74.98713684,22.86840057],[75.00981903,23.1138401],[74.92672729,23.16205978],[74.8038559,23.1375618],[74.7922821,23.24081039],[74.74098206,23.2293396],[74.51228333,23.08883095],[74.39118958,23.11199951],[74.32277679,23.06269073],[74.3620224,22.93309021],[74.45147705,22.92399979],[74.47891998,22.85864067],[74.38108826,22.63863945],[74.47278595,22.53047943],[74.51008606,22.58106041],[74.60279846,22.54236031],[74.66197205,22.60553169],[74.74606323,22.56112289]]]},"properties":{"GID_0":"IND","NAME_0":"India","GID_1":"IND.19_1","NAME_1":"Madhya Pradesh","NL_NAME_1":"","GID_2":"IND.19.25_1","NAME_2":"Jhabua","VARNAME_2":"","NL_NAME_2":"","TYPE_2":"District","ENGTYPE_2":"District","CC_2":"","HASC_2":"IN.MP.JB"}},
{"type":"Feature","geometry":{"type":"Polygon","coordinates":[[[80.53716278,23.39206123],[80.54383087,23.54576111],[80.70294189,23.76342964],[80.81416321,23.67175293],[80.896698,23.68450928],[80.82802582,23.95596123],[80.95056915,24.06919289],[80.86306,24.08341026],[80.7800827,23.97291946],[80.75078583,24.03215027],[80.79505157,24.06745148],[80.70259857,24.07663918],[80.72332001,24.1370697],[80.64382935,24.05202103],[80.52780151,24.07167053],[80.48607635,24.00180054],[80.35028839,23.97011948],[80.31902313,23.91446114],[80.19911194,23.99867058],[80.14290619,23.94383049],[80.0463562,23.99627113],[79.93473053,23.83230972],[79.85917664,23.8321209],[79.82115936,23.70034027],[79.92967987,23.68093109],[79.94708252,23.6231308],[79.79493713,23.4679184],[79.86654663,23.36628914],[79.93000793,23.40407753],[80.16233063,23.30291939],[80.28585052,23.36292267],[80.36148834,23.30899048],[80.53716278,23.39206123]]]},"properties":{"GID_0":"IND","NAME_0":"India","GID_1":"IND.19_1","NAME_1":"Madhya Pradesh","NL_NAME_1":"","GID_2":"IND.19.26_1","NAME_2":"Katni","VARNAME_2":"","NL_NAME_2":"","TYPE_2":"District","ENGTYPE_2":"District","CC_2":"","HASC_2":"IN.MP.KA"}},
{"type":"Feature","geometry":{"type":"Polygon","coordinates":[[[80.09361267,22.3415699],[80.22941589,22.30185127],[80.31871796,22.34585953],[80.41145325,22.24648094],[80.49996185,22.2755928],[80.69921875,22.20453072],[80.78952026,22.39648247],[80.88539124,22.34997177],[80.86340332,22.43672943],[80.96848297,22.52120209],[80.92878723,22.58548927],[80.99925232,22.63743019],[80.91750336,22.68221092],[80.9338913,22.74551964],[80.86342621,22.75933075],[80.86473846,22.84996986],[80.72467041,22.81414032],[80.72648621,22.85938072],[80.56826782,22.8686676],[80.51820374,23.08061409],[80.40143585,23.17458916],[80.30282593,23.09873962],[80.27040863,23.14866066],[80.18110657,23.13072014],[80.18044281,23.02491951],[80.09636688,23.07986069],[79.98887634,23.0281105],[79.9573288,22.85469055],[80.06037903,22.76008034],[80.27584076,22.78470993],[80.19219971,22.60801125],[80.10630798,22.62882042],[79.94738007,22.55861092],[80.025383,22.54418945],[80.09361267,22.3415699]]]},"properties":{"GID_0":"IND","NAME_0":"India","GID_1":"IND.19_1","NAME_1":"Madhya Pradesh","NL_NAME_1":"","GID_2":"IND.19.27_1","NAME_2":"Mandla","VARNAME_2":"","NL_NAME_2":"","TYPE_2":"District","ENGTYPE_2":"District","CC_2":"","HASC_2":"IN.MP.ML"}},
{"type":"Feature","geometry":{"type":"Polygon","coordinates":[[[74.93992615,23.76585007],[75.23361969,23.86522102],[75.34329987,23.80900192],[75.45649719,23.92074013],[75.51438141,24.04873276],[75.58383942,23.99192047],[75.66919708,24.03354263],[75.70040894,23.9690609],[75.83376312,24.07542992],[75.74349213,24.13960075],[75.82688141,24.24641037],[75.72688293,24.40527916],[75.79113007,24.47520256],[75.82900238,24.42251968],[75.89862061,24.44159126],[75.92051697,24.54380989],[75.83544159,24.59756279],[75.83875275,24.72986984],[75.78618622,24.76552963],[75.63400269,24.69115067],[75.54854584,24.71556091],[75.60951996,24.65402031],[75.58999634,24.54133987],[75.42250824,24.35181046],[75.21292114,24.33184242],[75.11325073,24.38321114],[75.04058075,24.34539032],[75.02249908,24.39513016],[74.90405273,24.24587822],[74.99298859,24.02970123],[74.9056778,23.8739109],[74.93992615,23.76585007]]]},"properties":{"GID_0":"IND","NAME_0":"India","GID_1":"IND.19_1","NAME_1":"Madhya Pradesh","NL_NAME_1":"","GID_2":"IND.19.28_1","NAME_2":"Mandsaur","VARNAME_2":"Mandasor","NL_NAME_2":"","TYPE_2":"District","ENGTYPE_2":"District","CC_2":"","HASC_2":"IN.MP.MS"}},
{"type":"Feature","geometry":{"type":"Polygon","coordinates":[[[77.10938263,26.22507286],[77.22717285,26.08538055],[77.39389038,26.15794945],[77.57927704,26.01839066],[77.65582275,26.10484123],[77.60764313,26.03549957],[77.64060211,25.9696312],[77.53116608,25.94589043],[77.64945984,25.91644859],[77.67009735,25.9215107],[77.6652832,25.98490906],[77.76886749,26.05960274],[77.73692322,26.16897011],[77.80767059,26.2609005],[77.85605621,26.22004128],[77.98612976,26.25005913],[77.99717712,26.32957077],[78.25641632,26.34334183],[78.2815094,26.44431114],[78.20742798,26.53447914],[78.29276276,26.59678078],[78.33040619,26.55060005],[78.4108963,26.59509277],[78.45435333,26.67720985],[78.52107239,26.68148041],[78.53504944,26.77166176],[78.35135651,26.87437057],[78.20979309,26.83609009],[78.09983063,26.79700851],[78.08573914,26.68305016],[77.9036026,26.66617966],[77.81299591,26.55480957],[77.36624908,26.37151909],[77.10938263,26.22507286]]]},"properties":{"GID_0":"IND","NAME_0":"India","GID_1":"IND.19_1","NAME_1":"Madhya Pradesh","NL_NAME_1":"","GID_2":"IND.19.29_1","NAME_2":"Morena","VARNAME_2":"Tonwarghar","NL_NAME_2":"","TYPE_2":"District","ENGTYPE_2":"District","CC_2":"","HASC_2":"IN.MP.MO"}},
{"type":"Feature","geometry":{"type":"Polygon","coordinates":[[[79.18334198,23.2231102],[79.10858154,23.17254066],[78.80155182,23.23927116],[78.79055786,23.09523964],[78.43696594,22.98830032],[78.56619263,22.95874023],[78.58464813,22.81880951],[78.69158173,22.76671028],[78.67434692,22.70219994],[78.73594666,22.62654114],[78.84295654,22.68696976],[78.98838806,22.62078094],[79.01119995,22.74212265],[79.2233963,22.81763268],[79.31949615,22.61791039],[79.40688324,22.72442055],[79.5075531,22.72220993],[79.61650085,22.95726013],[79.6089859,23.10507011],[79.51288605,23.14423943],[79.34512329,23.10806084],[79.36564636,23.16707993],[79.32376099,23.15030098],[79.30013275,23.23500061],[79.18334198,23.2231102]]]},"properties":{"GID_0":"IND","NAME_0":"India","GID_1":"IND.19_1","NAME_1":"Madhya Pradesh","NL_NAME_1":"","GID_2":"IND.19.30_1","NAME_2":"Narsimhapur","VARNAME_2":"Narsimhapur","NL_NAME_2":"","TYPE_2":"District","ENGTYPE_2":"District","CC_2":"","HASC_2":"IN.MP.NA"}},
{"type":"Feature","geometry":{"type":"Polygon","coordinates":[[[74.71555328,24.50823975],[74.85813141,24.46733284],[74.75479126,24.27897072],[74.90405273,24.24587822],[75.02249908,24.39513016],[75.04058075,24.34539032],[75.11325073,24.38321114],[75.21292114,24.33184242],[75.42250824,24.35181046],[75.58999634,24.54133987],[75.60951996,24.65402031],[75.54854584,24.71556091],[75.1868515,24.76032066],[75.25154877,24.83221817],[75.20819092,24.90999985],[75.30573273,24.8133297],[75.417099,24.86390114],[75.26145172,24.88965988],[75.27590179,24.97673035],[75.31387329,24.90044022],[75.35061646,25.0248394],[75.19441986,25.03770065],[75.1190567,24.97475243],[75.11886597,24.88903999],[75.04338837,24.85922813],[74.83271027,24.9674511],[74.84889221,24.79265976],[75.00705719,24.79606056],[75.02023315,24.75276756],[74.89285278,24.65534973],[74.79931641,24.79564095],[74.77527618,24.68773079],[74.81710815,24.67167091],[74.71555328,24.50823975]]]},"properties":{"GID_0":"IND","NAME_0":"India","GID_1":"IND.19_1","NAME_1":"Madhya Pradesh","NL_NAME_1":"","GID_2":"IND.19.31_1","NAME_2":"Neemuch","VARNAME_2":"","NL_NAME_2":"","TYPE_2":"District","ENGTYPE_2":"District","CC_2":"","HASC_2":"IN.MP.NE"}},
{"type":"Feature","geometry":{"type":"Polygon","coordinates":[[[79.79006958,24.376791],[79.85146332,24.30236053],[79.73092651,24.06489182],[79.83825684,24.02527046],[79.85917664,23.8321209],[79.93473053,23.83230972],[80.0463562,23.99627113],[80.14290619,23.94383049],[80.19911194,23.99867058],[80.31902313,23.91446114],[80.35028839,23.97011948],[80.43869019,24.09485054],[80.50392914,24.08039093],[80.66956329,24.19605064],[80.61460876,24.18721008],[80.41726685,24.4453392],[80.4645462,24.61469078],[80.36060333,24.69450951],[80.40457153,24.77807999],[80.46784973,24.76028061],[80.6264267,24.86912155],[80.51557922,24.92027092],[80.47553253,24.85741806],[80.46553802,24.97639847],[80.54251862,25.00884056],[80.49420929,25.04532051],[80.44071198,25.0820694],[80.3657608,25.05776024],[80.38218689,25.00974083],[80.26693726,25.03024292],[80.02744293,24.92597961],[80.08525085,24.82756042],[79.95220947,24.66072083],[79.88091278,24.6896801],[79.83701324,24.60102081],[79.89540863,24.57714081],[79.87618256,24.37818909],[79.79006958,24.376791]]]},"properties":{"GID_0":"IND","NAME_0":"India","GID_1":"IND.19_1","NAME_1":"Madhya Pradesh","NL_NAME_1":"","GID_2":"IND.19.32_1","NAME_2":"Panna","VARNAME_2":"","NL_NAME_2":"","TYPE_2":"District","ENGTYPE_2":"District","CC_2":"","HASC_2":"IN.MP.PA"}},
{"type":"Feature","geometry":{"type":"Polygon","coordinates":[[[78.02436066,22.80602264],[78.11100769,22.79482079],[78.19341278,22.8946209],[78.27545166,22.87170029],[78.43696594,22.98830032],[78.79055786,23.09523964],[78.80155182,23.23927116],[78.59429169,23.42663956],[78.72715759,23.58447075],[78.49806213,23.5356884],[78.50776672,23.66117287],[78.46317291,23.64702034],[78.42767334,23.74845123],[78.34047699,23.68349075],[78.422966,23.72302055],[78.39302063,23.63630295],[78.287117,23.67766953],[78.14325714,23.47858047],[77.9957428,23.47005081],[78.05197906,23.3878994],[78.01716614,23.34876251],[77.73008728,23.53852844],[77.62441254,23.55047035],[77.62101746,23.46776962],[77.51747131,23.52163124],[77.48787689,23.43111992],[77.62520599,23.35223961],[77.58273315,23.19186974],[77.50193787,23.10990906],[77.37937927,23.09308052],[77.36293793,23.00113106],[77.53156281,22.85387039],[77.68788147,22.8375206],[77.69548798,22.88652039],[77.96022797,22.96456909],[77.94412994,22.90547943],[78.02918243,22.91109085],[78.02436066,22.80602264]]]},"properties":{"GID_0":"IND","NAME_0":"India","GID_1":"IND.19_1","NAME_1":"Madhya Pradesh","NL_NAME_1":"","GID_2":"IND.19.33_1","NAME_2":"Raisen","VARNAME_2":"","NL_NAME_2":"","TYPE_2":"District","ENGTYPE_2":"District","CC_2":"","HASC_2":"IN.MP.RS"}},
{"type":"Feature","geometry":{"type":"Polygon","coordinates":[[[77.16587067,23.69078064],[77.22319794,23.9001503],[77.16031647,23.94984055],[77.17814636,24.08687973],[76.9645462,24.05582047],[76.87758636,24.13492966],[76.69519043,24.1760006],[76.69296265,24.28504944],[76.53143311,24.16346931],[76.46994781,24.23139954],[76.21556854,24.21680832],[76.2128067,24.0593605],[76.26790619,24.05264091],[76.2527771,23.98522758],[76.40934753,23.71993065],[76.48673248,23.51465988],[76.52778625,23.5764904],[76.79396057,23.45978165],[76.89228058,23.52649117],[76.93524933,23.47589111],[77.04810333,23.48463821],[77.14617157,23.57809067],[77.16587067,23.69078064]]]},"properties":{"GID_0":"IND","NAME_0":"India","GID_1":"IND.19_1","NAME_1":"Madhya Pradesh","NL_NAME_1":"","GID_2":"IND.19.34_1","NAME_2":"Rajgarh","VARNAME_2":"","NL_NAME_2":"","TYPE_2":"District","ENGTYPE_2":"District","CC_2":"","HASC_2":"IN.MP.RG"}},
{"type":"Feature","geometry":{"type":"Polygon","coordinates":[[[75.24151611,23.13907051],[75.22579193,23.21446991],[75.32639313,23.29597092],[75.1342392,23.40842056],[75.18586731,23.52653122],[75.33509827,23.63186073],[75.50389099,23.53066254],[75.51902008,23.66786957],[75.62046051,23.66527939],[75.68947601,23.75086975],[75.68447876,23.76056862],[75.45649719,23.92074013],[75.34329987,23.80900192],[75.23361969,23.86522102],[74.93992615,23.76585007],[74.93972015,23.63037109],[74.77406311,23.54330254],[74.61338043,23.46136093],[74.51830292,23.32872963],[74.74098206,23.2293396],[74.7922821,23.24081039],[74.8038559,23.1375618],[74.92672729,23.16205978],[75.00981903,23.1138401],[75.23240662,23.09043121],[75.24151611,23.13907051]]]},"properties":{"GID_0":"IND","NAME_0":"India","GID_1":"IND.19_1","NAME_1":"Madhya Pradesh","NL_NAME_1":"","GID_2":"IND.19.35_1","NAME_2":"Ratlam","VARNAME_2":"","NL_NAME_2":"","TYPE_2":"District","ENGTYPE_2":"District","CC_2":"","HASC_2":"IN.MP.RL"}},
{"type":"Feature","geometry":{"type":"Polygon","coordinates":[[[81.29834747,24.32522011],[81.92035675,24.57232094],[82.29860687,24.60114288],[82.29393005,24.61374092],[82.29641724,24.67001152],[82.22992706,24.66963959],[82.24365997,24.77575111],[82.17288208,24.73957062],[82.19596863,24.82452965],[82.1000061,24.80994987],[81.93466949,24.85144997],[81.89142609,25.0134697],[81.60434723,25.06074905],[81.61737061,25.16389847],[81.53401184,25.18826103],[81.4837265,25.07493973],[81.26911926,25.16773987],[81.21260834,24.93452072],[81.16419983,24.95976257],[81.11678314,24.90182114],[81.03894043,24.8012104],[81.17521667,24.70187187],[81.13166046,24.51461029],[81.21730042,24.49353027],[81.29834747,24.32522011]]]},"properties":{"GID_0":"IND","NAME_0":"India","GID_1":"IND.19_1","NAME_1":"Madhya Pradesh","NL_NAME_1":"","GID_2":"IND.19.36_1","NAME_2":"Rewa","VARNAME_2":"","NL_NAME_2":"","TYPE_2":"District","ENGTYPE_2":"District","CC_2":"","HASC_2":"IN.MP.RE"}},
{"type":"Feature","geometry":{"type":"Polygon","coordinates":[[[79.18334198,23.2231102],[79.22989655,23.34197807],[79.17639923,23.43408966],[79.32319641,23.5258503],[79.29464722,23.64113045],[79.34541321,23.66044044],[79.2151413,23.78800964],[79.24343109,23.82905006],[79.05193329,23.91899109],[79.18138123,24.01637077],[79.13922882,24.1049099],[79.04032135,24.22487068],[79.16725159,24.2834816],[79.14414978,24.40919113],[79.20938873,24.33526993],[79.23735046,24.41505051],[79.16091156,24.43412018],[79.04162598,24.37225151],[78.9868927,24.42324066],[78.87886047,24.22305107],[78.79168701,24.18024063],[78.76027679,24.25848961],[78.66912079,24.24501991],[78.50537109,24.39394951],[78.38237,24.2739296],[78.3259964,24.32961845],[78.36094666,24.38578987],[78.26074982,24.45393944],[78.06665802,24.26076126],[78.1371994,24.20663071],[78.09091187,24.16003036],[78.11302948,24.05405045],[78.06958771,24.04846954],[78.27231598,24.03302002],[78.29283142,23.83242035],[78.23213959,23.71797943],[78.287117,23.67766953],[78.39302063,23.63630295],[78.422966,23.72302055],[78.34047699,23.68349075],[78.42767334,23.74845123],[78.46317291,23.64702034],[78.50776672,23.66117287],[78.49806213,23.5356884],[78.72715759,23.58447075],[78.59429169,23.42663956],[78.80155182,23.23927116],[79.10858154,23.17254066],[79.18334198,23.2231102]]]},"properties":{"GID_0":"IND","NAME_0":"India","GID_1":"IND.19_1","NAME_1":"Madhya Pradesh","NL_NAME_1":"","GID_2":"IND.19.37_1","NAME_2":"Sagar","VARNAME_2":"Saugor","NL_NAME_2":"","TYPE_2":"District","ENGTYPE_2":"District","CC_2":"","HASC_2":"IN.MP.SG"}},
{"type":"Feature","geometry":{"type":"Polygon","coordinates":[[[80.95056915,24.06919289],[81.00399017,24.09525108],[81.19358063,24.11244011],[81.38289642,24.2675209],[81.29834747,24.32522011],[81.21730042,24.49353027],[81.13166046,24.51461029],[81.17521667,24.70187187],[81.03894043,24.8012104],[81.11678314,24.90182114],[81.07641602,24.95226097],[80.95111084,24.92702293],[80.93682098,24.97249985],[80.80220032,24.94445992],[80.8780365,25.19560051],[80.82769775,25.1103096],[80.69963837,25.13714981],[80.7813797,25.069561],[80.7144165,25.06775284],[80.62004089,25.08958054],[80.59458923,25.15524101],[80.60678101,25.07217979],[80.47447968,25.10182953],[80.49420929,25.04532051],[80.54251862,25.00884056],[80.46553802,24.97639847],[80.47553253,24.85741806],[80.51557922,24.92027092],[80.6264267,24.86912155],[80.46784973,24.76028061],[80.40457153,24.77807999],[80.36060333,24.69450951],[80.4645462,24.61469078],[80.41726685,24.4453392],[80.61460876,24.18721008],[80.66956329,24.19605064],[80.50392914,24.08039093],[80.43869019,24.09485054],[80.35028839,23.97011948],[80.48607635,24.00180054],[80.52780151,24.07167053],[80.64382935,24.05202103],[80.72332001,24.1370697],[80.70259857,24.07663918],[80.79505157,24.06745148],[80.75078583,24.03215027],[80.7800827,23.97291946],[80.86306,24.08341026],[80.95056915,24.06919289]]]},"properties":{"GID_0":"IND","NAME_0":"India","GID_1":"IND.19_1","NAME_1":"Madhya Pradesh","NL_NAME_1":"","GID_2":"IND.19.38_1","NAME_2":"Satna","VARNAME_2":"","NL_NAME_2":"","TYPE_2":"District","ENGTYPE_2":"District","CC_2":"","HASC_2":"IN.MP.ST"}},
{"type":"Feature","geometry":{"type":"Polygon","coordinates":[[[76.5357666,23.13243103],[76.51364136,23.07648087],[76.44686127,23.09064865],[76.44377136,22.99162102],[76.54927826,22.77652168],[76.875,22.89591026],[76.91861725,22.83162117],[76.980896,22.88323021],[77.12034607,22.56274986],[77.20365143,22.57192993],[77.25831604,22.61185074],[77.32071686,22.56635094],[77.56772614,22.67270279],[77.84046173,22.86539078],[77.86575317,22.82299805],[77.92080688,22.8488102],[77.9162674,22.76287079],[77.95452881,22.81712914],[78.02436066,22.80602264],[78.02918243,22.91109085],[77.94412994,22.90547943],[77.96022797,22.96456909],[77.69548798,22.88652039],[77.68788147,22.8375206],[77.53156281,22.85387039],[77.36293793,23.00113106],[77.37937927,23.09308052],[77.28262329,23.1057682],[77.18567657,23.23800087],[77.18327332,23.36051941],[77.22332001,23.33209991],[77.29424286,23.43555069],[77.29413605,23.58621979],[77.16587067,23.69078064],[77.14617157,23.57809067],[77.04810333,23.48463821],[76.87869263,23.12062836],[76.65062714,23.20195007],[76.58706665,23.11342812],[76.5357666,23.13243103]]]},"properties":{"GID_0":"IND","NAME_0":"India","GID_1":"IND.19_1","NAME_1":"Madhya Pradesh","NL_NAME_1":"","GID_2":"IND.19.39_1","NAME_2":"Sehore","VARNAME_2":"","NL_NAME_2":"","TYPE_2":"District","ENGTYPE_2":"District","CC_2":"","HASC_2":"IN.MP.SR"}},
{"type":"Feature","geometry":{"type":"Polygon","coordinates":[[[79.31949615,22.61791039],[79.36812592,22.60140991],[79.33904266,22.48779106],[79.1937027,22.45013809],[79.32923889,22.44496918],[79.27929688,22.37730026],[79.34790802,22.35147095],[79.28095245,22.31648254],[79.35771179,22.26544189],[79.31978607,22.22627068],[79.40270996,22.0418911],[79.22808075,21.72191048],[79.4885788,21.67412186],[79.50582123,21.59028053],[79.59506226,21.70889282],[79.6680069,21.6955204],[79.68615723,21.80029106],[79.86464691,21.89974022],[79.83235931,21.93989944],[79.91761017,21.97157097],[79.92295837,22.0629425],[80.06344604,22.07740974],[80.02842712,22.18283081],[80.09361267,22.3415699],[80.025383,22.54418945],[79.94738007,22.55861092],[80.10630798,22.62882042],[80.19219971,22.60801125],[80.27584076,22.78470993],[80.06037903,22.76008034],[79.9573288,22.85469055],[79.76098633,22.84564018],[79.7424469,22.91972923],[79.61650085,22.95726013],[79.5075531,22.72220993],[79.40688324,22.72442055],[79.31949615,22.61791039]]]},"properties":{"GID_0":"IND","NAME_0":"India","GID_1":"IND.19_1","NAME_1":"Madhya Pradesh","NL_NAME_1":"","GID_2":"IND.19.40_1","NAME_2":"Seoni","VARNAME_2":"","NL_NAME_2":"","TYPE_2":"District","ENGTYPE_2":"District","CC_2":"","HASC_2":"IN.MP.SO"}},
{"type":"Feature","geometry":{"type":"Polygon","coordinates":[[[81.78592682,22.87708092],[81.64058685,23.01365089],[81.54953003,23.02223015],[81.60972595,23.06406021],[81.53109741,23.11857986],[81.58981323,23.17146111],[81.56215668,23.21401978],[81.87567902,23.23970032],[81.81281281,23.308321],[81.86882782,23.29833984],[81.97360992,23.41759109],[81.9094162,23.53502274],[81.82717896,23.5112896],[81.73603058,23.5674305],[81.60704803,23.50688934],[81.56973267,23.58864975],[81.68728638,23.72134972],[81.59690857,23.88902283],[81.47426605,24.03956985],[81.55177307,24.07853127],[81.50229645,24.0884304],[81.46131897,24.27152061],[81.38289642,24.2675209],[81.19358063,24.11244011],[81.00399017,24.09525108],[81.06223297,23.96846962],[81.26161957,23.84103012],[81.17472839,23.80812073],[81.24054718,23.72096825],[81.16911316,23.50368118],[81.00879669,23.44436073],[81.09319305,23.20358086],[81.25627899,23.07097054],[81.19174194,22.91438103],[81.39897156,22.85139084],[81.46881866,22.75967979],[81.68489838,22.77910042],[81.72294617,22.6762104],[81.76506042,22.66905975],[81.78592682,22.87708092]]]},"properties":{"GID_0":"IND","NAME_0":"India","GID_1":"IND.19_1","NAME_1":"Madhya Pradesh","NL_NAME_1":"","GID_2":"IND.19.41_1","NAME_2":"Shahdol","VARNAME_2":"Sahdol","NL_NAME_2":"","TYPE_2":"District","ENGTYPE_2":"District","CC_2":"","HASC_2":"IN.MP.SL"}},
{"type":"Feature","geometry":{"type":"Polygon","coordinates":[[[77.04810333,23.48463821],[76.93524933,23.47589111],[76.89228058,23.52649117],[76.79396057,23.45978165],[76.52778625,23.5764904],[76.48673248,23.51465988],[76.40934753,23.71993065],[76.1996994,23.70700073],[76.23201752,23.57405281],[76.15849304,23.56775093],[76.15370941,23.50863266],[76.24755096,23.51385117],[76.19180298,23.47118187],[76.24790192,23.35639],[76.11138153,23.24492264],[76.37592316,23.23039055],[76.5357666,23.13243103],[76.58706665,23.11342812],[76.65062714,23.20195007],[76.87869263,23.12062836],[77.04810333,23.48463821]]]},"properties":{"GID_0":"IND","NAME_0":"India","GID_1":"IND.19_1","NAME_1":"Madhya Pradesh","NL_NAME_1":"","GID_2":"IND.19.42_1","NAME_2":"Shajapur","VARNAME_2":"","NL_NAME_2":"","TYPE_2":"District","ENGTYPE_2":"District","CC_2":"","HASC_2":"IN.MP.SJ"}},
{"type":"Feature","geometry":{"type":"Polygon","coordinates":[[[77.07546997,25.33969116],[77.01030731,25.38731766],[77.09571075,25.38882065],[77.17230988,25.51463127],[77.29384613,25.54749107],[77.24626923,25.6624794],[77.31568146,25.67378998],[77.27025604,25.72478104],[77.32240295,25.79722977],[77.43663788,25.78317833],[77.40133667,25.88791084],[77.55105591,25.81920052],[77.64945984,25.91644859],[77.53116608,25.94589043],[77.64060211,25.9696312],[77.60764313,26.03549957],[77.65582275,26.10484123],[77.57927704,26.01839066],[77.39389038,26.15794945],[77.22717285,26.08538055],[77.10938263,26.22507286],[76.83809662,26.0363903],[76.7947998,25.9442215],[76.56678009,25.83967018],[76.4777832,25.69506073],[76.5742569,25.4366703],[76.68107605,25.34547997],[76.93393707,25.27590179],[77.07546997,25.33969116]]]},"properties":{"GID_0":"IND","NAME_0":"India","GID_1":"IND.19_1","NAME_1":"Madhya Pradesh","NL_NAME_1":"","GID_2":"IND.19.43_1","NAME_2":"Sheopur","VARNAME_2":"Sheopur Kala","NL_NAME_2":"","TYPE_2":"District","ENGTYPE_2":"District","CC_2":"","HASC_2":"IN.MP.SP"}},
{"type":"Feature","geometry":{"type":"Polygon","coordinates":[[[78.27368164,25.78639984],[78.15158844,25.72417068],[78.03513336,25.71870995],[77.99133301,25.77091026],[77.87180328,25.74372101],[77.85595703,25.81443024],[77.67009735,25.9215107],[77.64945984,25.91644859],[77.55105591,25.81920052],[77.40133667,25.88791084],[77.43663788,25.78317833],[77.32240295,25.79722977],[77.27025604,25.72478104],[77.31568146,25.67378998],[77.24626923,25.6624794],[77.29384613,25.54749107],[77.17230988,25.51463127],[77.09571075,25.38882065],[77.01030731,25.38731766],[77.07546997,25.33969116],[77.20514679,25.31142998],[77.28298187,25.42358971],[77.35434723,25.42402267],[77.34966278,25.27177048],[77.41799164,25.1930294],[77.39852905,25.11327171],[77.30285645,25.08386993],[77.36728668,24.92900848],[77.55726624,24.87597275],[77.58238983,24.96772003],[77.7298584,24.86287117],[77.82013702,25.00453949],[77.87914276,25.01113129],[78.01074982,24.95801926],[77.96766663,24.84983063],[78.16532898,24.84817123],[78.32753754,24.9995594],[78.32776642,25.08876991],[78.44291687,25.12877083],[78.2942276,25.36762047],[78.42072296,25.47761917],[78.43707275,25.56435013],[78.30078888,25.70980835],[78.20915222,25.70458984],[78.27368164,25.78639984]]]},"properties":{"GID_0":"IND","NAME_0":"India","GID_1":"IND.19_1","NAME_1":"Madhya Pradesh","NL_NAME_1":"","GID_2":"IND.19.44_1","NAME_2":"Shivpuri","VARNAME_2":"Narwar","NL_NAME_2":"","TYPE_2":"District","ENGTYPE_2":"District","CC_2":"","HASC_2":"IN.MP.SV"}},
{"type":"Feature","geometry":{"type":"Polygon","coordinates":[[[81.38289642,24.2675209],[81.46131897,24.27152061],[81.50229645,24.0884304],[81.55177307,24.07853127],[81.47426605,24.03956985],[81.59690857,23.88902283],[81.66159821,23.92559814],[81.81172943,23.80949974],[81.91644287,23.87298965],[82.07801819,23.8170681],[82.20388794,23.8529911],[82.21230316,23.98792076],[81.9573822,24.01900101],[81.86927032,24.13097954],[81.94859314,24.2572403],[81.99195862,24.23975182],[82.36094666,24.54628181],[82.29860687,24.60114288],[81.92035675,24.57232094],[81.29834747,24.32522011],[81.38289642,24.2675209]]]},"properties":{"GID_0":"IND","NAME_0":"India","GID_1":"IND.19_1","NAME_1":"Madhya Pradesh","NL_NAME_1":"","GID_2":"IND.19.45_1","NAME_2":"Sidhi","VARNAME_2":"","NL_NAME_2":"","TYPE_2":"District","ENGTYPE_2":"District","CC_2":"","HASC_2":"IN.MP.SD"}},
{"type":"Feature","geometry":{"type":"Polygon","coordinates":[[[82.20388794,23.8529911],[82.22614288,23.80693245],[82.49175262,23.78570747],[82.68900299,23.91953087],[82.8077774,23.96305847],[82.74199677,24.02140045],[82.76625824,24.07786751],[82.65738678,24.13479805],[82.72036743,24.1389904],[82.76413727,24.29243088],[82.76058197,24.37304115],[82.70716095,24.38517952],[82.71253204,24.5562191],[82.80076599,24.55268097],[82.79637146,24.59976006],[82.66555023,24.69986153],[82.51843262,24.67834091],[82.42015076,24.70525169],[82.40917206,24.59782982],[82.29393005,24.61374092],[82.29860687,24.60114288],[82.36094666,24.54628181],[81.99195862,24.23975182],[81.94859314,24.2572403],[81.86927032,24.13097954],[81.9573822,24.01900101],[82.21230316,23.98792076],[82.20388794,23.8529911]]]},"properties":{"GID_0":"IND","NAME_0":"India","GID_1":"IND.19_1","NAME_1":"Madhya Pradesh","NL_NAME_1":"","GID_2":"IND.19.46_1","NAME_2":"Singrauli","VARNAME_2":"","NL_NAME_2":"","TYPE_2":"District","ENGTYPE_2":"District","CC_2":"","HASC_2":"IN.MP.SU"}},
{"type":"Feature","geometry":{"type":"Polygon","coordinates":[[[78.981987,24.44724083],[79.05973053,24.62746048],[79.18596649,24.61676979],[79.29646301,24.68913841],[79.31388855,25.15096092],[79.12917328,25.11076927],[79.08429718,25.19252968],[79.02823639,25.13993073],[79.05644226,25.22570992],[78.99265289,25.27773094],[78.99581146,25.19593811],[78.94834137,25.22018051],[78.87393188,25.16327095],[78.87587738,25.25576973],[78.970047,25.28520966],[78.9557724,25.34776115],[78.87651825,25.34445953],[78.8417511,25.22916031],[78.78328705,25.30318069],[78.87474823,25.38765907],[78.978508,25.3760128],[78.90322876,25.44693756],[78.93074036,25.55972099],[78.82832336,25.50998116],[78.83426666,25.43246078],[78.73175049,25.50065041],[78.81291199,25.43042755],[78.74314117,25.41270065],[78.76438141,25.35840034],[78.65789032,25.38797951],[78.70140076,25.42885971],[78.65271759,25.44400024],[78.56112671,25.39569283],[78.57621765,25.35193062],[78.52514648,25.36301231],[78.52507782,25.30653],[78.4298172,25.29701042],[78.56259155,25.22602272],[78.64192963,25.06149101],[78.62204742,24.96490097],[78.78054047,24.81497192],[78.74946594,24.60498047],[78.87306976,24.64694977],[78.96639252,24.49694824],[78.90859222,24.46677017],[78.981987,24.44724083]]]},"properties":{"GID_0":"IND","NAME_0":"India","GID_1":"IND.19_1","NAME_1":"Madhya Pradesh","NL_NAME_1":"","GID_2":"IND.19.47_1","NAME_2":"Tikamgarh","VARNAME_2":"","NL_NAME_2":"","TYPE_2":"District","ENGTYPE_2":"District","CC_2":"","HASC_2":"IN.MP.TI"}},
{"type":"Feature","geometry":{"type":"Polygon","coordinates":[[[75.43763733,22.87265015],[75.56682587,23.08939934],[75.6254425,23.09074974],[75.64173889,23.0092907],[75.81169891,23.04438019],[75.89923096,23.00375175],[75.99040985,23.08189964],[75.93221283,23.13834953],[75.94721985,23.32344055],[76.07544708,23.05264091],[76.04934692,23.18293762],[76.1381073,23.19765854],[76.04621124,23.21140862],[76.11138153,23.24492264],[76.24790192,23.35639],[76.19180298,23.47118187],[76.24755096,23.51385117],[76.15370941,23.50863266],[76.15849304,23.56775093],[75.87652588,23.56225014],[75.81009674,23.66242981],[75.84317017,23.73341942],[75.68947601,23.75086975],[75.62046051,23.66527939],[75.51902008,23.66786957],[75.50389099,23.53066254],[75.33509827,23.63186073],[75.18586731,23.52653122],[75.1342392,23.40842056],[75.32639313,23.29597092],[75.22579193,23.21446991],[75.24151611,23.13907051],[75.349617,23.07229996],[75.30445099,23.04554939],[75.33201599,22.84188271],[75.43763733,22.87265015]]]},"properties":{"GID_0":"IND","NAME_0":"India","GID_1":"IND.19_1","NAME_1":"Madhya Pradesh","NL_NAME_1":"","GID_2":"IND.19.48_1","NAME_2":"Ujjain","VARNAME_2":"","NL_NAME_2":"","TYPE_2":"District","ENGTYPE_2":"District","CC_2":"","HASC_2":"IN.MP.UJ"}},
{"type":"Feature","geometry":{"type":"Polygon","coordinates":[[[80.53716278,23.39206123],[80.56687164,23.35398102],[80.74980927,23.34612083],[80.70995331,23.28249931],[80.75547791,23.22154808],[80.93450928,23.29074287],[81.09319305,23.20358086],[81.00879669,23.44436073],[81.16911316,23.50368118],[81.24054718,23.72096825],[81.17472839,23.80812073],[81.26161957,23.84103012],[81.06223297,23.96846962],[81.00399017,24.09525108],[80.95056915,24.06919289],[80.82802582,23.95596123],[80.896698,23.68450928],[80.81416321,23.67175293],[80.70294189,23.76342964],[80.54383087,23.54576111],[80.53716278,23.39206123]]]},"properties":{"GID_0":"IND","NAME_0":"India","GID_1":"IND.19_1","NAME_1":"Madhya Pradesh","NL_NAME_1":"","GID_2":"IND.19.49_1","NAME_2":"Umaria","VARNAME_2":"","NL_NAME_2":"","TYPE_2":"District","ENGTYPE_2":"District","CC_2":"","HASC_2":"IN.MP.UM"}},
{"type":"Feature","geometry":{"type":"Polygon","coordinates":[[[78.287117,23.67766953],[78.23213959,23.71797943],[78.29283142,23.83242035],[78.27231598,24.03302002],[78.06958771,24.04846954],[78.11302948,24.05405045],[78.09091187,24.16003036],[78.1371994,24.20663071],[78.06665802,24.26076126],[78.02461243,24.2934494],[77.93654633,24.23571968],[77.88594055,24.3196106],[77.64372253,24.31967926],[77.43694305,24.24373055],[77.349823,24.34790993],[77.33970642,24.18740082],[77.25549316,24.0605011],[77.31413269,23.89809036],[77.45287323,23.76929283],[77.6451416,23.72217941],[77.50456238,23.5800209],[77.51747131,23.52163124],[77.62101746,23.46776962],[77.62441254,23.55047035],[77.73008728,23.53852844],[78.01716614,23.34876251],[78.05197906,23.3878994],[77.9957428,23.47005081],[78.14325714,23.47858047],[78.287117,23.67766953]]]},"properties":{"GID_0":"IND","NAME_0":"India","GID_1":"IND.19_1","NAME_1":"Madhya Pradesh","NL_NAME_1":"","GID_2":"IND.19.50_1","NAME_2":"Vidisha","VARNAME_2":"","NL_NAME_2":"","TYPE_2":"District","ENGTYPE_2":"District","CC_2":"","HASC_2":"IN.MP.VI"}},
{"type":"Feature","geometry":{"type":"Polygon","coordinates":[[[75.6194458,21.39346123],[75.99160767,21.3760891],[76.01228333,21.46964264],[75.94831848,21.48328018],[75.95376587,21.54700089],[76.07878876,21.57455826],[76.07364655,21.66375923],[76.17436981,21.68873978],[76.1024704,21.74059105],[76.1030426,21.85007095],[76.17022705,21.88809967],[76.16095734,22.03574944],[76.23374939,22.07773018],[76.18322754,22.12470245],[76.10585022,22.05677032],[76.16343689,22.20722008],[76.02320099,22.21700287],[76.16636658,22.26260185],[76.21219635,22.33262062],[76.23684692,22.39573288],[76.10418701,22.47384071],[76.08576965,22.55058098],[76.03002167,22.53194046],[76.05570984,22.45627022],[75.90841675,22.38950157],[75.82704163,22.40829086],[75.65232849,22.33562279],[75.55911255,22.37780952],[75.49198151,22.33060074],[75.51055908,22.1641407],[75.32002258,22.13634109],[75.45787811,22.06501961],[75.33796692,21.91411972],[75.28682709,21.91753006],[75.28286743,21.74414063],[75.21219635,21.71152115],[75.29792786,21.63659096],[75.44127655,21.67827034],[75.50567627,21.61655045],[75.46726227,21.5188694],[75.6089859,21.46220016],[75.6194458,21.39346123]]]},"properties":{"GID_0":"IND","NAME_0":"India","GID_1":"IND.19_1","NAME_1":"Madhya Pradesh","NL_NAME_1":"","GID_2":"IND.19.51_1","NAME_2":"West Nimar","VARNAME_2":"Khargone;Khargaon","NL_NAME_2":"","TYPE_2":"District","ENGTYPE_2":"District","CC_2":"","HASC_2":"IN.MP.WN"}},
{"type":"Feature","geometry":{"type":"Polygon","coordinates":[[[74.83828735,18.33893013],[75.08215332,18.42033958],[75.13819885,18.5261097],[75.21839142,18.55431938],[74.8167572,18.97307014],[74.95691681,18.9686718],[74.94625092,19.13017845],[75.11325073,19.12410927],[75.07504272,19.05785942],[75.18438721,19.01296997],[75.22545624,19.11057281],[75.27604675,18.99265289],[75.3442688,18.98986816],[75.28633118,19.07891083],[75.36698914,19.07653046],[75.3348999,19.15043068],[75.41285706,19.13430977],[75.38672638,19.0781498],[75.48927307,19.10396004],[75.4068222,19.1940403],[75.54351044,19.3089695],[75.48111725,19.42168999],[75.34548187,19.40633965],[75.35827637,19.50132942],[75.19085693,19.5966301],[74.78468323,19.65306091],[74.81069183,19.70379829],[74.73425293,19.69996071],[74.71734619,19.78309822],[74.5963974,19.78047752],[74.67767334,19.94762993],[74.29567719,19.98752975],[74.256073,19.93749809],[74.38355255,19.80655289],[74.17394257,19.7286129],[74.12799835,19.64417839],[73.922966,19.68194962],[73.89859009,19.75288963],[73.78598785,19.63203049],[73.62877655,19.58708],[73.71749878,19.49638939],[73.69534302,19.44379044],[73.78970337,19.38606071],[74.00723267,19.35773087],[74.04167938,19.25041008],[74.16561127,19.20294189],[74.32250977,19.20833969],[74.1818161,19.03598022],[74.32779694,18.84338951],[74.40335083,18.83045959],[74.40550232,18.74129105],[74.48281097,18.72219086],[74.48026276,18.64112854],[74.58685303,18.54771805],[74.55931854,18.49868965],[74.64868164,18.44960976],[74.70979309,18.50401115],[74.73935699,18.39768982],[74.83828735,18.33893013]]]},"properties":{"GID_0":"IND","NAME_0":"India","GID_1":"IND.20_1","NAME_1":"Maharashtra","NL_NAME_1":"","GID_2":"IND.20.1_1","NAME_2":"Ahmadnagar","VARNAME_2":"Ahmadnagar","NL_NAME_2":"","TYPE_2":"District","ENGTYPE_2":"District","CC_2":"","HASC_2":"IN.MH.AH"}},
{"type":"Feature","geometry":{"type":"Polygon","coordinates":[[[76.82023621,20.28148842],[76.88111877,20.28330994],[77.02246857,20.45152283],[77.13857269,20.38362122],[77.18419647,20.44986153],[77.29270172,20.42080116],[77.39496613,20.52697945],[77.33336639,20.52770805],[77.3375473,20.57786942],[77.46366119,20.61128044],[77.43090057,20.66255951],[77.54026031,20.67670059],[77.51542664,20.72976112],[77.61268616,20.76114082],[77.47637177,20.88072968],[77.13160706,20.86495972],[77.19307709,21.12359047],[77.16203308,21.2390995],[76.7818222,21.1910305],[76.78614807,20.9124794],[76.66233063,20.91887856],[76.74383545,20.80123711],[76.71525574,20.65260887],[76.76098633,20.54208755],[76.69241333,20.45983124],[76.69809723,20.35461044],[76.82023621,20.28148842]]]},"properties":{"GID_0":"IND","NAME_0":"India","GID_1":"IND.20_1","NAME_1":"Maharashtra","NL_NAME_1":"","GID_2":"IND.20.2_1","NAME_2":"Akola","VARNAME_2":"","NL_NAME_2":"","TYPE_2":"District","ENGTYPE_2":"District","CC_2":"","HASC_2":"IN.MH.AK"}},
{"type":"Feature","geometry":{"type":"Polygon","coordinates":[[[78.27503204,20.69709969],[78.31327057,20.82394028],[78.1417923,20.95334816],[78.14095306,21.1385498],[78.0512619,21.25072098],[78.07081604,21.35495186],[78.24674225,21.33011055],[78.44384766,21.40603065],[78.43009949,21.50175095],[78.42256165,21.60194969],[78.33677673,21.59052086],[78.18094635,21.55868149],[78.16934204,21.49850082],[77.93878174,21.38690948],[77.58444214,21.36447906],[77.4870224,21.3777504],[77.41880035,21.52083969],[77.6071167,21.54277039],[77.47776794,21.77022171],[77.27997589,21.76126289],[77.20742035,21.69400978],[77.0620575,21.71504974],[76.78024292,21.56246758],[76.78418732,21.46648979],[76.62452698,21.33510017],[76.66107178,21.28242111],[76.72220612,21.29125023],[76.7818222,21.1910305],[77.16203308,21.2390995],[77.19307709,21.12359047],[77.13160706,20.86495972],[77.47637177,20.88072968],[77.61268616,20.76114082],[77.64961243,20.56517029],[77.76795959,20.54082108],[77.8891983,20.62435913],[77.92038727,20.55933952],[78.03452301,20.66730118],[78.10765839,20.64093018],[78.27503204,20.69709969]]]},"properties":{"GID_0":"IND","NAME_0":"India","GID_1":"IND.20_1","NAME_1":"Maharashtra","NL_NAME_1":"","GID_2":"IND.20.3_1","NAME_2":"Amravati","VARNAME_2":"Amaravati, Amraoti, Amaraoti","NL_NAME_2":"","TYPE_2":"District","ENGTYPE_2":"District","CC_2":"","HASC_2":"IN.MH.AM"}},
{"type":"Feature","geometry":{"type":"Polygon","coordinates":[[[74.67767334,19.94762993],[74.5963974,19.78047752],[74.71734619,19.78309822],[74.73425293,19.69996071],[74.81069183,19.70379829],[74.78468323,19.65306091],[75.19085693,19.5966301],[75.35827637,19.50132942],[75.34548187,19.40633965],[75.48111725,19.42168999],[75.6114502,19.38202286],[75.65853119,19.56741905],[75.59250641,19.63843918],[75.66927338,19.94081116],[75.59079742,20.10318947],[75.680336,20.19232941],[75.68678284,20.31077957],[75.77416992,20.3382225],[75.76628113,20.45223999],[75.89478302,20.44857025],[75.85220337,20.49180984],[75.88993835,20.56497955],[75.86958313,20.62524033],[75.78987122,20.5669899],[75.67037964,20.67218971],[75.46021271,20.51758003],[75.36437225,20.59848022],[75.26213074,20.58050156],[75.23343658,20.49456024],[75.11110687,20.41327095],[75.12812805,20.35075951],[74.99846649,20.33722115],[74.93824005,20.27095032],[74.93389893,20.15369034],[74.83248901,20.24425125],[74.7280426,20.19145966],[74.67767334,19.94762993]]]},"properties":{"GID_0":"IND","NAME_0":"India","GID_1":"IND.20_1","NAME_1":"Maharashtra","NL_NAME_1":"","GID_2":"IND.20.4_1","NAME_2":"Aurangabad","VARNAME_2":"","NL_NAME_2":"","TYPE_2":"District","ENGTYPE_2":"District","CC_2":"","HASC_2":"IN.MH.AU"}},
{"type":"Feature","geometry":{"type":"MultiPolygon","coordinates":[[[[80.43331909,21.0971508],[80.45729828,21.17284012],[80.63530731,21.25013924],[80.65653229,21.3307724],[80.48549652,21.39763832],[80.40444183,21.37581062],[80.37532806,21.49114037],[80.27625275,21.49181938],[80.35592651,21.40564919],[80.259758,21.35674095],[80.33841705,21.17259979],[80.40222168,21.18424988],[80.43331909,21.0971508]]],[[[79.50299072,20.70356941],[79.68943024,20.63966942],[79.75547028,20.73046112],[79.92656708,20.66564941],[79.95803833,20.68901062],[79.93386078,20.78461075],[79.85962677,20.78070068],[79.85891724,20.87568092],[79.94140625,20.92555809],[79.94287872,21.0114212],[80.07923126,21.04553986],[80.07717133,21.14310074],[80.01661682,21.22540092],[79.82611084,21.22961044],[79.85903168,21.25832939],[79.79321289,21.37714958],[79.91581726,21.52448082],[79.73262024,21.60252953],[79.53662109,21.54421806],[79.44330597,21.45725822],[79.57063293,21.27781105],[79.55570221,21.15571022],[79.49562836,21.1835804],[79.48671722,21.13961983],[79.65473175,20.95264053],[79.61296844,20.86446953],[79.53553009,20.84760284],[79.50299072,20.70356941]]]]},"properties":{"GID_0":"IND","NAME_0":"India","GID_1":"IND.20_1","NAME_1":"Maharashtra","NL_NAME_1":"","GID_2":"IND.20.5_1","NAME_2":"Bhandara","VARNAME_2":"","NL_NAME_2":"","TYPE_2":"District","ENGTYPE_2":"District","CC_2":"","HASC_2":"IN.MH.BH"}},
{"type":"Feature","geometry":{"type":"Polygon","coordinates":[[[75.3170929,18.51838112],[75.34844208,18.5615406],[75.42487335,18.53511047],[75.58914185,18.6970005],[75.65511322,18.64682961],[75.67434692,18.69030952],[75.81210327,18.6735096],[76.0005188,18.58497047],[76.27661133,18.55647087],[76.40579987,18.54796219],[76.45269775,18.6452179],[76.53768158,18.59823036],[76.57015991,18.67907524],[76.73095703,18.69573021],[76.72561646,18.74869919],[76.58703613,18.8738308],[76.58286285,18.94456291],[76.47801971,18.95626068],[76.43651581,19.09565163],[76.32427979,19.10710907],[76.36299133,19.23727036],[76.20915222,19.27783966],[76.03962708,19.28629112],[76.0198288,19.33982086],[75.93431854,19.29404068],[75.91066742,19.3897419],[75.6114502,19.38202286],[75.48111725,19.42168999],[75.54351044,19.3089695],[75.4068222,19.1940403],[75.48927307,19.10396004],[75.38672638,19.0781498],[75.41285706,19.13430977],[75.3348999,19.15043068],[75.36698914,19.07653046],[75.28633118,19.07891083],[75.3442688,18.98986816],[75.27604675,18.99265289],[75.22545624,19.11057281],[75.18438721,19.01296997],[75.07504272,19.05785942],[75.11325073,19.12410927],[74.94625092,19.13017845],[74.95691681,18.9686718],[74.8167572,18.97307014],[75.21839142,18.55431938],[75.3170929,18.51838112]]]},"properties":{"GID_0":"IND","NAME_0":"India","GID_1":"IND.20_1","NAME_1":"Maharashtra","NL_NAME_1":"","GID_2":"IND.20.6_1","NAME_2":"Bid","VARNAME_2":"Bir|Beed|Bhir|Bidh","NL_NAME_2":"","TYPE_2":"District","ENGTYPE_2":"District","CC_2":"","HASC_2":"IN.MH.BI"}},
{"type":"Feature","geometry":{"type":"Polygon","coordinates":[[[76.53199768,19.8512001],[76.64563751,19.86634827],[76.62909698,20.08327103],[76.75705719,20.13174057],[76.74563599,20.20580292],[76.82023621,20.28148842],[76.69809723,20.35461044],[76.69241333,20.45983124],[76.76098633,20.54208755],[76.71525574,20.65260887],[76.74383545,20.80123711],[76.66233063,20.91887856],[76.78614807,20.9124794],[76.7818222,21.1910305],[76.72220612,21.29125023],[76.66107178,21.28242111],[76.62336731,21.19265938],[76.48737335,21.19606018],[76.38275909,21.07956123],[76.3460083,20.95170021],[76.16600037,21.0420475],[76.0838623,20.92946053],[76.11136627,20.88360023],[75.98696899,20.7606411],[76.01113129,20.64471054],[76.04032135,20.55664825],[75.95081329,20.52112961],[75.92064667,20.29809761],[76.09862518,20.35302162],[76.17759705,20.27953529],[75.99739075,19.97641754],[76.14009857,19.84537125],[76.36753845,19.92658806],[76.49233246,19.9178009],[76.53199768,19.8512001]]]},"properties":{"GID_0":"IND","NAME_0":"India","GID_1":"IND.20_1","NAME_1":"Maharashtra","NL_NAME_1":"","GID_2":"IND.20.7_1","NAME_2":"Buldana","VARNAME_2":"","NL_NAME_2":"","TYPE_2":"District","ENGTYPE_2":"District","CC_2":"","HASC_2":"IN.MH.BU"}},
{"type":"Feature","geometry":{"type":"Polygon","coordinates":[[[78.84433746,19.75900078],[78.8588028,19.65631104],[78.96895599,19.64923286],[78.9545517,19.55183029],[79.18904114,19.45870018],[79.24386597,19.61255264],[79.47042084,19.49745178],[79.78542328,19.59358978],[79.73739624,19.81452942],[79.79868317,19.89170074],[79.77429962,19.99862099],[79.84223175,20.03070831],[79.90596771,19.9656601],[79.98500061,20.04343033],[79.90571594,20.14386749],[79.98929596,20.21813965],[79.93888092,20.29256058],[79.92656708,20.66564941],[79.75547028,20.73046112],[79.68943024,20.63966942],[79.50299072,20.70356941],[79.34696198,20.67101288],[79.31593323,20.58287048],[79.21897888,20.58177948],[79.11540222,20.4496994],[79.01843262,20.4782486],[78.83650208,20.43092918],[78.79656219,20.29751968],[78.81487274,20.24653053],[78.91588593,20.25189972],[79.14591217,19.89182091],[78.95308685,19.80204964],[78.94338226,19.74739075],[78.84433746,19.75900078]]]},"properties":{"GID_0":"IND","NAME_0":"India","GID_1":"IND.20_1","NAME_1":"Maharashtra","NL_NAME_1":"","GID_2":"IND.20.8_1","NAME_2":"Chandrapur","VARNAME_2":"Chanda","NL_NAME_2":"","TYPE_2":"District","ENGTYPE_2":"District","CC_2":"","HASC_2":"IN.MH.CH"}},
{"type":"Feature","geometry":{"type":"Polygon","coordinates":[[[74.81838226,20.63520813],[74.93254852,20.65897942],[74.99707794,20.75033951],[74.86112213,21.06482124],[74.8916626,21.1468811],[74.94637299,21.22688293],[75.00170135,21.18926048],[75.10653687,21.23800278],[75.14350128,21.38626289],[75.2074585,21.41584015],[75.05356598,21.56719017],[74.89904785,21.63086128],[74.77501678,21.61553955],[74.68904877,21.40439034],[74.5018158,21.42912102],[74.49582672,21.24113083],[74.16165924,21.23321915],[73.85721588,20.99770927],[73.89633942,20.93300056],[73.94509888,20.84013176],[74.5766983,20.83422089],[74.66886139,20.77567291],[74.65477753,20.69631958],[74.81838226,20.63520813]]]},"properties":{"GID_0":"IND","NAME_0":"India","GID_1":"IND.20_1","NAME_1":"Maharashtra","NL_NAME_1":"","GID_2":"IND.20.9_1","NAME_2":"Dhule","VARNAME_2":"Dhulia, West Khandesh","NL_NAME_2":"","TYPE_2":"District","ENGTYPE_2":"District","CC_2":"","HASC_2":"IN.MH.DH"}},
{"type":"Feature","geometry":{"type":"Polygon","coordinates":[[[80.26753998,18.71796989],[80.24215698,18.75974846],[80.34850311,18.82394028],[80.26772308,18.98732948],[80.38334656,19.23913956],[80.56781769,19.40092087],[80.60394287,19.31176949],[80.67922211,19.32414055],[80.69374847,19.28232193],[80.82641602,19.34803963],[80.78793335,19.42670059],[80.87599945,19.44795036],[80.88553619,19.50925064],[80.65685272,19.61226082],[80.66455078,19.69075012],[80.51780701,19.82886124],[80.45954895,19.8113308],[80.47808838,19.77240944],[80.39470673,19.79457855],[80.49752045,19.86874962],[80.40629578,19.93250084],[80.52037811,19.93087959],[80.54036713,20.10983276],[80.39383698,20.14402008],[80.38295746,20.2417202],[80.61669159,20.32574081],[80.62232208,20.60386276],[80.4815979,20.61709976],[80.57833862,20.67877007],[80.55589294,20.81968117],[80.32505035,20.81856918],[80.23491669,20.65180969],[79.95803833,20.68901062],[79.92656708,20.66564941],[79.93888092,20.29256058],[79.98929596,20.21813965],[79.90571594,20.14386749],[79.98500061,20.04343033],[79.90596771,19.9656601],[79.84223175,20.03070831],[79.77429962,19.99862099],[79.79868317,19.89170074],[79.73739624,19.81452942],[79.78542328,19.59358978],[79.97305298,19.40102005],[79.94320679,19.17060089],[79.85804749,19.10411072],[79.85958862,19.03462982],[79.93448639,19.02169991],[79.93900299,18.85889244],[79.89401245,18.83083916],[80.11081696,18.67618942],[80.26753998,18.71796989]]]},"properties":{"GID_0":"IND","NAME_0":"India","GID_1":"IND.20_1","NAME_1":"Maharashtra","NL_NAME_1":"","GID_2":"IND.20.10_1","NAME_2":"Garhchiroli","VARNAME_2":"","NL_NAME_2":"","TYPE_2":"District","ENGTYPE_2":"District","CC_2":"","HASC_2":"IN.MH.GA"}},
{"type":"Feature","geometry":{"type":"Polygon","coordinates":[[[79.95803833,20.68901062],[80.23491669,20.65180969],[80.32505035,20.81856918],[80.55589294,20.81968117],[80.5418396,20.93391991],[80.4487915,20.94530106],[80.43331909,21.0971508],[80.40222168,21.18424988],[80.33841705,21.17259979],[80.259758,21.35674095],[80.35592651,21.40564919],[80.27625275,21.49181938],[80.37532806,21.49114037],[80.20040131,21.63470078],[79.91581726,21.52448082],[79.79321289,21.37714958],[79.85903168,21.25832939],[79.82611084,21.22961044],[80.01661682,21.22540092],[80.07717133,21.14310074],[80.07923126,21.04553986],[79.94287872,21.0114212],[79.94140625,20.92555809],[79.85891724,20.87568092],[79.85962677,20.78070068],[79.93386078,20.78461075],[79.95803833,20.68901062]]]},"properties":{"GID_0":"IND","NAME_0":"India","GID_1":"IND.20_1","NAME_1":"Maharashtra","NL_NAME_1":"","GID_2":"IND.20.11_1","NAME_2":"Gondiya","VARNAME_2":"","NL_NAME_2":"","TYPE_2":"District","ENGTYPE_2":"District","CC_2":"","HASC_2":"IN.MH.GO"}},
{"type":"Feature","geometry":{"type":"Polygon","coordinates":[[[77.09892273,19.10672951],[77.13897705,19.06962013],[77.18900299,19.12994957],[77.24164581,19.32064056],[77.44667053,19.38243294],[77.49048615,19.46606827],[77.45651245,19.68198967],[77.28312683,19.91090965],[77.23828125,19.89270973],[77.20141602,19.99192047],[77.0996933,19.9332695],[76.9910965,20.01851082],[76.67724609,19.8468399],[76.75845337,19.68495941],[76.77957916,19.73093033],[76.78678894,19.67128944],[76.84918213,19.70478058],[76.86940765,19.61867905],[76.94078064,19.62248039],[76.98439789,19.47524071],[76.91931915,19.44626999],[76.89108276,19.31132126],[76.92430115,19.24740028],[77.0196991,19.28224945],[77.09892273,19.10672951]]]},"properties":{"GID_0":"IND","NAME_0":"India","GID_1":"IND.20_1","NAME_1":"Maharashtra","NL_NAME_1":"","GID_2":"IND.20.12_1","NAME_2":"Hingoli","VARNAME_2":"","NL_NAME_2":"","TYPE_2":"District","ENGTYPE_2":"District","CC_2":"","HASC_2":"IN.MH.HI"}},
{"type":"Feature","geometry":{"type":"Polygon","coordinates":[[[74.93824005,20.27095032],[74.99846649,20.33722115],[75.12812805,20.35075951],[75.11110687,20.41327095],[75.23343658,20.49456024],[75.26213074,20.58050156],[75.36437225,20.59848022],[75.46021271,20.51758003],[75.67037964,20.67218971],[75.78987122,20.5669899],[75.86958313,20.62524033],[75.88993835,20.56497955],[76.01113129,20.64471054],[75.98696899,20.7606411],[76.11136627,20.88360023],[76.0838623,20.92946053],[76.16600037,21.0420475],[76.3460083,20.95170021],[76.38275909,21.07956123],[76.16864777,21.08582115],[76.09867096,21.37392807],[75.99160767,21.3760891],[75.6194458,21.39346123],[75.2074585,21.41584015],[75.14350128,21.38626289],[75.10653687,21.23800278],[75.00170135,21.18926048],[74.94637299,21.22688293],[74.8916626,21.1468811],[74.86112213,21.06482124],[74.99707794,20.75033951],[74.93254852,20.65897942],[74.81838226,20.63520813],[74.77722931,20.47192955],[74.84558868,20.41121101],[74.86328125,20.283041],[74.93824005,20.27095032]]]},"properties":{"GID_0":"IND","NAME_0":"India","GID_1":"IND.20_1","NAME_1":"Maharashtra","NL_NAME_1":"","GID_2":"IND.20.13_1","NAME_2":"Jalgaon","VARNAME_2":"East Khandesh","NL_NAME_2":"","TYPE_2":"District","ENGTYPE_2":"District","CC_2":"","HASC_2":"IN.MH.JG"}},
{"type":"Feature","geometry":{"type":"Polygon","coordinates":[[[75.6114502,19.38202286],[75.91066742,19.3897419],[75.93431854,19.29404068],[76.0198288,19.33982086],[76.03962708,19.28629112],[76.20915222,19.27783966],[76.37805939,19.53661919],[76.44181824,19.54123116],[76.45916748,19.74722099],[76.53199768,19.8512001],[76.49233246,19.9178009],[76.36753845,19.92658806],[76.14009857,19.84537125],[75.99739075,19.97641754],[76.17759705,20.27953529],[76.09862518,20.35302162],[75.92064667,20.29809761],[75.95081329,20.52112961],[76.04032135,20.55664825],[76.01113129,20.64471054],[75.88993835,20.56497955],[75.85220337,20.49180984],[75.89478302,20.44857025],[75.76628113,20.45223999],[75.77416992,20.3382225],[75.68678284,20.31077957],[75.680336,20.19232941],[75.59079742,20.10318947],[75.66927338,19.94081116],[75.59250641,19.63843918],[75.65853119,19.56741905],[75.6114502,19.38202286]]]},"properties":{"GID_0":"IND","NAME_0":"India","GID_1":"IND.20_1","NAME_1":"Maharashtra","NL_NAME_1":"","GID_2":"IND.20.14_1","NAME_2":"Jalna","VARNAME_2":"","NL_NAME_2":"","TYPE_2":"District","ENGTYPE_2":"District","CC_2":"","HASC_2":"IN.MH.JN"}},
{"type":"Feature","geometry":{"type":"Polygon","coordinates":[[[74.21740723,15.77876091],[74.29216766,15.73931122],[74.36485291,15.77365112],[74.38931274,15.84414005],[74.34453583,15.85205078],[74.37412262,15.89161015],[74.41158295,15.85259056],[74.47027588,16.0405407],[74.36815643,16.05295944],[74.4345932,16.1106205],[74.48908997,16.08732033],[74.51287842,16.18826294],[74.4212265,16.28059006],[74.33383942,16.26807022],[74.32546234,16.37924957],[74.36911011,16.39432907],[74.29989624,16.50263023],[74.25315857,16.49488068],[74.27155304,16.53866005],[74.3899231,16.5279007],[74.47738647,16.66077995],[74.59195709,16.55554962],[74.69338226,16.60727119],[74.69819641,16.71520042],[74.52268219,16.85523033],[74.07417297,16.90196991],[73.85804749,17.15142822],[73.71872711,17.16839027],[73.84342194,17.05257034],[73.84274292,16.98928833],[73.77500153,16.96123123],[73.79940033,16.90645981],[73.74884033,16.91123009],[73.77841949,16.85266113],[73.72164917,16.82843018],[73.84365082,16.74579048],[73.86274719,16.64865112],[73.82705688,16.54333115],[73.89713287,16.45584106],[73.85005188,16.31502151],[73.91317749,16.32657051],[73.90154266,16.22912979],[73.9680481,16.19845963],[73.91835785,16.1334095],[73.85459137,16.15047264],[73.84456635,16.0920105],[74.00557709,16.08647919],[74.00981903,16.03576088],[74.09689331,16.01042938],[74.05371094,15.95473957],[74.10029602,15.86962986],[74.03695679,15.76224136],[74.10220337,15.83747101],[74.21740723,15.77876091]]]},"properties":{"GID_0":"IND","NAME_0":"India","GID_1":"IND.20_1","NAME_1":"Maharashtra","NL_NAME_1":"","GID_2":"IND.20.15_1","NAME_2":"Kolhapur","VARNAME_2":"","NL_NAME_2":"","TYPE_2":"District","ENGTYPE_2":"District","CC_2":"","HASC_2":"IN.MH.KO"}},
{"type":"Feature","geometry":{"type":"Polygon","coordinates":[[[77.26455688,18.41838074],[77.26782227,18.60980988],[77.15331268,18.64533043],[77.17954254,18.70148087],[77.04425812,18.68212128],[77.05457306,18.76505089],[76.99323273,18.82670975],[76.88327789,18.83420944],[76.72561646,18.74869919],[76.73095703,18.69573021],[76.57015991,18.67907524],[76.53768158,18.59823036],[76.45269775,18.6452179],[76.40579987,18.54796219],[76.27661133,18.55647087],[76.2713623,18.41940117],[76.20024872,18.39806938],[76.31820679,18.32819939],[76.3079071,18.08997154],[76.42758179,18.02919006],[76.61107635,18.0365696],[76.74067688,17.89801025],[76.80280304,17.86832047],[76.91644287,17.91509056],[76.96827698,18.09711075],[76.93335724,18.15790939],[77.10888672,18.15269089],[77.26455688,18.41838074]]]},"properties":{"GID_0":"IND","NAME_0":"India","GID_1":"IND.20_1","NAME_1":"Maharashtra","NL_NAME_1":"","GID_2":"IND.20.16_1","NAME_2":"Latur","VARNAME_2":"Kulaba, Kolaba, Kolabad","NL_NAME_2":"","TYPE_2":"District","ENGTYPE_2":"District","CC_2":"","HASC_2":"IN.MH.LA"}},
{"type":"Feature","geometry":{"type":"Polygon","coordinates":[[[72.88412476,19.00902939],[72.83763885,19.04375267],[72.80791473,18.89069557],[72.88412476,19.00902939]]]},"properties":{"GID_0":"IND","NAME_0":"India","GID_1":"IND.20_1","NAME_1":"Maharashtra","NL_NAME_1":"","GID_2":"IND.20.17_1","NAME_2":"Mumbai City","VARNAME_2":"","NL_NAME_2":"","TYPE_2":"District","ENGTYPE_2":"District","CC_2":"","HASC_2":"IN.MH.MC"}},
{"type":"Feature","geometry":{"type":"MultiPolygon","coordinates":[[[[72.82569885,19.24875069],[72.78458405,19.26569557],[72.78375244,19.19235992],[72.82569885,19.24875069]]],[[[72.96263885,19.05820084],[72.98288727,19.17593193],[72.83742523,19.25708008],[72.78013611,19.16596985],[72.79347229,19.12985992],[72.8298645,19.18236351],[72.83763885,19.04375267],[72.88412476,19.00902939],[72.96263885,19.05820084]]]]},"properties":{"GID_0":"IND","NAME_0":"India","GID_1":"IND.20_1","NAME_1":"Maharashtra","NL_NAME_1":"","GID_2":"IND.20.18_1","NAME_2":"Mumbai Suburban","VARNAME_2":"","NL_NAME_2":"","TYPE_2":"District","ENGTYPE_2":"District","CC_2":"","HASC_2":"IN.MH.MC"}},
{"type":"Feature","geometry":{"type":"Polygon","coordinates":[[[79.21897888,20.58177948],[79.31593323,20.58287048],[79.34696198,20.67101288],[79.50299072,20.70356941],[79.53553009,20.84760284],[79.61296844,20.86446953],[79.65473175,20.95264053],[79.48671722,21.13961983],[79.49562836,21.1835804],[79.55570221,21.15571022],[79.57063293,21.27781105],[79.44330597,21.45725822],[79.53662109,21.54421806],[79.50582123,21.59028053],[79.4885788,21.67412186],[79.22808075,21.72191048],[79.21990204,21.65081024],[78.91323853,21.59235954],[78.93183136,21.48740005],[78.43009949,21.50175095],[78.44384766,21.40603065],[78.24674225,21.33011055],[78.47332764,21.22076035],[78.72577667,21.00536919],[78.77326965,20.89175987],[79.09850311,20.71220016],[79.21897888,20.58177948]]]},"properties":{"GID_0":"IND","NAME_0":"India","GID_1":"IND.20_1","NAME_1":"Maharashtra","NL_NAME_1":"","GID_2":"IND.20.19_1","NAME_2":"Nagpur","VARNAME_2":"","NL_NAME_2":"","TYPE_2":"District","ENGTYPE_2":"District","CC_2":"","HASC_2":"IN.MH.NG"}},
{"type":"Feature","geometry":{"type":"Polygon","coordinates":[[[77.54995728,18.29134941],[77.52593994,18.427351],[77.58521271,18.44544983],[77.54619598,18.46338272],[77.60106659,18.47421074],[77.59726715,18.54754066],[77.73651123,18.55480957],[77.73285675,18.6760006],[77.78643799,18.68412018],[77.83746338,18.80746078],[77.94413757,18.84229088],[77.76735687,18.98142052],[77.75955963,19.05930138],[77.8481369,19.09008026],[77.90570831,19.26721954],[77.86087799,19.30212975],[77.94062805,19.34250069],[78.0511322,19.24176025],[78.18331909,19.24154091],[78.18216705,19.41176987],[78.31195831,19.46590042],[78.26972198,19.66312981],[78.36773682,19.78108025],[78.29412842,19.84955025],[78.31019592,19.91274071],[78.25022125,19.87263107],[78.24832153,19.92905998],[77.94993591,19.91117096],[77.84527588,19.80065918],[77.85668945,19.74346161],[77.98439789,19.68040276],[78.17459869,19.65444946],[78.18460846,19.56664085],[78.06363678,19.46624947],[78.02172852,19.49674034],[77.98734283,19.45450974],[77.90365601,19.53272057],[77.83905792,19.50934982],[77.83088684,19.43873978],[77.69535065,19.43819046],[77.74601746,19.52140045],[77.63072968,19.55545044],[77.60410309,19.64682007],[77.45651245,19.68198967],[77.49048615,19.46606827],[77.44667053,19.38243294],[77.24164581,19.32064056],[77.18900299,19.12994957],[77.13897705,19.06962013],[77.09892273,19.10672951],[77.02407074,18.93894958],[76.93202972,18.8997612],[77.01065063,18.87729073],[76.99323273,18.82670975],[77.05457306,18.76505089],[77.04425812,18.68212128],[77.17954254,18.70148087],[77.15331268,18.64533043],[77.26782227,18.60980988],[77.26455688,18.41838074],[77.36962891,18.44765091],[77.41011047,18.38853073],[77.35881042,18.31064987],[77.46539307,18.25996017],[77.54995728,18.29134941]]]},"properties":{"GID_0":"IND","NAME_0":"India","GID_1":"IND.20_1","NAME_1":"Maharashtra","NL_NAME_1":"","GID_2":"IND.20.20_1","NAME_2":"Nanded","VARNAME_2":"Nander","NL_NAME_2":"","TYPE_2":"District","ENGTYPE_2":"District","CC_2":"","HASC_2":"IN.MH.ND"}},
{"type":"Feature","geometry":{"type":"Polygon","coordinates":[[[73.85721588,20.99770927],[74.16165924,21.23321915],[74.49582672,21.24113083],[74.5018158,21.42912102],[74.68904877,21.40439034],[74.77501678,21.61553955],[74.51288605,21.72326088],[74.52749634,21.90878105],[74.43554688,22.03099823],[74.289711,21.93579102],[74.14601898,21.9540596],[73.9491806,21.87034035],[73.81051636,21.82333755],[73.89810181,21.66727066],[73.78761292,21.62504959],[73.86078644,21.49582291],[73.9875412,21.52240944],[74.33551788,21.5402298],[74.30591583,21.4793911],[74.06716156,21.48193169],[74.04854584,21.41942978],[73.95284271,21.40237045],[73.94848633,21.2975502],[73.83213806,21.26745033],[73.82254791,21.17192078],[73.63639832,21.13265991],[73.58830261,21.16790009],[73.65994263,21.10837936],[73.75260925,21.11408997],[73.76944733,21.01452065],[73.85721588,20.99770927]]]},"properties":{"GID_0":"IND","NAME_0":"India","GID_1":"IND.20_1","NAME_1":"Maharashtra","NL_NAME_1":"","GID_2":"IND.20.21_1","NAME_2":"Nandurbar","VARNAME_2":"","NL_NAME_2":"","TYPE_2":"District","ENGTYPE_2":"District","CC_2":"","HASC_2":"IN.MH.NB"}},
{"type":"Feature","geometry":{"type":"Polygon","coordinates":[[[73.62877655,19.58708],[73.78598785,19.63203049],[73.89859009,19.75288963],[73.922966,19.68194962],[74.12799835,19.64417839],[74.17394257,19.7286129],[74.38355255,19.80655289],[74.256073,19.93749809],[74.29567719,19.98752975],[74.67767334,19.94762993],[74.7280426,20.19145966],[74.83248901,20.24425125],[74.93389893,20.15369034],[74.93824005,20.27095032],[74.86328125,20.283041],[74.84558868,20.41121101],[74.77722931,20.47192955],[74.81838226,20.63520813],[74.65477753,20.69631958],[74.66886139,20.77567291],[74.5766983,20.83422089],[73.94509888,20.84013176],[73.94953156,20.74230957],[73.82264709,20.69382095],[73.84641266,20.6235199],[73.74820709,20.56735992],[73.49843597,20.65341949],[73.47518921,20.72167015],[73.41596222,20.62616158],[73.50074005,20.54024124],[73.39134979,20.39019966],[73.42991638,20.20623016],[73.3111496,20.20721054],[73.25946808,20.12463951],[73.28811646,20.04650116],[73.46138763,19.98205948],[73.42708588,19.84257126],[73.49961853,19.72005272],[73.62877655,19.58708]]]},"properties":{"GID_0":"IND","NAME_0":"India","GID_1":"IND.20_1","NAME_1":"Maharashtra","NL_NAME_1":"","GID_2":"IND.20.22_1","NAME_2":"Nashik","VARNAME_2":"Nasik","NL_NAME_2":"","TYPE_2":"District","ENGTYPE_2":"District","CC_2":"","HASC_2":"IN.MH.NS"}},
{"type":"Feature","geometry":{"type":"Polygon","coordinates":[[[76.74067688,17.89801025],[76.61107635,18.0365696],[76.42758179,18.02919006],[76.3079071,18.08997154],[76.31820679,18.32819939],[76.20024872,18.39806938],[76.2713623,18.41940117],[76.27661133,18.55647087],[76.0005188,18.58497047],[75.81210327,18.6735096],[75.67434692,18.69030952],[75.65511322,18.64682961],[75.58914185,18.6970005],[75.42487335,18.53511047],[75.34844208,18.5615406],[75.3170929,18.51838112],[75.28808594,18.40772057],[75.40876007,18.32636833],[75.43257141,18.17734909],[75.53533936,18.13382912],[75.65329742,18.33006287],[75.72154999,18.33723259],[75.72981262,18.43367195],[75.88791656,18.36308289],[75.94297028,18.12256813],[76.01661682,18.03862762],[75.97632599,17.96965027],[75.85302734,18.0055809],[75.8589325,17.86285973],[76.01880646,17.82792091],[76.00662994,17.74892044],[76.09651947,17.77741814],[76.18965149,17.68099022],[76.29866028,17.72762108],[76.4287262,17.64441109],[76.52632141,17.75936127],[76.57330322,17.76000023],[76.57322693,17.70216942],[76.61444855,17.76831245],[76.69055176,17.67995262],[76.78816986,17.82647133],[76.74067688,17.89801025]]]},"properties":{"GID_0":"IND","NAME_0":"India","GID_1":"IND.20_1","NAME_1":"Maharashtra","NL_NAME_1":"","GID_2":"IND.20.23_1","NAME_2":"Osmanabad","VARNAME_2":"","NL_NAME_2":"","TYPE_2":"District","ENGTYPE_2":"District","CC_2":"","HASC_2":"IN.MH.OS"}},
{"type":"Feature","geometry":{"type":"Polygon","coordinates":[[[72.79319763,19.31042862],[72.94898224,19.28952026],[73.01210022,19.5024395],[73.18611145,19.52716255],[73.20353699,19.59547043],[73.2915802,19.61736107],[73.29389191,19.68971062],[73.49961853,19.72005272],[73.42708588,19.84257126],[73.46138763,19.98205948],[73.28811646,20.04650116],[73.25946808,20.12463951],[73.21631622,20.12199974],[73.18586731,20.05290031],[73.05281067,20.06767082],[72.97322845,20.13080025],[72.97042847,20.21232986],[72.87454224,20.2258091],[72.83534241,20.14464188],[72.73764038,20.13653946],[72.75485992,19.92736053],[72.69013977,19.95819473],[72.6506958,19.83958054],[72.71930695,19.7551403],[72.71819305,19.53874969],[72.78624725,19.52597237],[72.74458313,19.45874977],[72.79319763,19.31042862]]]},"properties":{"GID_0":"IND","NAME_0":"India","GID_1":"IND.20_1","NAME_1":"Maharashtra","NL_NAME_1":"","GID_2":"IND.20.24_1","NAME_2":"Palghar","VARNAME_2":"","NL_NAME_2":"","TYPE_2":"District","ENGTYPE_2":"District","CC_2":"","HASC_2":""}},
{"type":"Feature","geometry":{"type":"Polygon","coordinates":[[[76.99323273,18.82670975],[77.01065063,18.87729073],[76.93202972,18.8997612],[77.02407074,18.93894958],[77.09892273,19.10672951],[77.0196991,19.28224945],[76.92430115,19.24740028],[76.89108276,19.31132126],[76.91931915,19.44626999],[76.98439789,19.47524071],[76.94078064,19.62248039],[76.86940765,19.61867905],[76.84918213,19.70478058],[76.78678894,19.67128944],[76.77957916,19.73093033],[76.75845337,19.68495941],[76.67724609,19.8468399],[76.64563751,19.86634827],[76.53199768,19.8512001],[76.45916748,19.74722099],[76.44181824,19.54123116],[76.37805939,19.53661919],[76.20915222,19.27783966],[76.36299133,19.23727036],[76.32427979,19.10710907],[76.43651581,19.09565163],[76.47801971,18.95626068],[76.58286285,18.94456291],[76.58703613,18.8738308],[76.72561646,18.74869919],[76.88327789,18.83420944],[76.99323273,18.82670975]]]},"properties":{"GID_0":"IND","NAME_0":"India","GID_1":"IND.20_1","NAME_1":"Maharashtra","NL_NAME_1":"","GID_2":"IND.20.25_1","NAME_2":"Parbhani","VARNAME_2":"","NL_NAME_2":"","TYPE_2":"District","ENGTYPE_2":"District","CC_2":"","HASC_2":"IN.MH.PA"}},
{"type":"Feature","geometry":{"type":"Polygon","coordinates":[[[74.71494293,18.0288105],[75.02773285,17.89142036],[75.13405609,17.95355034],[75.12349701,17.99728012],[75.02529144,17.96141052],[75.16641235,18.10600281],[75.09729767,18.12175941],[75.11305237,18.21393967],[75.02574158,18.18707085],[75.04503632,18.26278114],[74.83760071,18.24595833],[74.79969788,18.28395081],[74.83828735,18.33893013],[74.73935699,18.39768982],[74.70979309,18.50401115],[74.64868164,18.44960976],[74.55931854,18.49868965],[74.58685303,18.54771805],[74.48026276,18.64112854],[74.48281097,18.72219086],[74.40550232,18.74129105],[74.40335083,18.83045959],[74.32779694,18.84338951],[74.1818161,19.03598022],[74.32250977,19.20833969],[74.16561127,19.20294189],[74.04167938,19.25041008],[74.00723267,19.35773087],[73.78970337,19.38606071],[73.80500793,19.33076286],[73.68247223,19.30257988],[73.69898987,19.24419975],[73.53668976,19.12890053],[73.56646729,19.01566124],[73.39887238,18.85151291],[73.34218597,18.70096016],[73.39914703,18.65365028],[73.33316803,18.56238174],[73.40454102,18.50235176],[73.37486267,18.46776962],[73.42044067,18.49753952],[73.43206024,18.30598068],[73.51928711,18.28563118],[73.53132629,18.18663025],[73.67154694,18.16489029],[73.60653687,18.10563087],[73.6680069,18.02762985],[73.86618042,18.03087044],[73.90210724,18.18266106],[74.30433655,18.06895065],[74.67027283,18.06835938],[74.71494293,18.0288105]]]},"properties":{"GID_0":"IND","NAME_0":"India","GID_1":"IND.20_1","NAME_1":"Maharashtra","NL_NAME_1":"","GID_2":"IND.20.26_1","NAME_2":"Pune","VARNAME_2":"Poona","NL_NAME_2":"","TYPE_2":"District","ENGTYPE_2":"District","CC_2":"","HASC_2":"IN.MH.PU"}},
{"type":"Feature","geometry":{"type":"Polygon","coordinates":[[[73.5799408,17.87585068],[73.54615021,17.8959713],[73.6680069,18.02762985],[73.60653687,18.10563087],[73.67154694,18.16489029],[73.53132629,18.18663025],[73.51928711,18.28563118],[73.43206024,18.30598068],[73.42044067,18.49753952],[73.37486267,18.46776962],[73.40454102,18.50235176],[73.33316803,18.56238174],[73.39914703,18.65365028],[73.34218597,18.70096016],[73.39887238,18.85151291],[73.56646729,19.01566124],[73.53668976,19.12890053],[73.3602066,19.1282711],[73.25714111,19.06329918],[73.20876312,19.12416077],[73.07541656,19.10987091],[73.03234863,18.99915123],[72.90791321,18.90208435],[72.92652893,18.85097122],[72.98874664,18.86597252],[72.98264313,18.80957985],[72.86930847,18.8045826],[72.85514069,18.69680977],[72.9284668,18.54181099],[72.9173584,18.34847069],[73.02791595,18.26430511],[73.05458069,18.27042007],[73.04013824,18.30153084],[73.08790588,18.32681084],[73.04292297,18.2990303],[73.08039856,18.23125267],[73.05958557,18.19069481],[73.08708191,18.15041733],[73.05569458,18.1870842],[73.06625366,18.22513962],[72.98152924,18.24208069],[72.96541595,18.27958298],[72.93514252,18.28097153],[73.03734589,17.98486328],[73.29930878,18.06912041],[73.37091827,18.00913048],[73.38465881,17.88690948],[73.5799408,17.87585068]]]},"properties":{"GID_0":"IND","NAME_0":"India","GID_1":"IND.20_1","NAME_1":"Maharashtra","NL_NAME_1":"","GID_2":"IND.20.27_1","NAME_2":"Raigarh","VARNAME_2":"Raygad","NL_NAME_2":"","TYPE_2":"District","ENGTYPE_2":"District","CC_2":"","HASC_2":"IN.MH.RG"}},
{"type":"Feature","geometry":{"type":"Polygon","coordinates":[[[73.03734589,17.98486328],[73.1340332,17.82514],[73.08735657,17.83875084],[73.20569611,17.43902969],[73.16708374,17.40513802],[73.24402618,17.3073616],[73.18930817,17.29792023],[73.31986237,17.03819466],[73.25430298,17.02736092],[73.33319092,16.81653023],[73.31680298,16.60096931],[73.39013672,16.51399231],[73.48607635,16.49398994],[73.69930267,16.6223011],[73.77484131,16.59995079],[73.78192902,16.66111946],[73.86274719,16.64865112],[73.84365082,16.74579048],[73.72164917,16.82843018],[73.77841949,16.85266113],[73.74884033,16.91123009],[73.79940033,16.90645981],[73.77500153,16.96123123],[73.84274292,16.98928833],[73.84342194,17.05257034],[73.71872711,17.16839027],[73.70561218,17.26132965],[73.65406036,17.39001274],[73.7559433,17.55509758],[73.69822693,17.68647957],[73.57627106,17.72087097],[73.5799408,17.87585068],[73.38465881,17.88690948],[73.37091827,18.00913048],[73.29930878,18.06912041],[73.03734589,17.98486328]]]},"properties":{"GID_0":"IND","NAME_0":"India","GID_1":"IND.20_1","NAME_1":"Maharashtra","NL_NAME_1":"","GID_2":"IND.20.28_1","NAME_2":"Ratnagiri","VARNAME_2":"","NL_NAME_2":"","TYPE_2":"District","ENGTYPE_2":"District","CC_2":"","HASC_2":"IN.MH.RT"}},
{"type":"Feature","geometry":{"type":"Polygon","coordinates":[[[75.60595703,17.3032608],[75.51712036,17.23784065],[75.4243927,17.2634697],[75.40833282,17.1818409],[75.36422729,17.23415184],[75.29154205,17.21384048],[75.29876709,17.14468193],[75.21687317,17.1978302],[75.25081635,17.2536602],[75.08390045,17.2464695],[74.90099335,17.11812019],[74.92723083,17.15345192],[74.85526276,17.20967865],[74.96582794,17.29220009],[75.04460907,17.47281075],[74.97786713,17.46720123],[74.94503021,17.51164818],[74.99269104,17.54063034],[74.909729,17.62564087],[74.81476593,17.45083809],[74.69484711,17.48408127],[74.69496155,17.38582039],[74.61590576,17.44146156],[74.50042725,17.38189125],[74.29303741,17.41633034],[74.25493622,17.13865852],[74.03975677,17.09007072],[73.70561218,17.26132965],[73.71872711,17.16839027],[73.85804749,17.15142822],[74.07417297,16.90196991],[74.52268219,16.85523033],[74.69819641,16.71520042],[74.9238205,16.76995087],[74.93839264,16.94099045],[75.09041595,16.94865036],[75.21585846,16.84033966],[75.28565216,16.87879944],[75.28462219,16.95355034],[75.34532928,16.95252037],[75.46791077,16.98533058],[75.49249268,16.9428997],[75.57579803,17.00779915],[75.67842102,16.96394157],[75.62802124,17.17012024],[75.65988922,17.26144028],[75.60595703,17.3032608]]]},"properties":{"GID_0":"IND","NAME_0":"India","GID_1":"IND.20_1","NAME_1":"Maharashtra","NL_NAME_1":"","GID_2":"IND.20.29_1","NAME_2":"Sangli","VARNAME_2":"South Satara","NL_NAME_2":"","TYPE_2":"District","ENGTYPE_2":"District","CC_2":"","HASC_2":"IN.MH.SN"}},
{"type":"Feature","geometry":{"type":"Polygon","coordinates":[[[74.909729,17.62564087],[74.87758636,17.72515106],[74.61403656,17.84583282],[74.71494293,18.0288105],[74.67027283,18.06835938],[74.30433655,18.06895065],[73.90210724,18.18266106],[73.86618042,18.03087044],[73.6680069,18.02762985],[73.54615021,17.8959713],[73.5799408,17.87585068],[73.57627106,17.72087097],[73.69822693,17.68647957],[73.7559433,17.55509758],[73.65406036,17.39001274],[73.70561218,17.26132965],[74.03975677,17.09007072],[74.25493622,17.13865852],[74.29303741,17.41633034],[74.50042725,17.38189125],[74.61590576,17.44146156],[74.69496155,17.38582039],[74.69484711,17.48408127],[74.81476593,17.45083809],[74.909729,17.62564087]]]},"properties":{"GID_0":"IND","NAME_0":"India","GID_1":"IND.20_1","NAME_1":"Maharashtra","NL_NAME_1":"","GID_2":"IND.20.30_1","NAME_2":"Satara","VARNAME_2":"North Satara","NL_NAME_2":"","TYPE_2":"District","ENGTYPE_2":"District","CC_2":"","HASC_2":"IN.MH.ST"}},
{"type":"Feature","geometry":{"type":"Polygon","coordinates":[[[74.12602997,15.65028954],[74.0965271,15.6708498],[74.21740723,15.77876091],[74.10220337,15.83747101],[74.03695679,15.76224136],[74.10029602,15.86962986],[74.05371094,15.95473957],[74.09689331,16.01042938],[74.00981903,16.03576088],[74.00557709,16.08647919],[73.84456635,16.0920105],[73.85459137,16.15047264],[73.91835785,16.1334095],[73.9680481,16.19845963],[73.90154266,16.22912979],[73.91317749,16.32657051],[73.85005188,16.31502151],[73.89713287,16.45584106],[73.82705688,16.54333115],[73.86274719,16.64865112],[73.78192902,16.66111946],[73.77484131,16.59995079],[73.69930267,16.6223011],[73.48607635,16.49398994],[73.39013672,16.51399231],[73.31764221,16.55624962],[73.36541748,16.39763832],[73.4054184,16.40486145],[73.36791992,16.36347008],[73.43569946,16.28652954],[73.4548645,16.05513954],[73.68013763,15.72437096],[73.83303833,15.73775196],[73.86548615,15.79752922],[73.998703,15.61112976],[74.12602997,15.65028954]]]},"properties":{"GID_0":"IND","NAME_0":"India","GID_1":"IND.20_1","NAME_1":"Maharashtra","NL_NAME_1":"","GID_2":"IND.20.31_1","NAME_2":"Sindhudurg","VARNAME_2":"Kudal, Sindhdurg","NL_NAME_2":"","TYPE_2":"District","ENGTYPE_2":"District","CC_2":"","HASC_2":"IN.MH.SI"}},
{"type":"Feature","geometry":{"type":"Polygon","coordinates":[[[74.909729,17.62564087],[74.99269104,17.54063034],[74.94503021,17.51164818],[74.97786713,17.46720123],[75.04460907,17.47281075],[74.96582794,17.29220009],[74.85526276,17.20967865],[74.92723083,17.15345192],[74.90099335,17.11812019],[75.08390045,17.2464695],[75.25081635,17.2536602],[75.21687317,17.1978302],[75.29876709,17.14468193],[75.29154205,17.21384048],[75.36422729,17.23415184],[75.40833282,17.1818409],[75.4243927,17.2634697],[75.51712036,17.23784065],[75.60595703,17.3032608],[75.57853699,17.38293076],[75.6355896,17.47751045],[75.80233765,17.37010193],[75.88723755,17.41732979],[75.93115234,17.32411003],[76.0734787,17.33232117],[76.12120819,17.36634064],[76.17575836,17.29721069],[76.17233276,17.34873009],[76.24436188,17.37467957],[76.38170624,17.31180954],[76.33167267,17.59486961],[76.4287262,17.64441109],[76.29866028,17.72762108],[76.18965149,17.68099022],[76.09651947,17.77741814],[76.00662994,17.74892044],[76.01880646,17.82792091],[75.8589325,17.86285973],[75.85302734,18.0055809],[75.97632599,17.96965027],[76.01661682,18.03862762],[75.94297028,18.12256813],[75.88791656,18.36308289],[75.72981262,18.43367195],[75.72154999,18.33723259],[75.65329742,18.33006287],[75.53533936,18.13382912],[75.43257141,18.17734909],[75.40876007,18.32636833],[75.28808594,18.40772057],[75.3170929,18.51838112],[75.21839142,18.55431938],[75.13819885,18.5261097],[75.08215332,18.42033958],[74.83828735,18.33893013],[74.79969788,18.28395081],[74.83760071,18.24595833],[75.04503632,18.26278114],[75.02574158,18.18707085],[75.11305237,18.21393967],[75.09729767,18.12175941],[75.16641235,18.10600281],[75.02529144,17.96141052],[75.12349701,17.99728012],[75.13405609,17.95355034],[75.02773285,17.89142036],[74.71494293,18.0288105],[74.61403656,17.84583282],[74.87758636,17.72515106],[74.909729,17.62564087]]]},"properties":{"GID_0":"IND","NAME_0":"India","GID_1":"IND.20_1","NAME_1":"Maharashtra","NL_NAME_1":"","GID_2":"IND.20.32_1","NAME_2":"Solapur","VARNAME_2":"Sholapur","NL_NAME_2":"","TYPE_2":"District","ENGTYPE_2":"District","CC_2":"","HASC_2":"IN.MH.SO"}},
{"type":"Feature","geometry":{"type":"Polygon","coordinates":[[[72.83742523,19.25708008],[72.98288727,19.17593193],[72.96263885,19.05820084],[73.03234863,18.99915123],[73.07541656,19.10987091],[73.20876312,19.12416077],[73.25714111,19.06329918],[73.3602066,19.1282711],[73.53668976,19.12890053],[73.69898987,19.24419975],[73.68247223,19.30257988],[73.80500793,19.33076286],[73.78970337,19.38606071],[73.69534302,19.44379044],[73.71749878,19.49638939],[73.62877655,19.58708],[73.49961853,19.72005272],[73.29389191,19.68971062],[73.2915802,19.61736107],[73.20353699,19.59547043],[73.18611145,19.52716255],[73.01210022,19.5024395],[72.94898224,19.28952026],[72.79319763,19.31042862],[72.78458405,19.26569557],[72.82569885,19.24875069],[72.83742523,19.25708008]]]},"properties":{"GID_0":"IND","NAME_0":"India","GID_1":"IND.20_1","NAME_1":"Maharashtra","NL_NAME_1":"","GID_2":"IND.20.33_1","NAME_2":"Thane","VARNAME_2":"Thana","NL_NAME_2":"","TYPE_2":"District","ENGTYPE_2":"District","CC_2":"","HASC_2":"IN.MH.TH"}},
{"type":"Feature","geometry":{"type":"Polygon","coordinates":[[[78.79656219,20.29751968],[78.83650208,20.43092918],[79.01843262,20.4782486],[79.11540222,20.4496994],[79.21897888,20.58177948],[79.09850311,20.71220016],[78.77326965,20.89175987],[78.72577667,21.00536919],[78.47332764,21.22076035],[78.24674225,21.33011055],[78.07081604,21.35495186],[78.0512619,21.25072098],[78.14095306,21.1385498],[78.1417923,20.95334816],[78.31327057,20.82394028],[78.27503204,20.69709969],[78.275383,20.56291962],[78.5043869,20.51987076],[78.56598663,20.43250847],[78.64273834,20.43194962],[78.70305634,20.30920029],[78.79656219,20.29751968]]]},"properties":{"GID_0":"IND","NAME_0":"India","GID_1":"IND.20_1","NAME_1":"Maharashtra","NL_NAME_1":"","GID_2":"IND.20.34_1","NAME_2":"Wardha","VARNAME_2":"","NL_NAME_2":"","TYPE_2":"District","ENGTYPE_2":"District","CC_2":"","HASC_2":"IN.MH.WR"}},
{"type":"Feature","geometry":{"type":"Polygon","coordinates":[[[77.28312683,19.91090965],[77.36656189,20.10163116],[77.52289581,20.09446907],[77.5776062,20.03013039],[77.6682663,20.10468102],[77.66512299,20.24815941],[77.56434631,20.33409119],[77.68754578,20.52424812],[77.64961243,20.56517029],[77.61268616,20.76114082],[77.51542664,20.72976112],[77.54026031,20.67670059],[77.43090057,20.66255951],[77.46366119,20.61128044],[77.3375473,20.57786942],[77.33336639,20.52770805],[77.39496613,20.52697945],[77.29270172,20.42080116],[77.18419647,20.44986153],[77.13857269,20.38362122],[77.02246857,20.45152283],[76.88111877,20.28330994],[76.82023621,20.28148842],[76.74563599,20.20580292],[76.75705719,20.13174057],[76.62909698,20.08327103],[76.64563751,19.86634827],[76.67724609,19.8468399],[76.9910965,20.01851082],[77.0996933,19.9332695],[77.20141602,19.99192047],[77.23828125,19.89270973],[77.28312683,19.91090965]]]},"properties":{"GID_0":"IND","NAME_0":"India","GID_1":"IND.20_1","NAME_1":"Maharashtra","NL_NAME_1":"","GID_2":"IND.20.35_1","NAME_2":"Washim","VARNAME_2":"","NL_NAME_2":"","TYPE_2":"District","ENGTYPE_2":"District","CC_2":"","HASC_2":"IN.MH.WS"}},
{"type":"Feature","geometry":{"type":"Polygon","coordinates":[[[78.84433746,19.75900078],[78.94338226,19.74739075],[78.95308685,19.80204964],[79.14591217,19.89182091],[78.91588593,20.25189972],[78.81487274,20.24653053],[78.79656219,20.29751968],[78.70305634,20.30920029],[78.64273834,20.43194962],[78.56598663,20.43250847],[78.5043869,20.51987076],[78.275383,20.56291962],[78.27503204,20.69709969],[78.10765839,20.64093018],[78.03452301,20.66730118],[77.92038727,20.55933952],[77.8891983,20.62435913],[77.76795959,20.54082108],[77.64961243,20.56517029],[77.68754578,20.52424812],[77.56434631,20.33409119],[77.66512299,20.24815941],[77.6682663,20.10468102],[77.5776062,20.03013039],[77.52289581,20.09446907],[77.36656189,20.10163116],[77.28312683,19.91090965],[77.45651245,19.68198967],[77.60410309,19.64682007],[77.63072968,19.55545044],[77.74601746,19.52140045],[77.69535065,19.43819046],[77.83088684,19.43873978],[77.83905792,19.50934982],[77.90365601,19.53272057],[77.98734283,19.45450974],[78.02172852,19.49674034],[78.06363678,19.46624947],[78.18460846,19.56664085],[78.17459869,19.65444946],[77.98439789,19.68040276],[77.85668945,19.74346161],[77.84527588,19.80065918],[77.94993591,19.91117096],[78.24832153,19.92905998],[78.25022125,19.87263107],[78.31019592,19.91274071],[78.49391937,19.79314995],[78.84433746,19.75900078]]]},"properties":{"GID_0":"IND","NAME_0":"India","GID_1":"IND.20_1","NAME_1":"Maharashtra","NL_NAME_1":"","GID_2":"IND.20.36_1","NAME_2":"Yavatmal","VARNAME_2":"Yeotmal","NL_NAME_2":"","TYPE_2":"District","ENGTYPE_2":"District","CC_2":"","HASC_2":"IN.MH.YA"}},
{"type":"Feature","geometry":{"type":"Polygon","coordinates":[[[93.88237,24.2907505],[93.87769318,24.55714035],[93.80210114,24.67337036],[93.89412689,24.71492958],[93.775177,24.7419529],[93.72603607,24.59620094],[93.71528625,24.42702103],[93.88237,24.2907505]]]},"properties":{"GID_0":"IND","NAME_0":"India","GID_1":"IND.21_1","NAME_1":"Manipur","NL_NAME_1":"","GID_2":"IND.21.1_1","NAME_2":"Bishnupur","VARNAME_2":"Bishenpur|Sishnupur","NL_NAME_2":"","TYPE_2":"District","ENGTYPE_2":"District","CC_2":"","HASC_2":"IN.MN.BI"}},
{"type":"Feature","geometry":{"type":"Polygon","coordinates":[[[93.74661255,24.00854111],[93.81598663,23.92982864],[93.95378113,23.95019913],[94.16146088,23.85277939],[94.40898132,24.48963165],[94.20549774,24.63196945],[94.15225983,24.62388039],[94.09140015,24.52316093],[94.0428009,24.54327965],[94.04042053,24.46030045],[93.97315979,24.48982811],[93.88751984,24.24108124],[93.88237,24.2907505],[93.74661255,24.00854111]]]},"properties":{"GID_0":"IND","NAME_0":"India","GID_1":"IND.21_1","NAME_1":"Manipur","NL_NAME_1":"","GID_2":"IND.21.2_1","NAME_2":"Chandel","VARNAME_2":"Tengnoupal","NL_NAME_2":"","TYPE_2":"District","ENGTYPE_2":"District","CC_2":"","HASC_2":"IN.MN.CD"}},
{"type":"Feature","geometry":{"type":"Polygon","coordinates":[[[93.74661255,24.00854111],[93.88237,24.2907505],[93.71528625,24.42702103],[93.72603607,24.59620094],[93.70175171,24.61626053],[93.44960022,24.54200172],[93.28923798,24.56932068],[93.22345734,24.49751282],[93.17331696,24.53128052],[93.21885681,24.70108986],[93.16130829,24.71221542],[93.15438843,24.58159256],[93.10697937,24.58356094],[93.00049591,24.40327072],[93.04337311,24.34338951],[92.97486877,24.11701965],[93.17838287,24.05409622],[93.33737183,24.05340004],[93.3469162,24.11296844],[93.41542816,24.07921982],[93.51508331,23.94716835],[93.62065887,24.01424026],[93.74661255,24.00854111]]]},"properties":{"GID_0":"IND","NAME_0":"India","GID_1":"IND.21_1","NAME_1":"Manipur","NL_NAME_1":"","GID_2":"IND.21.3_1","NAME_2":"Churachandpur","VARNAME_2":"Manipur South|Churchandpur","NL_NAME_2":"","TYPE_2":"District","ENGTYPE_2":"District","CC_2":"","HASC_2":"IN.MN.CC"}},
{"type":"Feature","geometry":{"type":"MultiPolygon","coordinates":[[[[93.10697937,24.58356094],[93.15438843,24.58159256],[93.16130829,24.71221542],[93.2142868,24.86194992],[93.17875671,24.79614067],[93.10978699,24.80974007],[93.10697937,24.58356094]]],[[[93.93647766,24.9013195],[93.89996338,24.85749817],[93.94725037,24.83725929],[93.94429016,24.72038269],[94.00171661,24.73273087],[94.02165222,24.67209244],[94.08898926,24.6981411],[94.1466217,24.92376137],[94.06665039,24.8878212],[94.03505707,25.05500984],[94.01965332,24.95961952],[93.95752716,24.96572113],[93.98877716,24.92720985],[93.93647766,24.9013195]]]]},"properties":{"GID_0":"IND","NAME_0":"India","GID_1":"IND.21_1","NAME_1":"Manipur","NL_NAME_1":"","GID_2":"IND.21.4_1","NAME_2":"Imphal East","VARNAME_2":"","NL_NAME_2":"","TYPE_2":"District","ENGTYPE_2":"District","CC_2":"","HASC_2":"IN.MN.EI"}},
{"type":"Feature","geometry":{"type":"Polygon","coordinates":[[[93.87769318,24.55714035],[93.94429016,24.72038269],[93.94725037,24.83725929],[93.89996338,24.85749817],[93.93647766,24.9013195],[93.93795776,24.97024918],[93.89095306,24.94574165],[93.97669983,25.0800705],[93.84918976,24.9557209],[93.775177,24.7419529],[93.89412689,24.71492958],[93.80210114,24.67337036],[93.87769318,24.55714035]]]},"properties":{"GID_0":"IND","NAME_0":"India","GID_1":"IND.21_1","NAME_1":"Manipur","NL_NAME_1":"","GID_2":"IND.21.5_1","NAME_2":"Imphal West","VARNAME_2":"","NL_NAME_2":"","TYPE_2":"District","ENGTYPE_2":"District","CC_2":"","HASC_2":"IN.MN.WI"}},
{"type":"Feature","geometry":{"type":"Polygon","coordinates":[[[94.20549774,24.63196945],[94.1264267,25.09625816],[94.32772064,25.28410912],[94.49341583,25.61433029],[94.3135376,25.4944706],[94.21485138,25.50024033],[94.19487,25.5524292],[94.1060791,25.52890015],[94.01473236,25.59613037],[93.94516754,25.56263924],[93.77063751,25.54027939],[93.80899811,25.46558952],[93.9174881,25.40886116],[93.89048004,25.33877945],[93.95948029,25.29451942],[93.7784729,25.15448952],[93.82215118,25.02819061],[93.66631317,24.79725838],[93.70175171,24.61626053],[93.72603607,24.59620094],[93.775177,24.7419529],[93.84918976,24.9557209],[93.97669983,25.0800705],[93.89095306,24.94574165],[93.93795776,24.97024918],[93.93647766,24.9013195],[93.98877716,24.92720985],[93.95752716,24.96572113],[94.01965332,24.95961952],[94.03505707,25.05500984],[94.06665039,24.8878212],[94.1466217,24.92376137],[94.08898926,24.6981411],[94.13124847,24.72871971],[94.15225983,24.62388039],[94.20549774,24.63196945]]]},"properties":{"GID_0":"IND","NAME_0":"India","GID_1":"IND.21_1","NAME_1":"Manipur","NL_NAME_1":"","GID_2":"IND.21.6_1","NAME_2":"Senapati","VARNAME_2":"","NL_NAME_2":"","TYPE_2":"District","ENGTYPE_2":"District","CC_2":"","HASC_2":"IN.MN.SE"}},
{"type":"Feature","geometry":{"type":"Polygon","coordinates":[[[93.16130829,24.71221542],[93.21885681,24.70108986],[93.17331696,24.53128052],[93.22345734,24.49751282],[93.28923798,24.56932068],[93.44960022,24.54200172],[93.70175171,24.61626053],[93.66631317,24.79725838],[93.82215118,25.02819061],[93.7784729,25.15448952],[93.95948029,25.29451942],[93.89048004,25.33877945],[93.9174881,25.40886116],[93.80899811,25.46558952],[93.60801697,25.20205116],[93.47402191,25.3092804],[93.25287628,24.97514915],[93.2142868,24.86194992],[93.16130829,24.71221542]]]},"properties":{"GID_0":"IND","NAME_0":"India","GID_1":"IND.21_1","NAME_1":"Manipur","NL_NAME_1":"","GID_2":"IND.21.7_1","NAME_2":"Tamenglong","VARNAME_2":"Manipur West","NL_NAME_2":"","TYPE_2":"District","ENGTYPE_2":"District","CC_2":"","HASC_2":"IN.MN.TA"}},
{"type":"Feature","geometry":{"type":"Polygon","coordinates":[[[93.87769318,24.55714035],[93.88237,24.2907505],[93.88751984,24.24108124],[93.97315979,24.48982811],[94.04042053,24.46030045],[94.0428009,24.54327965],[94.09140015,24.52316093],[94.15225983,24.62388039],[94.13124847,24.72871971],[94.08898926,24.6981411],[94.02165222,24.67209244],[94.00171661,24.73273087],[93.94429016,24.72038269],[93.87769318,24.55714035]]]},"properties":{"GID_0":"IND","NAME_0":"India","GID_1":"IND.21_1","NAME_1":"Manipur","NL_NAME_1":"","GID_2":"IND.21.8_1","NAME_2":"Thoubal","VARNAME_2":"","NL_NAME_2":"","TYPE_2":"District","ENGTYPE_2":"District","CC_2":"","HASC_2":"IN.MN.TH"}},
{"type":"Feature","geometry":{"type":"Polygon","coordinates":[[[94.40898132,24.48963165],[94.71907043,24.94247055],[94.74565887,25.13659096],[94.58535767,25.21574974],[94.68242645,25.45973015],[94.55741882,25.5127697],[94.5956192,25.69128036],[94.49341583,25.61433029],[94.32772064,25.28410912],[94.1264267,25.09625816],[94.20549774,24.63196945],[94.40898132,24.48963165]]]},"properties":{"GID_0":"IND","NAME_0":"India","GID_1":"IND.21_1","NAME_1":"Manipur","NL_NAME_1":"","GID_2":"IND.21.9_1","NAME_2":"Ukhrul","VARNAME_2":"Manipur East, Ukhurul","NL_NAME_2":"","TYPE_2":"District","ENGTYPE_2":"District","CC_2":"","HASC_2":"IN.MN.UK"}},
{"type":"Feature","geometry":{"type":"Polygon","coordinates":[[[91.00078583,25.82225037],[91.02922058,25.88804817],[90.94274902,25.9475708],[90.91911316,25.913311],[90.80989075,25.95215988],[90.77806091,25.90829086],[90.75263214,25.84065056],[90.56822968,25.77818871],[90.49505615,25.77818871],[90.4908905,25.8305378],[90.39096069,25.79865074],[90.44104004,25.69581985],[90.33495331,25.46010971],[90.64446259,25.41576958],[90.76641083,25.55417252],[90.90818024,25.64083099],[91.00078583,25.82225037]]]},"properties":{"GID_0":"IND","NAME_0":"India","GID_1":"IND.22_1","NAME_1":"Meghalaya","NL_NAME_1":"","GID_2":"IND.22.1_1","NAME_2":"East Garo Hills","VARNAME_2":"","NL_NAME_2":"","TYPE_2":"District","ENGTYPE_2":"District","CC_2":"","HASC_2":"IN.ML.EG"}},
{"type":"Feature","geometry":{"type":"Polygon","coordinates":[[[91.38894653,25.16757584],[91.47520447,25.13354301],[91.61411285,25.17534828],[91.63785553,25.12265396],[91.75515747,25.17749214],[92.02820587,25.18353271],[91.98755646,25.27625275],[92.11496735,25.30866051],[92.15299988,25.66838455],[91.81089783,25.65541458],[91.69010925,25.52659035],[91.54257202,25.51161957],[91.55510712,25.43912125],[91.5447998,25.27988815],[91.35533905,25.2343502],[91.38894653,25.16757584]]]},"properties":{"GID_0":"IND","NAME_0":"India","GID_1":"IND.22_1","NAME_1":"Meghalaya","NL_NAME_1":"","GID_2":"IND.22.2_1","NAME_2":"East Khasi Hills","VARNAME_2":"","NL_NAME_2":"","TYPE_2":"District","ENGTYPE_2":"District","CC_2":"","HASC_2":"IN.ML.EK"}},
{"type":"Feature","geometry":{"type":"Polygon","coordinates":[[[92.02820587,25.18353271],[92.34777069,25.07413292],[92.46328735,24.95591736],[92.42590332,25.0318203],[92.48429871,25.10806084],[92.54294586,25.09959984],[92.52466583,25.14002991],[92.62164307,25.11770058],[92.66690826,25.17706108],[92.80442047,25.21932983],[92.78437042,25.3325386],[92.56741333,25.46747017],[92.66072083,25.58184052],[92.57250214,25.56042099],[92.38510132,25.75356293],[92.1605072,25.67329025],[92.15299988,25.66838455],[92.11496735,25.30866051],[91.98755646,25.27625275],[92.02820587,25.18353271]]]},"properties":{"GID_0":"IND","NAME_0":"India","GID_1":"IND.22_1","NAME_1":"Meghalaya","NL_NAME_1":"","GID_2":"IND.22.3_1","NAME_2":"Jaintia Hills","VARNAME_2":"","NL_NAME_2":"","TYPE_2":"District","ENGTYPE_2":"District","CC_2":"","HASC_2":"IN.ML.JH"}},
{"type":"Feature","geometry":{"type":"Polygon","coordinates":[[[90.39096069,25.79865074],[90.4908905,25.8305378],[90.49505615,25.77818871],[90.56822968,25.77818871],[90.75263214,25.84065056],[90.77806091,25.90829086],[90.74743652,25.95732117],[90.61419678,25.89950943],[90.5824585,25.95979118],[90.51254272,25.89624023],[90.5057373,25.99602127],[90.39649963,26.01415062],[90.41369629,25.92238808],[90.33809662,25.80452919],[90.39096069,25.79865074]]]},"properties":{"GID_0":"IND","NAME_0":"India","GID_1":"IND.22_1","NAME_1":"Meghalaya","NL_NAME_1":"","GID_2":"IND.22.4_1","NAME_2":"North Garo Hills","VARNAME_2":"","NL_NAME_2":"","TYPE_2":"District","ENGTYPE_2":"District","CC_2":"","HASC_2":"IN.ML.NG"}},
{"type":"Feature","geometry":{"type":"Polygon","coordinates":[[[92.15299988,25.66838455],[92.1605072,25.67329025],[92.15310669,25.81274986],[92.22547913,25.90704918],[92.15631866,25.94479942],[92.30158234,26.0764904],[92.17830658,26.07950974],[91.92209625,25.99953079],[91.87578583,26.09773064],[91.77206421,26.08448219],[91.66931152,25.90538979],[91.61115265,25.93992043],[91.63215637,26.02240944],[91.57583618,26.03310966],[91.47476196,25.87123108],[91.52540588,25.87289047],[91.34249115,25.83609962],[91.45893097,25.78890038],[91.75035095,25.82789993],[91.81089783,25.65541458],[92.15299988,25.66838455]]]},"properties":{"GID_0":"IND","NAME_0":"India","GID_1":"IND.22_1","NAME_1":"Meghalaya","NL_NAME_1":"","GID_2":"IND.22.5_1","NAME_2":"Ri Bhoi","VARNAME_2":"","NL_NAME_2":"","TYPE_2":"District","ENGTYPE_2":"District","CC_2":"","HASC_2":"IN.ML.RB"}},
{"type":"Feature","geometry":{"type":"Polygon","coordinates":[[[90.27759552,25.19639397],[90.440979,25.14462662],[90.64962769,25.19524574],[90.69850159,25.15685463],[90.97033691,25.17374039],[90.87651825,25.29236984],[90.74936676,25.38043976],[90.76641083,25.55417252],[90.64446259,25.41576958],[90.33495331,25.46010971],[90.27759552,25.19639397]]]},"properties":{"GID_0":"IND","NAME_0":"India","GID_1":"IND.22_1","NAME_1":"Meghalaya","NL_NAME_1":"","GID_2":"IND.22.6_1","NAME_2":"South Garo Hills","VARNAME_2":"","NL_NAME_2":"","TYPE_2":"District","ENGTYPE_2":"District","CC_2":"","HASC_2":"IN.ML.SG"}},
{"type":"Feature","geometry":{"type":"Polygon","coordinates":[[[90.00582123,25.58836937],[89.86273193,25.54319382],[89.8311615,25.29614067],[89.93099976,25.30111313],[89.97930908,25.44815826],[90.09732819,25.53096199],[90.00582123,25.58836937]]]},"properties":{"GID_0":"IND","NAME_0":"India","GID_1":"IND.22_1","NAME_1":"Meghalaya","NL_NAME_1":"","GID_2":"IND.22.7_1","NAME_2":"South West Garo Hills","VARNAME_2":"","NL_NAME_2":"","TYPE_2":"District","ENGTYPE_2":"District","CC_2":"","HASC_2":""}},
{"type":"Feature","geometry":{"type":"Polygon","coordinates":[[[90.97033691,25.17374039],[91.38894653,25.16757584],[91.35533905,25.2343502],[91.5447998,25.27988815],[91.55510712,25.43912125],[91.47956085,25.48539543],[91.50525665,25.44256592],[91.41197968,25.38831329],[91.43387604,25.48825073],[91.18450928,25.46064949],[91.1026535,25.32835197],[90.89516449,25.33215904],[90.87651825,25.29236984],[90.97033691,25.17374039]]]},"properties":{"GID_0":"IND","NAME_0":"India","GID_1":"IND.22_1","NAME_1":"Meghalaya","NL_NAME_1":"","GID_2":"IND.22.8_1","NAME_2":"South West Khasi Hills","VARNAME_2":"","NL_NAME_2":"","TYPE_2":"District","ENGTYPE_2":"District","CC_2":"","HASC_2":""}},
{"type":"Feature","geometry":{"type":"Polygon","coordinates":[[[89.93099976,25.30111313],[90.27759552,25.19639397],[90.33495331,25.46010971],[90.44104004,25.69581985],[90.39096069,25.79865074],[90.33809662,25.80452919],[90.41369629,25.92238808],[90.39649963,26.01415062],[90.11865234,25.96125984],[89.89261627,25.73500061],[90.00582123,25.58836937],[90.09732819,25.53096199],[89.97930908,25.44815826],[89.93099976,25.30111313]]]},"properties":{"GID_0":"IND","NAME_0":"India","GID_1":"IND.22_1","NAME_1":"Meghalaya","NL_NAME_1":"","GID_2":"IND.22.9_1","NAME_2":"West Garo Hills","VARNAME_2":"","NL_NAME_2":"","TYPE_2":"District","ENGTYPE_2":"District","CC_2":"","HASC_2":"IN.ML.WG"}},
{"type":"Feature","geometry":{"type":"Polygon","coordinates":[[[91.55510712,25.43912125],[91.54257202,25.51161957],[91.69010925,25.52659035],[91.81089783,25.65541458],[91.75035095,25.82789993],[91.45893097,25.78890038],[91.34249115,25.83609962],[91.22387695,25.72341919],[91.1964798,25.8590107],[91.00078583,25.82225037],[90.90818024,25.64083099],[90.76641083,25.55417252],[90.74936676,25.38043976],[90.87651825,25.29236984],[90.89516449,25.33215904],[91.1026535,25.32835197],[91.18450928,25.46064949],[91.43387604,25.48825073],[91.41197968,25.38831329],[91.50525665,25.44256592],[91.47956085,25.48539543],[91.55510712,25.43912125]]]},"properties":{"GID_0":"IND","NAME_0":"India","GID_1":"IND.22_1","NAME_1":"Meghalaya","NL_NAME_1":"","GID_2":"IND.22.10_1","NAME_2":"West Khasi Hills","VARNAME_2":"","NL_NAME_2":"","TYPE_2":"District","ENGTYPE_2":"District","CC_2":"","HASC_2":"IN.ML.WK"}},
{"type":"Feature","geometry":{"type":"Polygon","coordinates":[[[92.67404938,23.38496017],[92.69085693,23.31172562],[92.83720398,23.34500885],[92.7843399,23.61617279],[92.87733459,23.4673748],[92.95761108,23.52219772],[93.01377869,23.49650383],[93.02534485,23.78333855],[93.14764404,23.84269524],[93.21107483,23.97357368],[93.17838287,24.05409622],[92.97486877,24.11701965],[93.04337311,24.34338951],[93.00049591,24.40327072],[92.8963623,24.39430046],[92.84192657,24.01667976],[92.62832642,23.95606041],[92.67404938,23.38496017]]]},"properties":{"GID_0":"IND","NAME_0":"India","GID_1":"IND.23_1","NAME_1":"Mizoram","NL_NAME_1":"","GID_2":"IND.23.1_1","NAME_2":"Aizawl","VARNAME_2":"Aizawal","NL_NAME_2":"","TYPE_2":"District","ENGTYPE_2":"District","CC_2":"","HASC_2":"IN.MZ.AI"}},
{"type":"Feature","geometry":{"type":"Polygon","coordinates":[[[93.18693542,23.05718422],[93.29772186,23.00579834],[93.39364624,23.13861275],[93.36580658,23.35448074],[93.41423798,23.38801193],[93.44470215,23.68242836],[93.33737183,24.05340004],[93.17838287,24.05409622],[93.21107483,23.97357368],[93.14764404,23.84269524],[93.02534485,23.78333855],[93.01377869,23.49650383],[93.05467224,23.3751812],[93.01270294,23.28259087],[93.14910126,23.24418068],[93.18693542,23.05718422]]]},"properties":{"GID_0":"IND","NAME_0":"India","GID_1":"IND.23_1","NAME_1":"Mizoram","NL_NAME_1":"","GID_2":"IND.23.2_1","NAME_2":"Champhai","VARNAME_2":"","NL_NAME_2":"","TYPE_2":"District","ENGTYPE_2":"District","CC_2":"","HASC_2":"IN.MZ.CH"}},
{"type":"Feature","geometry":{"type":"Polygon","coordinates":[[[92.62832642,23.95606041],[92.84192657,24.01667976],[92.8963623,24.39430046],[92.82898712,24.37776947],[92.76519775,24.52084923],[92.53289032,24.18053055],[92.53991699,24.03530121],[92.58419037,24.07653999],[92.63907623,24.03507996],[92.62832642,23.95606041]]]},"properties":{"GID_0":"IND","NAME_0":"India","GID_1":"IND.23_1","NAME_1":"Mizoram","NL_NAME_1":"","GID_2":"IND.23.3_1","NAME_2":"Kolasib","VARNAME_2":"Aizawal","NL_NAME_2":"","TYPE_2":"District","ENGTYPE_2":"District","CC_2":"","HASC_2":"IN.MZ.KO"}},
{"type":"Feature","geometry":{"type":"Polygon","coordinates":[[[92.856987,22.06563187],[92.8269577,22.32739067],[92.96508789,22.37998009],[92.9369278,22.55708122],[92.81012726,22.62940979],[92.76685333,22.49996948],[92.58973694,22.74868011],[92.50792694,22.73608017],[92.60968018,21.97683716],[92.68435669,22.01791],[92.70343781,22.15378189],[92.856987,22.06563187]]]},"properties":{"GID_0":"IND","NAME_0":"India","GID_1":"IND.23_1","NAME_1":"Mizoram","NL_NAME_1":"","GID_2":"IND.23.4_1","NAME_2":"Lawangtlai","VARNAME_2":"","NL_NAME_2":"","TYPE_2":"District","ENGTYPE_2":"District","CC_2":"","HASC_2":"IN.MZ.LA"}},
{"type":"Feature","geometry":{"type":"Polygon","coordinates":[[[93.10402679,22.78711128],[93.16835022,22.91913033],[93.13021088,23.00645065],[92.94019318,23.18942833],[92.86989594,23.17545128],[92.8404007,23.24708939],[92.72657013,23.24306107],[92.71090698,23.19472122],[92.69085693,23.31172562],[92.67404938,23.38496017],[92.46787262,23.3904705],[92.40337372,23.24142838],[92.34671021,23.23578835],[92.3717041,22.93621254],[92.44753265,22.89359093],[92.50792694,22.73608017],[92.58973694,22.74868011],[92.76685333,22.49996948],[92.81012726,22.62940979],[92.9369278,22.55708122],[92.92652893,22.7911911],[93.10402679,22.78711128]]]},"properties":{"GID_0":"IND","NAME_0":"India","GID_1":"IND.23_1","NAME_1":"Mizoram","NL_NAME_1":"","GID_2":"IND.23.5_1","NAME_2":"Lunglei","VARNAME_2":"","NL_NAME_2":"","TYPE_2":"District","ENGTYPE_2":"District","CC_2":"","HASC_2":"IN.MZ.LU"}},
{"type":"Feature","geometry":{"type":"Polygon","coordinates":[[[92.67404938,23.38496017],[92.62832642,23.95606041],[92.63907623,24.03507996],[92.58419037,24.07653999],[92.53991699,24.03530121],[92.53289032,24.18053055],[92.43743134,24.15135002],[92.42237854,24.25311089],[92.29668427,24.25174141],[92.33114624,23.91180229],[92.25939941,23.814991],[92.27965546,23.71568108],[92.40337372,23.24142838],[92.46787262,23.3904705],[92.67404938,23.38496017]]]},"properties":{"GID_0":"IND","NAME_0":"India","GID_1":"IND.23_1","NAME_1":"Mizoram","NL_NAME_1":"","GID_2":"IND.23.6_1","NAME_2":"Mamit","VARNAME_2":"","NL_NAME_2":"","TYPE_2":"District","ENGTYPE_2":"District","CC_2":"","HASC_2":"IN.MZ.MA"}},
{"type":"Feature","geometry":{"type":"Polygon","coordinates":[[[92.856987,22.06563187],[92.91088867,21.94622993],[92.95580292,22.02992058],[93.00662994,21.97986031],[93.04666138,22.19762039],[93.15441132,22.17819023],[93.14710999,22.24654007],[93.20858002,22.26106834],[93.19081116,22.42725945],[93.11168671,22.53178978],[93.10402679,22.78711128],[92.92652893,22.7911911],[92.9369278,22.55708122],[92.96508789,22.37998009],[92.8269577,22.32739067],[92.856987,22.06563187]]]},"properties":{"GID_0":"IND","NAME_0":"India","GID_1":"IND.23_1","NAME_1":"Mizoram","NL_NAME_1":"","GID_2":"IND.23.7_1","NAME_2":"Saiha","VARNAME_2":"Chhimtuipui","NL_NAME_2":"","TYPE_2":"District","ENGTYPE_2":"District","CC_2":"","HASC_2":"IN.MZ.SA"}},
{"type":"Feature","geometry":{"type":"Polygon","coordinates":[[[93.18693542,23.05718422],[93.14910126,23.24418068],[93.01270294,23.28259087],[93.05467224,23.3751812],[93.01377869,23.49650383],[92.95761108,23.52219772],[92.87733459,23.4673748],[92.7843399,23.61617279],[92.83720398,23.34500885],[92.69085693,23.31172562],[92.71090698,23.19472122],[92.72657013,23.24306107],[92.8404007,23.24708939],[92.86989594,23.17545128],[92.94019318,23.18942833],[93.13021088,23.00645065],[93.18693542,23.05718422]]]},"properties":{"GID_0":"IND","NAME_0":"India","GID_1":"IND.23_1","NAME_1":"Mizoram","NL_NAME_1":"","GID_2":"IND.23.8_1","NAME_2":"Serchhip","VARNAME_2":"","NL_NAME_2":"","TYPE_2":"District","ENGTYPE_2":"District","CC_2":"","HASC_2":"IN.MZ.SE"}},
{"type":"Feature","geometry":{"type":"Polygon","coordinates":[[[93.96075439,25.90585518],[93.79576111,25.81435013],[93.77301788,25.96602058],[93.53149414,25.69400597],[93.88343811,25.66531372],[94.00631714,25.80042458],[93.96075439,25.90585518]]]},"properties":{"GID_0":"IND","NAME_0":"India","GID_1":"IND.24_1","NAME_1":"Nagaland","NL_NAME_1":"","GID_2":"IND.24.1_1","NAME_2":"Dimapur","VARNAME_2":"","NL_NAME_2":"","TYPE_2":"District","ENGTYPE_2":"District","CC_2":"","HASC_2":"IN.NL.DI"}},
{"type":"Feature","geometry":{"type":"Polygon","coordinates":[[[94.88897705,25.59311104],[95.05252838,25.76265907],[95.01557159,25.88053703],[94.9285965,25.94312096],[94.84466553,25.92663574],[94.89430237,25.99898529],[94.85128021,26.0346756],[94.6683197,26.0195694],[94.57663727,25.89801979],[94.71668243,25.76399994],[94.72614288,25.72735977],[94.75595093,25.78625107],[94.83505249,25.75908279],[94.88897705,25.59311104]]]},"properties":{"GID_0":"IND","NAME_0":"India","GID_1":"IND.24_1","NAME_1":"Nagaland","NL_NAME_1":"","GID_2":"IND.24.2_1","NAME_2":"Kiphire","VARNAME_2":"Tuenasang","NL_NAME_2":"","TYPE_2":"District","ENGTYPE_2":"District","CC_2":"","HASC_2":"IN.NL.KP"}},
{"type":"Feature","geometry":{"type":"Polygon","coordinates":[[[93.94516754,25.56263924],[94.01473236,25.59613037],[94.1060791,25.52890015],[94.19487,25.5524292],[94.28179932,25.8053627],[94.2164917,25.87864876],[94.28565216,25.9348011],[94.27401733,26.01500893],[93.98268127,25.92626953],[93.96075439,25.90585518],[94.00631714,25.80042458],[93.88343811,25.66531372],[93.94516754,25.56263924]]]},"properties":{"GID_0":"IND","NAME_0":"India","GID_1":"IND.24_1","NAME_1":"Nagaland","NL_NAME_1":"","GID_2":"IND.24.3_1","NAME_2":"Kohima","VARNAME_2":"","NL_NAME_2":"","TYPE_2":"District","ENGTYPE_2":"District","CC_2":"","HASC_2":"IN.NL.KH"}},
{"type":"Feature","geometry":{"type":"Polygon","coordinates":[[[94.79078674,26.80145264],[94.73773193,26.76885033],[94.75231171,26.70691109],[94.67016602,26.65326118],[94.73697662,26.60064125],[94.71141815,26.44519234],[94.92897034,26.37999916],[94.89473724,26.60873985],[94.78296661,26.66135979],[94.83589172,26.72286987],[94.79078674,26.80145264]]]},"properties":{"GID_0":"IND","NAME_0":"India","GID_1":"IND.24_1","NAME_1":"Nagaland","NL_NAME_1":"","GID_2":"IND.24.4_1","NAME_2":"Longleng","VARNAME_2":"Tuenasang","NL_NAME_2":"","TYPE_2":"District","ENGTYPE_2":"District","CC_2":"","HASC_2":""}},
{"type":"Feature","geometry":{"type":"Polygon","coordinates":[[[94.71141815,26.44519234],[94.73697662,26.60064125],[94.67016602,26.65326118],[94.75231171,26.70691109],[94.73773193,26.76885033],[94.5951767,26.72989082],[94.40988159,26.61643982],[94.31651306,26.46293068],[94.37037659,26.19741821],[94.44786835,26.2129097],[94.48842621,26.29520035],[94.5016861,26.21993828],[94.58766174,26.22407913],[94.56539917,26.28450966],[94.71141815,26.44519234]]]},"properties":{"GID_0":"IND","NAME_0":"India","GID_1":"IND.24_1","NAME_1":"Nagaland","NL_NAME_1":"","GID_2":"IND.24.5_1","NAME_2":"Mokokchung","VARNAME_2":"Mokochung","NL_NAME_2":"","TYPE_2":"District","ENGTYPE_2":"District","CC_2":"","HASC_2":"IN.NL.MK"}},
{"type":"Feature","geometry":{"type":"Polygon","coordinates":[[[95.23763275,26.68629074],[95.19551849,27.04294968],[95.02134705,26.92539978],[94.88622284,26.93246078],[94.79078674,26.80145264],[94.83589172,26.72286987],[94.78296661,26.66135979],[94.89473724,26.60873985],[94.92897034,26.37999916],[95.00786591,26.28901672],[95.12822723,26.32925987],[95.06720734,26.46154976],[95.23763275,26.68629074]]]},"properties":{"GID_0":"IND","NAME_0":"India","GID_1":"IND.24_1","NAME_1":"Nagaland","NL_NAME_1":"","GID_2":"IND.24.6_1","NAME_2":"Mon","VARNAME_2":"","NL_NAME_2":"","TYPE_2":"District","ENGTYPE_2":"District","CC_2":"","HASC_2":"IN.NL.MN"}},
{"type":"Feature","geometry":{"type":"Polygon","coordinates":[[[93.33174133,25.54681015],[93.46186829,25.4346981],[93.47402191,25.3092804],[93.60801697,25.20205116],[93.80899811,25.46558952],[93.77063751,25.54027939],[93.94516754,25.56263924],[93.88343811,25.66531372],[93.53149414,25.69400597],[93.33174133,25.54681015]]]},"properties":{"GID_0":"IND","NAME_0":"India","GID_1":"IND.24_1","NAME_1":"Nagaland","NL_NAME_1":"","GID_2":"IND.24.7_1","NAME_2":"Peren","VARNAME_2":"","NL_NAME_2":"","TYPE_2":"District","ENGTYPE_2":"District","CC_2":"","HASC_2":"IN.NL.PE"}},
{"type":"Feature","geometry":{"type":"Polygon","coordinates":[[[94.19487,25.5524292],[94.21485138,25.50024033],[94.3135376,25.4944706],[94.49341583,25.61433029],[94.5956192,25.69128036],[94.55741882,25.5127697],[94.68242645,25.45973015],[94.81249237,25.49537086],[94.88897705,25.59311104],[94.83505249,25.75908279],[94.75595093,25.78625107],[94.72614288,25.72735977],[94.71668243,25.76399994],[94.46613312,25.8471489],[94.28179932,25.8053627],[94.19487,25.5524292]]]},"properties":{"GID_0":"IND","NAME_0":"India","GID_1":"IND.24_1","NAME_1":"Nagaland","NL_NAME_1":"","GID_2":"IND.24.8_1","NAME_2":"Phek","VARNAME_2":"Pheka","NL_NAME_2":"","TYPE_2":"District","ENGTYPE_2":"District","CC_2":"","HASC_2":"IN.NL.PH"}},
{"type":"Feature","geometry":{"type":"Polygon","coordinates":[[[94.6683197,26.0195694],[94.85128021,26.0346756],[94.89430237,25.99898529],[94.84466553,25.92663574],[94.9285965,25.94312096],[95.01557159,25.88053703],[95.18569946,26.08035088],[95.12056732,26.10974121],[95.12822723,26.32925987],[95.00786591,26.28901672],[94.92897034,26.37999916],[94.71141815,26.44519234],[94.56539917,26.28450966],[94.58766174,26.22407913],[94.70504761,26.17793846],[94.6683197,26.0195694]]]},"properties":{"GID_0":"IND","NAME_0":"India","GID_1":"IND.24_1","NAME_1":"Nagaland","NL_NAME_1":"","GID_2":"IND.24.9_1","NAME_2":"Tuensang","VARNAME_2":"Tuenasang","NL_NAME_2":"","TYPE_2":"District","ENGTYPE_2":"District","CC_2":"","HASC_2":"IN.NL.TS"}},
{"type":"Feature","geometry":{"type":"Polygon","coordinates":[[[94.1676712,26.35330963],[94.00480652,26.17327118],[93.98268127,25.92626953],[94.27401733,26.01500893],[94.35968018,26.01483154],[94.37037659,26.19741821],[94.31651306,26.46293068],[94.2822876,26.56353951],[94.1676712,26.35330963]]]},"properties":{"GID_0":"IND","NAME_0":"India","GID_1":"IND.24_1","NAME_1":"Nagaland","NL_NAME_1":"","GID_2":"IND.24.10_1","NAME_2":"Wokha","VARNAME_2":"","NL_NAME_2":"","TYPE_2":"District","ENGTYPE_2":"District","CC_2":"","HASC_2":"IN.NL.WO"}},
{"type":"Feature","geometry":{"type":"Polygon","coordinates":[[[94.27401733,26.01500893],[94.28565216,25.9348011],[94.2164917,25.87864876],[94.28179932,25.8053627],[94.46613312,25.8471489],[94.71668243,25.76399994],[94.57663727,25.89801979],[94.6683197,26.0195694],[94.70504761,26.17793846],[94.58766174,26.22407913],[94.5016861,26.21993828],[94.48842621,26.29520035],[94.44786835,26.2129097],[94.37037659,26.19741821],[94.35968018,26.01483154],[94.27401733,26.01500893]]]},"properties":{"GID_0":"IND","NAME_0":"India","GID_1":"IND.24_1","NAME_1":"Nagaland","NL_NAME_1":"","GID_2":"IND.24.11_1","NAME_2":"Zunheboto","VARNAME_2":"Zanheboto|Zonheboto","NL_NAME_2":"","TYPE_2":"District","ENGTYPE_2":"District","CC_2":"","HASC_2":"IN.NL.ZU"}},
{"type":"Feature","geometry":{"type":"Polygon","coordinates":[[[77.32713318,28.68515968],[77.1969223,28.79528046],[77.2173233,28.83527946],[77.18686676,28.86681938],[77.07585144,28.88451195],[76.94230652,28.82068062],[76.93390656,28.63764954],[76.83291626,28.58250809],[76.87937164,28.50905037],[77.07247925,28.52028084],[77.16577148,28.40846062],[77.33773804,28.50897026],[77.29380035,28.5667305],[77.32713318,28.68515968]]]},"properties":{"GID_0":"IND","NAME_0":"India","GID_1":"IND.25_1","NAME_1":"NCT of Delhi","NL_NAME_1":"","GID_2":"IND.25.1_1","NAME_2":"West","VARNAME_2":"","NL_NAME_2":"","TYPE_2":"District","ENGTYPE_2":"District","CC_2":"","HASC_2":"IN.DL.WE"}},
{"type":"Feature","geometry":{"type":"Polygon","coordinates":[[[84.26069641,20.88430977],[84.36530304,20.7575016],[84.78772736,20.57517052],[84.84503937,20.52207947],[84.89160156,20.57419968],[85.12320709,20.60911179],[85.11402893,20.68696022],[85.14742279,20.72540092],[85.1907959,20.67147064],[85.26191711,20.88487053],[85.25634766,20.97834015],[85.16285706,21.05211067],[85.22718048,21.06585121],[85.26772308,21.16867065],[85.38886261,21.1794796],[85.2678833,21.2700386],[85.33763885,21.35388947],[85.25312042,21.44635963],[85.32296753,21.50531006],[85.24497223,21.6716404],[85.1879425,21.65886116],[85.14418793,21.58963013],[85.20011902,21.51587105],[85.15114594,21.45574951],[85.0008316,21.4383812],[85.03106689,21.28947067],[84.89537811,21.25438118],[84.96230316,21.14936066],[84.73874664,21.16599083],[84.67900848,21.14412117],[84.67666626,21.05914116],[84.47841644,21.07768059],[84.27603149,20.92217064],[84.26069641,20.88430977]]]},"properties":{"GID_0":"IND","NAME_0":"India","GID_1":"IND.26_1","NAME_1":"Odisha","NL_NAME_1":"","GID_2":"IND.26.1_1","NAME_2":"Anugul","VARNAME_2":"","NL_NAME_2":"","TYPE_2":"District","ENGTYPE_2":"District","CC_2":"","HASC_2":"IN.OR.AN"}},
{"type":"Feature","geometry":{"type":"Polygon","coordinates":[[[82.81746674,20.16052055],[83.17626953,20.16745186],[83.48049164,20.44890976],[83.56991577,20.3597126],[83.64536285,20.38400078],[83.65908051,20.41755295],[83.56503296,20.4793396],[83.59910583,20.5248394],[83.670578,20.73747063],[83.56661987,20.84832954],[83.63456726,20.97582054],[83.46370697,20.99352074],[83.45217896,21.05101013],[83.3514328,21.06573105],[83.28974152,21.01151085],[83.37903595,20.98917007],[83.40598297,20.89178085],[83.27562714,20.83989906],[83.21222687,20.93106079],[83.12520599,20.85955048],[82.98612976,20.84526062],[82.88378143,20.90653038],[82.69554138,20.72187996],[82.7358017,20.61894989],[82.67928314,20.44576073],[82.71216583,20.35297012],[82.80989838,20.37854958],[82.78486633,20.32141113],[82.84755707,20.33238029],[82.81746674,20.16052055]]]},"properties":{"GID_0":"IND","NAME_0":"India","GID_1":"IND.26_1","NAME_1":"Odisha","NL_NAME_1":"","GID_2":"IND.26.2_1","NAME_2":"Balangir","VARNAME_2":"Balangir","NL_NAME_2":"","TYPE_2":"District","ENGTYPE_2":"District","CC_2":"","HASC_2":"IN.OR.BL"}},
{"type":"Feature","geometry":{"type":"Polygon","coordinates":[[[87.09464264,21.86034012],[87.1798172,21.78512955],[87.10132599,21.77826118],[87.06746674,21.7013607],[87.02263641,21.73578072],[87.00287628,21.59319115],[86.90775299,21.57417107],[86.87380219,21.62998962],[86.86277771,21.58704948],[86.64755249,21.57368279],[86.35646057,21.29467964],[86.36598969,21.23293114],[86.63771057,21.05491257],[86.67154694,21.1618309],[86.82917023,21.20153999],[87.10694885,21.51773453],[87.37999725,21.54555511],[87.48203278,21.60870361],[87.43930817,21.76436043],[87.27156067,21.80340004],[87.23484802,21.95438004],[87.17085266,21.97261047],[87.09464264,21.86034012]]]},"properties":{"GID_0":"IND","NAME_0":"India","GID_1":"IND.26_1","NAME_1":"Odisha","NL_NAME_1":"","GID_2":"IND.26.3_1","NAME_2":"Baleshwar","VARNAME_2":"Balasore, Baleswar","NL_NAME_2":"","TYPE_2":"District","ENGTYPE_2":"District","CC_2":"","HASC_2":"IN.OR.BW"}},
{"type":"Feature","geometry":{"type":"Polygon","coordinates":[[[82.69554138,20.72187996],[82.88378143,20.90653038],[82.98612976,20.84526062],[83.12520599,20.85955048],[83.21222687,20.93106079],[83.27562714,20.83989906],[83.40598297,20.89178085],[83.37903595,20.98917007],[83.28974152,21.01151085],[83.3514328,21.06573105],[83.45217896,21.05101013],[83.76296997,21.15088272],[83.83776855,21.09309006],[83.8884964,21.17400932],[83.84253693,21.40649986],[83.87982178,21.43507767],[83.7931366,21.56302071],[83.68785095,21.69856071],[83.59159088,21.73205948],[83.483078,21.63960075],[83.38072205,21.61275101],[83.33463287,21.49555016],[83.40265656,21.34843063],[83.27001953,21.37503815],[83.26767731,21.26857758],[83.13400269,21.10523033],[82.95606995,21.17548943],[82.63594055,21.1494503],[82.63183594,21.08695984],[82.68641663,21.01843071],[82.69554138,20.72187996]]]},"properties":{"GID_0":"IND","NAME_0":"India","GID_1":"IND.26_1","NAME_1":"Odisha","NL_NAME_1":"","GID_2":"IND.26.4_1","NAME_2":"Bargarh","VARNAME_2":"","NL_NAME_2":"","TYPE_2":"District","ENGTYPE_2":"District","CC_2":"","HASC_2":"IN.OR.BR"}},
{"type":"Feature","geometry":{"type":"Polygon","coordinates":[[[84.78772736,20.57517052],[84.36530304,20.7575016],[84.26069641,20.88430977],[83.774086,20.79410934],[83.72431946,20.60116005],[83.59910583,20.5248394],[83.56503296,20.4793396],[83.65908051,20.41755295],[83.80573273,20.42784119],[83.78914642,20.50443077],[83.91007233,20.61108971],[83.99989319,20.56425095],[84.21457672,20.58161163],[84.31217957,20.68900108],[84.45606232,20.39073944],[84.506073,20.3923912],[84.6684494,20.42373848],[84.78772736,20.57517052]]]},"properties":{"GID_0":"IND","NAME_0":"India","GID_1":"IND.26_1","NAME_1":"Odisha","NL_NAME_1":"","GID_2":"IND.26.5_1","NAME_2":"Bauda","VARNAME_2":"","NL_NAME_2":"","TYPE_2":"District","ENGTYPE_2":"District","CC_2":"","HASC_2":"IN.OR.BD"}},
{"type":"Feature","geometry":{"type":"Polygon","coordinates":[[[86.8161087,20.72442055],[86.83444214,20.77667046],[86.97027588,20.82332993],[86.82917023,21.20153999],[86.67154694,21.1618309],[86.63771057,21.05491257],[86.36598969,21.23293114],[86.26906586,21.1410408],[86.32119751,21.05355072],[86.28462982,21.01247025],[86.32435608,20.85921288],[86.56511688,20.85943985],[86.62075043,20.79026031],[86.8161087,20.72442055]]]},"properties":{"GID_0":"IND","NAME_0":"India","GID_1":"IND.26_1","NAME_1":"Odisha","NL_NAME_1":"","GID_2":"IND.26.6_1","NAME_2":"Bhadrak","VARNAME_2":"","NL_NAME_2":"","TYPE_2":"District","ENGTYPE_2":"District","CC_2":"","HASC_2":"IN.OR.BH"}},
{"type":"Feature","geometry":{"type":"Polygon","coordinates":[[[86.07704926,20.09867096],[86.11659241,20.03437042],[86.18393707,20.04565048],[86.14592743,20.21459961],[86.02715302,20.28959274],[86.00946045,20.37408257],[86.24952698,20.35933113],[86.27849579,20.5771904],[86.17610931,20.6523304],[86.04309845,20.58308983],[85.90634155,20.69149017],[85.4520874,20.47855949],[85.24617767,20.51173019],[85.12320709,20.60911179],[84.89160156,20.57419968],[84.84503937,20.52207947],[85.15409088,20.37157059],[85.36511993,20.35949135],[85.32879639,20.2734108],[85.62069702,20.28494072],[85.80165863,20.42675018],[85.79656219,20.31369019],[85.87880707,20.27981949],[85.89469147,20.36047173],[86.07704926,20.09867096]]]},"properties":{"GID_0":"IND","NAME_0":"India","GID_1":"IND.26_1","NAME_1":"Odisha","NL_NAME_1":"","GID_2":"IND.26.7_1","NAME_2":"Cuttack","VARNAME_2":"","NL_NAME_2":"","TYPE_2":"District","ENGTYPE_2":"District","CC_2":"","HASC_2":"IN.OR.CU"}},
{"type":"Feature","geometry":{"type":"Polygon","coordinates":[[[84.73874664,21.16599083],[84.96230316,21.14936066],[84.89537811,21.25438118],[85.03106689,21.28947067],[85.0008316,21.4383812],[85.15114594,21.45574951],[85.20011902,21.51587105],[85.14418793,21.58963013],[85.04560089,21.58455086],[84.99398804,21.67785072],[84.75273132,21.62059021],[84.67185211,21.73241043],[84.49887085,21.67828941],[84.56842041,21.57102013],[84.47860718,21.50974083],[84.47589111,21.39136124],[84.54254913,21.37021065],[84.56440735,21.24916077],[84.72918701,21.2979908],[84.73874664,21.16599083]]]},"properties":{"GID_0":"IND","NAME_0":"India","GID_1":"IND.26_1","NAME_1":"Odisha","NL_NAME_1":"","GID_2":"IND.26.8_1","NAME_2":"Debagarh","VARNAME_2":"Debagarh","NL_NAME_2":"","TYPE_2":"District","ENGTYPE_2":"District","CC_2":"","HASC_2":"IN.OR.DE"}},
{"type":"Feature","geometry":{"type":"Polygon","coordinates":[[[85.12320709,20.60911179],[85.24617767,20.51173019],[85.4520874,20.47855949],[85.90634155,20.69149017],[86.020401,20.71969032],[86.02822876,20.80252075],[85.89578247,20.84045029],[85.91440582,20.92131042],[85.71859741,20.97740173],[85.6791687,21.11227989],[85.72268677,21.1377697],[85.67855072,21.17991066],[85.49179077,21.10787964],[85.38886261,21.1794796],[85.26772308,21.16867065],[85.22718048,21.06585121],[85.16285706,21.05211067],[85.25634766,20.97834015],[85.26191711,20.88487053],[85.1907959,20.67147064],[85.14742279,20.72540092],[85.11402893,20.68696022],[85.12320709,20.60911179]]]},"properties":{"GID_0":"IND","NAME_0":"India","GID_1":"IND.26_1","NAME_1":"Odisha","NL_NAME_1":"","GID_2":"IND.26.9_1","NAME_2":"Dhenkanal","VARNAME_2":"","NL_NAME_2":"","TYPE_2":"District","ENGTYPE_2":"District","CC_2":"","HASC_2":"IN.OR.DH"}},
{"type":"Feature","geometry":{"type":"Polygon","coordinates":[[[83.78830719,19.00781059],[83.87017822,18.81842995],[84.02706146,18.80220032],[84.08177948,18.74464035],[84.33222198,18.79202271],[84.42796326,18.98264122],[84.34359741,19.01345062],[84.43363953,19.3543911],[84.37542725,19.37285995],[84.3650589,19.53829193],[84.24965668,19.48920822],[84.23387146,19.56772041],[83.93585968,19.62790108],[83.93962097,19.38992119],[84.02262115,19.33755112],[83.97550201,19.20085907],[84.02263641,19.04547119],[83.96401978,19.05715942],[83.95108795,18.97755051],[83.78830719,19.00781059]]]},"properties":{"GID_0":"IND","NAME_0":"India","GID_1":"IND.26_1","NAME_1":"Odisha","NL_NAME_1":"","GID_2":"IND.26.10_1","NAME_2":"Gajapati","VARNAME_2":"","NL_NAME_2":"","TYPE_2":"District","ENGTYPE_2":"District","CC_2":"","HASC_2":"IN.OR.GP"}},
{"type":"Feature","geometry":{"type":"MultiPolygon","coordinates":[[[[84.73021698,19.08930588],[84.76101685,19.07131195],[84.7831955,19.11097145],[84.73021698,19.08930588]]],[[[84.71903229,19.09584427],[85.16499329,19.46171761],[85.08664703,19.50534058],[85.17790985,19.66744995],[84.9337616,19.88963127],[84.79255676,20.08753014],[84.82225037,20.21578979],[84.69000244,20.27494049],[84.57791138,20.18431282],[84.49926758,20.13384819],[84.43062592,20.19944191],[84.40854645,20.04705048],[84.32390594,19.9994812],[84.45861053,19.94544983],[84.44402313,19.82788086],[84.30084229,19.89866066],[84.12565613,19.77281952],[84.23368835,19.65309143],[84.23387146,19.56772041],[84.24965668,19.48920822],[84.3650589,19.53829193],[84.37542725,19.37285995],[84.43363953,19.3543911],[84.34359741,19.01345062],[84.42796326,18.98264122],[84.56613922,19.06503868],[84.58769226,19.01299095],[84.65453339,19.05231094],[84.59184265,19.12384033],[84.66501617,19.15673065],[84.71903229,19.09584427]]]]},"properties":{"GID_0":"IND","NAME_0":"India","GID_1":"IND.26_1","NAME_1":"Odisha","NL_NAME_1":"","GID_2":"IND.26.11_1","NAME_2":"Ganjam","VARNAME_2":"","NL_NAME_2":"","TYPE_2":"District","ENGTYPE_2":"District","CC_2":"","HASC_2":"IN.OR.GN"}},
{"type":"Feature","geometry":{"type":"MultiPolygon","coordinates":[[[[86.2538681,20.04636955],[86.28814697,20.02861023],[86.30805206,20.03472137],[86.2538681,20.04636955]]],[[[86.2419281,20.03108025],[86.25047302,20.05574036],[86.29007721,20.06113052],[86.38749695,19.97638893],[86.5588913,20.20055962],[86.47138977,20.09749985],[86.45999908,20.16222191],[86.70853424,20.29389],[86.24952698,20.35933113],[86.00946045,20.37408257],[86.02715302,20.28959274],[86.14592743,20.21459961],[86.18393707,20.04565048],[86.2419281,20.03108025]]]]},"properties":{"GID_0":"IND","NAME_0":"India","GID_1":"IND.26_1","NAME_1":"Odisha","NL_NAME_1":"","GID_2":"IND.26.12_1","NAME_2":"Jagatsinghapur","VARNAME_2":"","NL_NAME_2":"","TYPE_2":"District","ENGTYPE_2":"District","CC_2":"","HASC_2":"IN.OR.JS"}},
{"type":"Feature","geometry":{"type":"Polygon","coordinates":[[[85.72268677,21.1377697],[85.6791687,21.11227989],[85.71859741,20.97740173],[85.91440582,20.92131042],[85.89578247,20.84045029],[86.02822876,20.80252075],[86.020401,20.71969032],[85.90634155,20.69149017],[86.04309845,20.58308983],[86.17610931,20.6523304],[86.27849579,20.5771904],[86.5391922,20.68683052],[86.53942871,20.74739838],[86.62075043,20.79026031],[86.56511688,20.85943985],[86.32435608,20.85921288],[86.28462982,21.01247025],[86.12943268,21.06826973],[86.04271698,21.01810074],[86.08159637,21.16232109],[85.88194275,21.08039093],[85.72268677,21.1377697]]]},"properties":{"GID_0":"IND","NAME_0":"India","GID_1":"IND.26_1","NAME_1":"Odisha","NL_NAME_1":"","GID_2":"IND.26.13_1","NAME_2":"Jajapur","VARNAME_2":"","NL_NAME_2":"","TYPE_2":"District","ENGTYPE_2":"District","CC_2":"","HASC_2":"IN.OR.JP"}},
{"type":"Feature","geometry":{"type":"Polygon","coordinates":[[[83.5735321,21.82966042],[83.49091339,21.81454086],[83.42111206,21.68654823],[83.483078,21.63960075],[83.59159088,21.73205948],[83.68785095,21.69856071],[83.7931366,21.56302071],[83.96672058,21.5739994],[83.93718719,21.72437096],[84.00801086,21.78289032],[84.28417206,21.76264954],[84.38648987,21.98912811],[84.35082245,22.03342819],[84.26277161,22.01099968],[84.22634125,21.97187042],[84.11440277,22.00814056],[83.97402191,21.90330124],[83.88973999,21.94343185],[83.71482086,21.78343964],[83.5735321,21.82966042]]]},"properties":{"GID_0":"IND","NAME_0":"India","GID_1":"IND.26_1","NAME_1":"Odisha","NL_NAME_1":"","GID_2":"IND.26.14_1","NAME_2":"Jharsuguda","VARNAME_2":"","NL_NAME_2":"","TYPE_2":"District","ENGTYPE_2":"District","CC_2":"","HASC_2":"IN.OR.JH"}},
{"type":"Feature","geometry":{"type":"Polygon","coordinates":[[[82.58506012,19.7710495],[82.52424622,19.57580948],[82.63500977,19.50457191],[82.71972656,19.33982086],[82.84149933,19.31674957],[82.7977066,19.23009109],[82.84877014,19.1966629],[82.8710022,19.17711067],[82.94972992,19.31818962],[82.91681671,19.42871284],[82.98404694,19.44078064],[83.03129578,19.54617119],[83.09735107,19.5360508],[83.17530823,19.41741943],[83.25995636,19.59437943],[83.36579895,19.59152985],[83.44828796,19.73355103],[83.39987946,19.91435814],[83.48874664,19.95351028],[83.57678986,20.10881042],[83.70368958,20.09644127],[83.78354645,20.17480087],[83.64536285,20.38400078],[83.56991577,20.3597126],[83.48049164,20.44890976],[83.17626953,20.16745186],[82.81746674,20.16052055],[82.69802094,19.99273109],[82.70271301,19.83103943],[82.58506012,19.7710495]]]},"properties":{"GID_0":"IND","NAME_0":"India","GID_1":"IND.26_1","NAME_1":"Odisha","NL_NAME_1":"","GID_2":"IND.26.15_1","NAME_2":"Kalahandi","VARNAME_2":"","NL_NAME_2":"","TYPE_2":"District","ENGTYPE_2":"District","CC_2":"","HASC_2":"IN.OR.KL"}},
{"type":"Feature","geometry":{"type":"Polygon","coordinates":[[[83.93585968,19.62790108],[84.23387146,19.56772041],[84.23368835,19.65309143],[84.12565613,19.77281952],[84.30084229,19.89866066],[84.44402313,19.82788086],[84.45861053,19.94544983],[84.32390594,19.9994812],[84.40854645,20.04705048],[84.43062592,20.19944191],[84.49926758,20.13384819],[84.57791138,20.18431282],[84.53720856,20.32048035],[84.48069763,20.33609962],[84.506073,20.3923912],[84.45606232,20.39073944],[84.31217957,20.68900108],[84.21457672,20.58161163],[83.99989319,20.56425095],[83.91007233,20.61108971],[83.78914642,20.50443077],[83.80573273,20.42784119],[83.65908051,20.41755295],[83.64536285,20.38400078],[83.78354645,20.17480087],[83.70368958,20.09644127],[83.57678986,20.10881042],[83.48874664,19.95351028],[83.55516052,19.92245865],[83.52160645,19.85135078],[83.61212921,19.80853081],[83.64183044,19.6511097],[83.80667114,19.71010971],[83.93585968,19.62790108]]]},"properties":{"GID_0":"IND","NAME_0":"India","GID_1":"IND.26_1","NAME_1":"Odisha","NL_NAME_1":"","GID_2":"IND.26.16_1","NAME_2":"Kandhamal","VARNAME_2":"Phulabani","NL_NAME_2":"","TYPE_2":"District","ENGTYPE_2":"District","CC_2":"","HASC_2":"IN.OR.KN"}},
{"type":"Feature","geometry":{"type":"MultiPolygon","coordinates":[[[[86.80426788,20.67662048],[86.82847595,20.67359543],[86.84487152,20.65199852],[86.87832642,20.73306084],[86.85917664,20.66472054],[86.93187714,20.7157402],[86.99658966,20.71027946],[87.00694275,20.74305916],[86.85101318,20.77482986],[86.77379608,20.6463871],[86.81912231,20.63924217],[86.79541016,20.66562271],[86.79666901,20.67250824],[86.80426788,20.67662048]]],[[[86.62075043,20.79026031],[86.53942871,20.74739838],[86.5391922,20.68683052],[86.27849579,20.5771904],[86.24952698,20.35933113],[86.70853424,20.29389],[86.79000092,20.36111069],[86.73388672,20.47916603],[87.0451889,20.7094841],[86.93393707,20.71071053],[86.84506226,20.65081978],[86.82853699,20.67226982],[86.80223846,20.67521095],[86.82055664,20.63958359],[86.75569916,20.61334419],[86.8161087,20.72442055],[86.62075043,20.79026031]]]]},"properties":{"GID_0":"IND","NAME_0":"India","GID_1":"IND.26_1","NAME_1":"Odisha","NL_NAME_1":"","GID_2":"IND.26.17_1","NAME_2":"Kendrapara","VARNAME_2":"","NL_NAME_2":"","TYPE_2":"District","ENGTYPE_2":"District","CC_2":"","HASC_2":"IN.OR.KP"}},
{"type":"Feature","geometry":{"type":"Polygon","coordinates":[[[86.35646057,21.29467964],[86.26465607,21.37379837],[86.20509338,21.27734947],[86.11518097,21.2664299],[86.15632629,21.41938019],[86.0045929,21.52727127],[86.07659912,21.6848011],[85.80522156,21.80760193],[85.78887939,21.94987106],[85.67195129,22.05147171],[85.3944397,22.15859985],[85.23094177,22.00027084],[85.37107849,21.90570259],[85.3375473,21.82319832],[85.22466278,21.8180809],[85.1879425,21.65886116],[85.24497223,21.6716404],[85.32296753,21.50531006],[85.25312042,21.44635963],[85.33763885,21.35388947],[85.2678833,21.2700386],[85.38886261,21.1794796],[85.49179077,21.10787964],[85.67855072,21.17991066],[85.72268677,21.1377697],[85.88194275,21.08039093],[86.08159637,21.16232109],[86.04271698,21.01810074],[86.12943268,21.06826973],[86.28462982,21.01247025],[86.32119751,21.05355072],[86.26906586,21.1410408],[86.36598969,21.23293114],[86.35646057,21.29467964]]]},"properties":{"GID_0":"IND","NAME_0":"India","GID_1":"IND.26_1","NAME_1":"Odisha","NL_NAME_1":"","GID_2":"IND.26.18_1","NAME_2":"Kendujhar","VARNAME_2":"Kendujhar","NL_NAME_2":"","TYPE_2":"District","ENGTYPE_2":"District","CC_2":"","HASC_2":"IN.OR.KJ"}},
{"type":"Feature","geometry":{"type":"Polygon","coordinates":[[[84.9337616,19.88963127],[85.17790985,19.66744995],[85.40048981,19.8778801],[85.55864716,19.84666824],[85.56075287,19.90897751],[85.49629211,19.93781281],[85.55916595,19.94171906],[85.56680298,20.01624107],[85.61174011,19.98360062],[85.68821716,20.14439011],[85.8346405,20.18835831],[85.87975311,20.10243988],[86.07704926,20.09867096],[85.89469147,20.36047173],[85.87880707,20.27981949],[85.79656219,20.31369019],[85.80165863,20.42675018],[85.62069702,20.28494072],[85.32879639,20.2734108],[85.19944763,20.14746094],[85.23468781,20.1072998],[85.36252594,20.17353058],[85.43022156,19.93248177],[84.9337616,19.88963127]]]},"properties":{"GID_0":"IND","NAME_0":"India","GID_1":"IND.26_1","NAME_1":"Odisha","NL_NAME_1":"","GID_2":"IND.26.19_1","NAME_2":"Khordha","VARNAME_2":"","NL_NAME_2":"","TYPE_2":"District","ENGTYPE_2":"District","CC_2":"","HASC_2":"IN.OR.KH"}},
{"type":"Feature","geometry":{"type":"Polygon","coordinates":[[[82.84877014,19.1966629],[82.82196808,19.14102936],[82.67164612,19.18921089],[82.6295166,19.14164925],[82.56571198,19.20499039],[82.42829895,19.16437912],[82.16117859,19.20838928],[82.23956299,18.91045952],[82.17272949,18.89528847],[82.16114807,18.79096031],[82.0848999,18.73269081],[82.25678253,18.58054161],[82.44094849,18.59150124],[82.42913818,18.48514175],[82.48161316,18.53845978],[82.52313232,18.50392914],[82.62687683,18.22874069],[82.7670517,18.33107948],[82.79917145,18.43940163],[82.90274811,18.35591125],[83.06582642,18.39315987],[83.01541138,18.4444294],[83.08933258,18.53791046],[83.03247833,18.54788971],[83.0096817,18.63652992],[83.13295746,18.77244949],[83.20506287,18.71586037],[83.21939087,18.76581955],[83.39630127,18.83070946],[83.36106873,18.95340157],[83.31887817,18.92843819],[83.34091187,19.0091629],[83.33331299,19.09379959],[83.27755737,19.11689949],[83.19616699,18.97013283],[83.16931915,19.08409119],[83.25211334,19.15673065],[83.12969971,19.12939072],[83.05583954,19.03676987],[82.97173309,19.16654968],[82.8710022,19.17711067],[82.84877014,19.1966629]]]},"properties":{"GID_0":"IND","NAME_0":"India","GID_1":"IND.26_1","NAME_1":"Odisha","NL_NAME_1":"","GID_2":"IND.26.20_1","NAME_2":"Koraput","VARNAME_2":"","NL_NAME_2":"","TYPE_2":"District","ENGTYPE_2":"District","CC_2":"","HASC_2":"IN.OR.KO"}},
{"type":"Feature","geometry":{"type":"Polygon","coordinates":[[[81.75829315,17.89336014],[81.97305298,18.00567055],[82.07221222,18.06563759],[82.25318909,17.98019028],[82.26695251,18.04827118],[82.33634949,18.04726028],[82.36515808,18.13966942],[82.30609894,18.19565964],[82.393013,18.30644035],[82.33444214,18.31713295],[82.42913818,18.48514175],[82.44094849,18.59150124],[82.25678253,18.58054161],[82.0848999,18.73269081],[81.95716095,18.68341064],[81.9474411,18.62882042],[81.88537598,18.65032959],[81.94352722,18.55541992],[81.74491119,18.34535027],[81.52796173,18.25908089],[81.47731018,17.97002029],[81.38497162,17.80659294],[81.61115265,17.81536293],[81.75829315,17.89336014]]]},"properties":{"GID_0":"IND","NAME_0":"India","GID_1":"IND.26_1","NAME_1":"Odisha","NL_NAME_1":"","GID_2":"IND.26.21_1","NAME_2":"Malkangiri","VARNAME_2":"","NL_NAME_2":"","TYPE_2":"District","ENGTYPE_2":"District","CC_2":"","HASC_2":"IN.OR.ML"}},
{"type":"Feature","geometry":{"type":"Polygon","coordinates":[[[86.35646057,21.29467964],[86.64755249,21.57368279],[86.86277771,21.58704948],[86.87380219,21.62998962],[86.90775299,21.57417107],[87.00287628,21.59319115],[87.02263641,21.73578072],[87.06746674,21.7013607],[87.10132599,21.77826118],[87.1798172,21.78512955],[87.09464264,21.86034012],[86.99793243,21.90750122],[87.01761627,22.04128075],[86.71544647,22.14349174],[86.72278595,22.21524811],[86.49994659,22.34095192],[86.43335724,22.30154037],[86.06182861,22.5485096],[85.96079254,22.47861862],[86.04328918,22.30619049],[85.9697876,22.24340057],[86.02671814,22.18522263],[85.95153809,22.0316391],[85.90542603,21.96663094],[85.81832886,21.97001076],[85.7561264,22.00839043],[85.83075714,22.07697105],[85.80204773,22.11083031],[85.67195129,22.05147171],[85.78887939,21.94987106],[85.80522156,21.80760193],[86.07659912,21.6848011],[86.0045929,21.52727127],[86.15632629,21.41938019],[86.11518097,21.2664299],[86.20509338,21.27734947],[86.26465607,21.37379837],[86.35646057,21.29467964]]]},"properties":{"GID_0":"IND","NAME_0":"India","GID_1":"IND.26_1","NAME_1":"Odisha","NL_NAME_1":"","GID_2":"IND.26.22_1","NAME_2":"Mayurbhanj","VARNAME_2":"","NL_NAME_2":"","TYPE_2":"District","ENGTYPE_2":"District","CC_2":"","HASC_2":"IN.OR.MY"}},
{"type":"Feature","geometry":{"type":"Polygon","coordinates":[[[82.84877014,19.1966629],[82.7977066,19.23009109],[82.84149933,19.31674957],[82.71972656,19.33982086],[82.63500977,19.50457191],[82.52424622,19.57580948],[82.58506012,19.7710495],[82.59076691,19.86621857],[82.43949127,19.90291977],[82.33944702,19.82996178],[82.23062897,19.99808121],[82.00995636,20.0447998],[81.94135284,20.10225105],[81.87375641,20.04618073],[81.84963226,19.90805054],[82.05982971,19.78309822],[82.02239227,19.50180244],[82.09207916,19.50984001],[82.11930847,19.4239006],[82.18305969,19.41761017],[82.16117859,19.20838928],[82.42829895,19.16437912],[82.56571198,19.20499039],[82.6295166,19.14164925],[82.67164612,19.18921089],[82.82196808,19.14102936],[82.84877014,19.1966629]]]},"properties":{"GID_0":"IND","NAME_0":"India","GID_1":"IND.26_1","NAME_1":"Odisha","NL_NAME_1":"","GID_2":"IND.26.23_1","NAME_2":"Nabarangapur","VARNAME_2":"","NL_NAME_2":"","TYPE_2":"District","ENGTYPE_2":"District","CC_2":"","HASC_2":"IN.OR.NB"}},
{"type":"Feature","geometry":{"type":"Polygon","coordinates":[[[84.506073,20.3923912],[84.48069763,20.33609962],[84.53720856,20.32048035],[84.57791138,20.18431282],[84.69000244,20.27494049],[84.82225037,20.21578979],[84.79255676,20.08753014],[84.9337616,19.88963127],[85.43022156,19.93248177],[85.36252594,20.17353058],[85.23468781,20.1072998],[85.19944763,20.14746094],[85.32879639,20.2734108],[85.36511993,20.35949135],[85.15409088,20.37157059],[84.84503937,20.52207947],[84.78772736,20.57517052],[84.6684494,20.42373848],[84.506073,20.3923912]]]},"properties":{"GID_0":"IND","NAME_0":"India","GID_1":"IND.26_1","NAME_1":"Odisha","NL_NAME_1":"","GID_2":"IND.26.24_1","NAME_2":"Nayagarh","VARNAME_2":"","NL_NAME_2":"","TYPE_2":"District","ENGTYPE_2":"District","CC_2":"","HASC_2":"IN.OR.NY"}},
{"type":"Feature","geometry":{"type":"Polygon","coordinates":[[[82.81746674,20.16052055],[82.84755707,20.33238029],[82.78486633,20.32141113],[82.80989838,20.37854958],[82.71216583,20.35297012],[82.67928314,20.44576073],[82.7358017,20.61894989],[82.69554138,20.72187996],[82.68641663,21.01843071],[82.63183594,21.08695984],[82.45905304,20.82384109],[82.34121704,20.86806107],[82.36823273,20.62405968],[82.32401276,20.55388069],[82.4291687,20.42575264],[82.39086151,20.05958939],[82.69802094,19.99273109],[82.81746674,20.16052055]]]},"properties":{"GID_0":"IND","NAME_0":"India","GID_1":"IND.26_1","NAME_1":"Odisha","NL_NAME_1":"","GID_2":"IND.26.25_1","NAME_2":"Nuapada","VARNAME_2":"","NL_NAME_2":"","TYPE_2":"District","ENGTYPE_2":"District","CC_2":"","HASC_2":"IN.OR.NU"}},
{"type":"Feature","geometry":{"type":"Polygon","coordinates":[[[85.16499329,19.46171761],[85.66361237,19.73916817],[86.3655777,19.9551506],[86.2419281,20.03108025],[86.18393707,20.04565048],[86.11659241,20.03437042],[86.07704926,20.09867096],[85.87975311,20.10243988],[85.8346405,20.18835831],[85.68821716,20.14439011],[85.61174011,19.98360062],[85.56680298,20.01624107],[85.55916595,19.94171906],[85.49629211,19.93781281],[85.56075287,19.90897751],[85.55864716,19.84666824],[85.40048981,19.8778801],[85.17790985,19.66744995],[85.08664703,19.50534058],[85.16499329,19.46171761]]]},"properties":{"GID_0":"IND","NAME_0":"India","GID_1":"IND.26_1","NAME_1":"Odisha","NL_NAME_1":"","GID_2":"IND.26.26_1","NAME_2":"Puri","VARNAME_2":"","NL_NAME_2":"","TYPE_2":"District","ENGTYPE_2":"District","CC_2":"","HASC_2":"IN.OR.PU"}},
{"type":"Feature","geometry":{"type":"Polygon","coordinates":[[[82.8710022,19.17711067],[82.97173309,19.16654968],[83.05583954,19.03676987],[83.12969971,19.12939072],[83.25211334,19.15673065],[83.16931915,19.08409119],[83.19616699,18.97013283],[83.27755737,19.11689949],[83.33331299,19.09379959],[83.34091187,19.0091629],[83.45548248,18.94557953],[83.45939636,19.06967163],[83.53138733,19.00542068],[83.62328339,19.15363121],[83.77050018,18.90159035],[83.73956299,18.97844124],[83.78830719,19.00781059],[83.95108795,18.97755051],[83.96401978,19.05715942],[84.02263641,19.04547119],[83.97550201,19.20085907],[84.02262115,19.33755112],[83.93962097,19.38992119],[83.93585968,19.62790108],[83.80667114,19.71010971],[83.64183044,19.6511097],[83.61212921,19.80853081],[83.52160645,19.85135078],[83.55516052,19.92245865],[83.48874664,19.95351028],[83.39987946,19.91435814],[83.44828796,19.73355103],[83.36579895,19.59152985],[83.25995636,19.59437943],[83.17530823,19.41741943],[83.09735107,19.5360508],[83.03129578,19.54617119],[82.98404694,19.44078064],[82.91681671,19.42871284],[82.94972992,19.31818962],[82.8710022,19.17711067]]]},"properties":{"GID_0":"IND","NAME_0":"India","GID_1":"IND.26_1","NAME_1":"Odisha","NL_NAME_1":"","GID_2":"IND.26.27_1","NAME_2":"Rayagada","VARNAME_2":"","NL_NAME_2":"","TYPE_2":"District","ENGTYPE_2":"District","CC_2":"","HASC_2":"IN.OR.RA"}},
{"type":"Feature","geometry":{"type":"Polygon","coordinates":[[[84.27603149,20.92217064],[84.47841644,21.07768059],[84.67666626,21.05914116],[84.67900848,21.14412117],[84.73874664,21.16599083],[84.72918701,21.2979908],[84.56440735,21.24916077],[84.54254913,21.37021065],[84.47589111,21.39136124],[84.47860718,21.50974083],[84.56842041,21.57102013],[84.49887085,21.67828941],[84.67185211,21.73241043],[84.5219574,21.80965042],[84.47138214,22.18567085],[84.27126312,22.11822128],[84.26277161,22.01099968],[84.35082245,22.03342819],[84.38648987,21.98912811],[84.28417206,21.76264954],[84.00801086,21.78289032],[83.93718719,21.72437096],[83.96672058,21.5739994],[83.7931366,21.56302071],[83.87982178,21.43507767],[83.84253693,21.40649986],[83.8884964,21.17400932],[84.01322937,21.05072975],[84.1410675,21.03094292],[84.15405273,20.97090149],[84.27603149,20.92217064]]]},"properties":{"GID_0":"IND","NAME_0":"India","GID_1":"IND.26_1","NAME_1":"Odisha","NL_NAME_1":"","GID_2":"IND.26.28_1","NAME_2":"Sambalpur","VARNAME_2":"","NL_NAME_2":"","TYPE_2":"District","ENGTYPE_2":"District","CC_2":"","HASC_2":"IN.OR.SA"}},
{"type":"Feature","geometry":{"type":"Polygon","coordinates":[[[84.26069641,20.88430977],[84.27603149,20.92217064],[84.15405273,20.97090149],[84.1410675,21.03094292],[84.01322937,21.05072975],[83.8884964,21.17400932],[83.83776855,21.09309006],[83.76296997,21.15088272],[83.45217896,21.05101013],[83.46370697,20.99352074],[83.63456726,20.97582054],[83.56661987,20.84832954],[83.670578,20.73747063],[83.59910583,20.5248394],[83.72431946,20.60116005],[83.774086,20.79410934],[84.26069641,20.88430977]]]},"properties":{"GID_0":"IND","NAME_0":"India","GID_1":"IND.26_1","NAME_1":"Odisha","NL_NAME_1":"","GID_2":"IND.26.29_1","NAME_2":"Subarnapur","VARNAME_2":"Balangir","NL_NAME_2":"","TYPE_2":"District","ENGTYPE_2":"District","CC_2":"","HASC_2":"IN.OR.SO"}},
{"type":"Feature","geometry":{"type":"Polygon","coordinates":[[[85.1879425,21.65886116],[85.22466278,21.8180809],[85.3375473,21.82319832],[85.37107849,21.90570259],[85.23094177,22.00027084],[85.0954361,22.09945107],[84.97982025,22.08468056],[85.11445618,22.2904892],[85.06249237,22.47841072],[84.89379883,22.41801071],[84.52662659,22.42002106],[84.28922272,22.33732033],[84.00250244,22.52086067],[84.04155731,22.46410942],[84.00421143,22.36766052],[83.79751587,22.28948975],[83.64575195,22.22458839],[83.55726624,22.0999794],[83.60031891,22.0655098],[83.53244781,22.03404808],[83.60047913,21.91084099],[83.5735321,21.82966042],[83.71482086,21.78343964],[83.88973999,21.94343185],[83.97402191,21.90330124],[84.11440277,22.00814056],[84.22634125,21.97187042],[84.26277161,22.01099968],[84.27126312,22.11822128],[84.47138214,22.18567085],[84.5219574,21.80965042],[84.67185211,21.73241043],[84.75273132,21.62059021],[84.99398804,21.67785072],[85.04560089,21.58455086],[85.14418793,21.58963013],[85.1879425,21.65886116]]]},"properties":{"GID_0":"IND","NAME_0":"India","GID_1":"IND.26_1","NAME_1":"Odisha","NL_NAME_1":"","GID_2":"IND.26.30_1","NAME_2":"Sundargarh","VARNAME_2":"Sundagarh|Bonai","NL_NAME_2":"","TYPE_2":"District","ENGTYPE_2":"District","CC_2":"","HASC_2":"IN.OR.SU"}},
{"type":"Feature","geometry":{"type":"Polygon","coordinates":[[[79.85124969,10.81377125],[79.85457611,10.97602177],[79.72986603,10.9813509],[79.70863342,10.91415501],[79.85124969,10.81377125]]]},"properties":{"GID_0":"IND","NAME_0":"India","GID_1":"IND.27_1","NAME_1":"Puducherry","NL_NAME_1":"","GID_2":"IND.27.1_1","NAME_2":"Karaikal","VARNAME_2":"Karaikkal|Karikal","NL_NAME_2":"","TYPE_2":"District","ENGTYPE_2":"District","CC_2":"","HASC_2":"IN.PY.KA"}},
{"type":"Feature","geometry":{"type":"Polygon","coordinates":[[[75.23069763,12.02414036],[75.30208588,11.94847012],[75.30458069,11.95236111],[75.2820816,11.98680973],[75.26347351,12.00291729],[75.26264191,12.01208305],[75.27097321,12.02958202],[75.2959671,12.01764202],[75.3116684,12.04930592],[75.30906677,12.10266113],[75.39982605,12.14050102],[75.22306061,12.10484028],[75.23069763,12.02414036]]]},"properties":{"GID_0":"IND","NAME_0":"India","GID_1":"IND.27_1","NAME_1":"Puducherry","NL_NAME_1":"","GID_2":"IND.27.2_1","NAME_2":"Mahe","VARNAME_2":"","NL_NAME_2":"","TYPE_2":"District","ENGTYPE_2":"District","CC_2":"","HASC_2":"IN.PY.MA"}},
{"type":"Feature","geometry":{"type":"Polygon","coordinates":[[[79.80041504,11.8083992],[79.83763885,11.94054985],[79.73690033,11.9071703],[79.74964905,11.98613071],[79.679039,12.01926041],[79.64234161,11.975811],[79.6990509,11.97205925],[79.72489929,11.89151001],[79.67315674,11.86995029],[79.80041504,11.8083992]]]},"properties":{"GID_0":"IND","NAME_0":"India","GID_1":"IND.27_1","NAME_1":"Puducherry","NL_NAME_1":"","GID_2":"IND.27.3_1","NAME_2":"Puducherry","VARNAME_2":"Pondicherry|Puduchcheri|Pondichéry","NL_NAME_2":"","TYPE_2":"District","ENGTYPE_2":"District","CC_2":"","HASC_2":"IN.PY.PO"}},
{"type":"Feature","geometry":{"type":"Polygon","coordinates":[[[82.29938507,16.71402931],[82.29951477,16.71433258],[82.17463684,16.7251091],[82.25763702,16.69011307],[82.29938507,16.71402931]]]},"properties":{"GID_0":"IND","NAME_0":"India","GID_1":"IND.27_1","NAME_1":"Puducherry","NL_NAME_1":"","GID_2":"IND.27.4_1","NAME_2":"Yanam","VARNAME_2":"Yanaon","NL_NAME_2":"","TYPE_2":"District","ENGTYPE_2":"District","CC_2":"","HASC_2":"IN.PY.YA"}},
{"type":"Feature","geometry":{"type":"Polygon","coordinates":[[[75.26626587,31.48340988],[75.39112091,31.59492111],[74.95490265,31.83340836],[74.87454987,31.93172073],[74.95916748,31.96066856],[74.89803314,32.04964066],[74.55574036,31.82766914],[74.51728058,31.72291183],[74.5956955,31.49979019],[74.77952576,31.56941986],[74.93873596,31.49771118],[75.03459167,31.54333115],[75.26626587,31.48340988]]]},"properties":{"GID_0":"IND","NAME_0":"India","GID_1":"IND.28_1","NAME_1":"Punjab","NL_NAME_1":"","GID_2":"IND.28.1_1","NAME_2":"Amritsar","VARNAME_2":"","NL_NAME_2":"","TYPE_2":"District","ENGTYPE_2":"District","CC_2":"","HASC_2":"IN.PB.AM"}},
{"type":"Feature","geometry":{"type":"Polygon","coordinates":[[[75.36126709,30.20245171],[75.56784058,30.14582062],[75.57351685,30.23073959],[75.71346283,30.26898193],[75.64253998,30.32955933],[75.6436615,30.63739967],[75.39617157,30.5840683],[75.39305878,30.53341103],[75.28121185,30.51119232],[75.24698639,30.4619503],[75.36126709,30.20245171]]]},"properties":{"GID_0":"IND","NAME_0":"India","GID_1":"IND.28_1","NAME_1":"Punjab","NL_NAME_1":"","GID_2":"IND.28.2_1","NAME_2":"Barnala","VARNAME_2":"Sangroor","NL_NAME_2":"","TYPE_2":"District","ENGTYPE_2":"District","CC_2":"","HASC_2":"IN.PB.BL"}},
{"type":"Feature","geometry":{"type":"Polygon","coordinates":[[[74.69737244,29.97114944],[74.88149261,29.96834946],[74.9899292,29.85646057],[75.08480072,29.91514015],[75.141716,29.77700806],[75.17855835,29.83690834],[75.17369843,29.97024918],[75.27002716,29.97914124],[75.25004578,30.10071945],[75.36126709,30.20245171],[75.24698639,30.4619503],[75.28121185,30.51119232],[75.17581177,30.50772095],[75.13418579,30.5819397],[75.11846924,30.52349281],[74.99687958,30.48907089],[75.03562927,30.38013077],[74.81134796,30.39371109],[74.77567291,30.33977127],[74.69151306,30.3560791],[74.77449036,30.33577919],[74.71510315,30.30836105],[74.72653198,30.18142128],[74.62203979,30.13016129],[74.69737244,29.97114944]]]},"properties":{"GID_0":"IND","NAME_0":"India","GID_1":"IND.28_1","NAME_1":"Punjab","NL_NAME_1":"","GID_2":"IND.28.3_1","NAME_2":"Bathinda","VARNAME_2":"Bhatinda","NL_NAME_2":"","TYPE_2":"District","ENGTYPE_2":"District","CC_2":"","HASC_2":"IN.PB.BA"}},
{"type":"Feature","geometry":{"type":"Polygon","coordinates":[[[74.81134796,30.39371109],[75.03562927,30.38013077],[74.99687958,30.48907089],[74.94985199,30.56213951],[74.89225769,30.54974174],[74.9439621,30.59353065],[74.89951324,30.7361908],[74.61361694,30.83064079],[74.45876312,30.74227905],[74.49146271,30.66726112],[74.60765076,30.63735962],[74.74848175,30.49661064],[74.74260712,30.39426041],[74.81134796,30.39371109]]]},"properties":{"GID_0":"IND","NAME_0":"India","GID_1":"IND.28_1","NAME_1":"Punjab","NL_NAME_1":"","GID_2":"IND.28.4_1","NAME_2":"Faridkot","VARNAME_2":"Fridkot","NL_NAME_2":"","TYPE_2":"District","ENGTYPE_2":"District","CC_2":"","HASC_2":"IN.PB.FR"}},
{"type":"Feature","geometry":{"type":"Polygon","coordinates":[[[76.56771088,30.65102005],[76.51642609,30.64051056],[76.52027893,30.76850128],[76.39726257,30.76172066],[76.31546021,30.85256958],[76.35201263,30.9079628],[76.31059265,30.88147926],[76.23667908,30.77313995],[76.33213806,30.68268013],[76.16123962,30.68090057],[76.07124329,30.56471062],[76.06693268,30.51155472],[76.28038025,30.57746124],[76.30792236,30.43432045],[76.46656799,30.43420029],[76.56771088,30.65102005]]]},"properties":{"GID_0":"IND","NAME_0":"India","GID_1":"IND.28_1","NAME_1":"Punjab","NL_NAME_1":"","GID_2":"IND.28.5_1","NAME_2":"Fatehgarh Sahib","VARNAME_2":"","NL_NAME_2":"","TYPE_2":"District","ENGTYPE_2":"District","CC_2":"","HASC_2":"IN.PB.FT"}},
{"type":"Feature","geometry":{"type":"Polygon","coordinates":[[[74.27902985,29.95508957],[74.44197845,29.94708824],[74.32686615,30.16118813],[74.3469162,30.23921967],[74.25157928,30.24562073],[74.3480072,30.39010048],[74.24144745,30.42281914],[74.3899765,30.53569984],[74.18569946,30.65940094],[73.87321472,30.38343811],[73.96631622,30.19504929],[73.89118195,29.97006989],[74.27902985,29.95508957]]]},"properties":{"GID_0":"IND","NAME_0":"India","GID_1":"IND.28_1","NAME_1":"Punjab","NL_NAME_1":"","GID_2":"IND.28.6_1","NAME_2":"Fazilka","VARNAME_2":"Ferojpur, Firozepur, Ferozepore, Feruzpur","NL_NAME_2":"","TYPE_2":"District","ENGTYPE_2":"District","CC_2":"","HASC_2":"IN.PB.FI"}},
{"type":"Feature","geometry":{"type":"Polygon","coordinates":[[[74.18569946,30.65940094],[74.3899765,30.53569984],[74.49146271,30.66726112],[74.45876312,30.74227905],[74.61361694,30.83064079],[74.89951324,30.7361908],[74.93332672,30.87735939],[75.04970551,30.9432106],[75.02737427,31.02360344],[75.11631775,31.09718132],[75.06147766,31.14468002],[74.93667603,31.14985085],[74.69061279,31.11448097],[74.65600586,31.05451012],[74.55839539,31.06752586],[74.18569946,30.65940094]]]},"properties":{"GID_0":"IND","NAME_0":"India","GID_1":"IND.28_1","NAME_1":"Punjab","NL_NAME_1":"","GID_2":"IND.28.7_1","NAME_2":"Firozpur","VARNAME_2":"Ferojpur, Firozepur, Ferozepore, Feruzpur","NL_NAME_2":"","TYPE_2":"District","ENGTYPE_2":"District","CC_2":"","HASC_2":"IN.PB.FI"}},
{"type":"Feature","geometry":{"type":"Polygon","coordinates":[[[75.46173859,31.65199089],[75.55932617,31.7790699],[75.52134705,32.03182983],[75.57875824,32.0816803],[75.56996918,32.13850021],[75.33328247,32.20471954],[75.23342896,32.08436203],[75.21204376,32.11914063],[75.00492859,32.02875519],[74.89803314,32.04964066],[74.95916748,31.96066856],[74.87454987,31.93172073],[74.95490265,31.83340836],[75.39112091,31.59492111],[75.46173859,31.65199089]]]},"properties":{"GID_0":"IND","NAME_0":"India","GID_1":"IND.28_1","NAME_1":"Punjab","NL_NAME_1":"","GID_2":"IND.28.8_1","NAME_2":"Gurdaspur","VARNAME_2":"Guardaspur","NL_NAME_2":"","TYPE_2":"District","ENGTYPE_2":"District","CC_2":"","HASC_2":"IN.PB.GU"}},
{"type":"Feature","geometry":{"type":"Polygon","coordinates":[[[76.27735901,31.3099308],[76.13961029,31.3531208],[75.94425201,31.85751915],[75.87771606,31.96198082],[75.57875824,32.0816803],[75.52134705,32.03182983],[75.55932617,31.7790699],[75.46173859,31.65199089],[75.58109283,31.60570908],[75.65693665,31.60849953],[75.78761292,31.45638084],[75.77472687,31.3716011],[75.8946228,31.34758949],[75.84069061,31.29749107],[75.87844849,31.27761841],[76.01203918,31.26110077],[76.17330933,31.13627052],[76.2282486,31.24731064],[76.32170868,31.22941017],[76.27735901,31.3099308]]]},"properties":{"GID_0":"IND","NAME_0":"India","GID_1":"IND.28_1","NAME_1":"Punjab","NL_NAME_1":"","GID_2":"IND.28.9_1","NAME_2":"Hoshiarpur","VARNAME_2":"","NL_NAME_2":"","TYPE_2":"District","ENGTYPE_2":"District","CC_2":"","HASC_2":"IN.PB.HO"}},
{"type":"Feature","geometry":{"type":"Polygon","coordinates":[[[75.94409943,31.02136993],[75.88635254,31.15730095],[75.77456665,31.20030022],[75.6936264,31.16792107],[75.65812683,31.24209976],[75.68728638,31.34878159],[75.77472687,31.3716011],[75.78761292,31.45638084],[75.65693665,31.60849953],[75.58109283,31.60570908],[75.50669861,31.47412109],[75.43297577,31.50185966],[75.43348694,31.39764023],[75.50061035,31.3911705],[75.44906616,31.23917961],[75.33336639,31.23320007],[75.25737762,31.14916992],[75.19986725,31.18609047],[75.06147766,31.14468002],[75.11631775,31.09718132],[75.34285736,30.99002075],[75.94409943,31.02136993]]]},"properties":{"GID_0":"IND","NAME_0":"India","GID_1":"IND.28_1","NAME_1":"Punjab","NL_NAME_1":"","GID_2":"IND.28.10_1","NAME_2":"Jalandhar","VARNAME_2":"Jullundur","NL_NAME_2":"","TYPE_2":"District","ENGTYPE_2":"District","CC_2":"","HASC_2":"IN.PB.JA"}},
{"type":"Feature","geometry":{"type":"MultiPolygon","coordinates":[[[[75.87844849,31.27761841],[75.84069061,31.29749107],[75.8946228,31.34758949],[75.77472687,31.3716011],[75.68728638,31.34878159],[75.65812683,31.24209976],[75.6936264,31.16792107],[75.77456665,31.20030022],[75.87844849,31.27761841]]],[[[75.06147766,31.14468002],[75.19986725,31.18609047],[75.25737762,31.14916992],[75.33336639,31.23320007],[75.44906616,31.23917961],[75.50061035,31.3911705],[75.43348694,31.39764023],[75.43297577,31.50185966],[75.50669861,31.47412109],[75.58109283,31.60570908],[75.46173859,31.65199089],[75.39112091,31.59492111],[75.26626587,31.48340988],[75.03811646,31.19208908],[74.93667603,31.14985085],[75.06147766,31.14468002]]]]},"properties":{"GID_0":"IND","NAME_0":"India","GID_1":"IND.28_1","NAME_1":"Punjab","NL_NAME_1":"","GID_2":"IND.28.11_1","NAME_2":"Kapurthala","VARNAME_2":"","NL_NAME_2":"","TYPE_2":"District","ENGTYPE_2":"District","CC_2":"","HASC_2":"IN.PB.KA"}},
{"type":"Feature","geometry":{"type":"Polygon","coordinates":[[[76.07124329,30.56471062],[76.16123962,30.68090057],[76.33213806,30.68268013],[76.23667908,30.77313995],[76.31059265,30.88147926],[76.29664612,30.99257088],[75.94409943,31.02136993],[75.34285736,30.99002075],[75.39617157,30.5840683],[75.6436615,30.63739967],[75.77726746,30.62556076],[75.75802612,30.6744709],[75.82382965,30.69017029],[75.92543793,30.57164955],[76.01563263,30.61763954],[76.07124329,30.56471062]]]},"properties":{"GID_0":"IND","NAME_0":"India","GID_1":"IND.28_1","NAME_1":"Punjab","NL_NAME_1":"","GID_2":"IND.28.12_1","NAME_2":"Ludhiana","VARNAME_2":"","NL_NAME_2":"","TYPE_2":"District","ENGTYPE_2":"District","CC_2":"","HASC_2":"IN.PB.LU"}},
{"type":"Feature","geometry":{"type":"Polygon","coordinates":[[[75.29064941,29.56176186],[75.44426727,29.80784988],[75.56878662,29.74262047],[75.69744873,29.75521088],[75.7259903,29.81151962],[75.75567627,29.92120171],[75.63006592,29.9378376],[75.67906189,30.0260582],[75.56784058,30.14582062],[75.36126709,30.20245171],[75.25004578,30.10071945],[75.27002716,29.97914124],[75.17369843,29.97024918],[75.17855835,29.83690834],[75.23097992,29.75206757],[75.15783691,29.66271019],[75.22348022,29.54617119],[75.29064941,29.56176186]]]},"properties":{"GID_0":"IND","NAME_0":"India","GID_1":"IND.28_1","NAME_1":"Punjab","NL_NAME_1":"","GID_2":"IND.28.13_1","NAME_2":"Mansa","VARNAME_2":"","NL_NAME_2":"","TYPE_2":"District","ENGTYPE_2":"District","CC_2":"","HASC_2":"IN.PB.MA"}},
{"type":"Feature","geometry":{"type":"Polygon","coordinates":[[[75.28121185,30.51119232],[75.39305878,30.53341103],[75.39617157,30.5840683],[75.34285736,30.99002075],[75.11631775,31.09718132],[75.02737427,31.02360344],[75.04970551,30.9432106],[74.93332672,30.87735939],[74.89951324,30.7361908],[74.9439621,30.59353065],[74.89225769,30.54974174],[74.94985199,30.56213951],[74.99687958,30.48907089],[75.11846924,30.52349281],[75.13418579,30.5819397],[75.17581177,30.50772095],[75.28121185,30.51119232]]]},"properties":{"GID_0":"IND","NAME_0":"India","GID_1":"IND.28_1","NAME_1":"Punjab","NL_NAME_1":"","GID_2":"IND.28.14_1","NAME_2":"Moga","VARNAME_2":"","NL_NAME_2":"","TYPE_2":"District","ENGTYPE_2":"District","CC_2":"","HASC_2":"IN.PB.MO"}},
{"type":"Feature","geometry":{"type":"Polygon","coordinates":[[[74.3899765,30.53569984],[74.24144745,30.42281914],[74.3480072,30.39010048],[74.25157928,30.24562073],[74.3469162,30.23921967],[74.32686615,30.16118813],[74.44197845,29.94708824],[74.51906586,29.94334984],[74.64697266,29.90467072],[74.69737244,29.97114944],[74.62203979,30.13016129],[74.72653198,30.18142128],[74.71510315,30.30836105],[74.77449036,30.33577919],[74.69151306,30.3560791],[74.77567291,30.33977127],[74.81134796,30.39371109],[74.74260712,30.39426041],[74.74848175,30.49661064],[74.60765076,30.63735962],[74.49146271,30.66726112],[74.3899765,30.53569984]]]},"properties":{"GID_0":"IND","NAME_0":"India","GID_1":"IND.28_1","NAME_1":"Punjab","NL_NAME_1":"","GID_2":"IND.28.15_1","NAME_2":"Muktsar","VARNAME_2":"","NL_NAME_2":"","TYPE_2":"District","ENGTYPE_2":"District","CC_2":"","HASC_2":"IN.PB.MU"}},
{"type":"Feature","geometry":{"type":"Polygon","coordinates":[[[75.33328247,32.20471954],[75.56996918,32.13850021],[75.57875824,32.0816803],[75.66182709,32.16466904],[75.62254333,32.23468018],[75.91110992,32.40919113],[75.87254333,32.57619095],[75.71153259,32.41815948],[75.52921295,32.34888077],[75.50123596,32.27605057],[75.47223663,32.34004974],[75.32232666,32.33732605],[75.33328247,32.20471954]]]},"properties":{"GID_0":"IND","NAME_0":"India","GID_1":"IND.28_1","NAME_1":"Punjab","NL_NAME_1":"","GID_2":"IND.28.16_1","NAME_2":"Pathankot","VARNAME_2":"Guardaspur","NL_NAME_2":"","TYPE_2":"District","ENGTYPE_2":"District","CC_2":"","HASC_2":""}},
{"type":"Feature","geometry":{"type":"Polygon","coordinates":[[[76.21111298,29.8432312],[76.23869324,29.87590027],[76.16629028,29.92865944],[76.25499725,30.10457993],[76.20387268,30.15890121],[76.32289886,30.10822105],[76.41020203,30.20228958],[76.4520874,30.10070992],[76.60105133,30.08023071],[76.62763977,30.1551075],[76.63891602,30.20594025],[76.58399963,30.25653076],[76.53253174,30.22713089],[76.54763794,30.26492119],[76.71515656,30.33291054],[76.70014954,30.39361191],[76.764328,30.42501068],[76.79035187,30.50625801],[76.650383,30.58684158],[76.62177277,30.68144989],[76.56771088,30.65102005],[76.46656799,30.43420029],[76.30792236,30.43432045],[76.28038025,30.57746124],[76.06693268,30.51155472],[75.97852325,30.34081078],[76.19148254,30.28746033],[76.05177307,30.21615982],[76.09596252,30.11556053],[75.97432709,29.93820953],[76.0569458,29.84622955],[76.11477661,29.85790062],[76.09056091,29.81083107],[76.21111298,29.8432312]]]},"properties":{"GID_0":"IND","NAME_0":"India","GID_1":"IND.28_1","NAME_1":"Punjab","NL_NAME_1":"","GID_2":"IND.28.17_1","NAME_2":"Patiala","VARNAME_2":"","NL_NAME_2":"","TYPE_2":"District","ENGTYPE_2":"District","CC_2":"","HASC_2":"IN.PB.PA"}},
{"type":"Feature","geometry":{"type":"Polygon","coordinates":[[[76.29664612,30.99257088],[76.31059265,30.88147926],[76.35201263,30.9079628],[76.31546021,30.85256958],[76.39726257,30.76172066],[76.52027893,30.76850128],[76.52114105,30.85367012],[76.72547913,30.9425106],[76.61006927,31.0042305],[76.59039307,31.18285942],[76.63542175,31.21298027],[76.57050323,31.28014946],[76.43113708,31.28284073],[76.38162994,31.41061974],[76.31584167,31.40237808],[76.27735901,31.3099308],[76.32170868,31.22941017],[76.50656128,30.99822044],[76.29664612,30.99257088]]]},"properties":{"GID_0":"IND","NAME_0":"India","GID_1":"IND.28_1","NAME_1":"Punjab","NL_NAME_1":"","GID_2":"IND.28.18_1","NAME_2":"Rupnagar","VARNAME_2":"Ropar, Roop Nagar, Rupar","NL_NAME_2":"","TYPE_2":"District","ENGTYPE_2":"District","CC_2":"","HASC_2":"IN.PB.RP"}},
{"type":"Feature","geometry":{"type":"Polygon","coordinates":[[[76.81980896,30.68582916],[76.7263031,30.6959095],[76.69062805,30.76008034],[76.75933838,30.79903984],[76.82818604,30.76379013],[76.76985931,30.90639114],[76.72547913,30.9425106],[76.52114105,30.85367012],[76.52027893,30.76850128],[76.51642609,30.64051056],[76.56771088,30.65102005],[76.62177277,30.68144989],[76.650383,30.58684158],[76.79035187,30.50625801],[76.764328,30.42501068],[76.8324585,30.43388176],[76.89776611,30.36260033],[76.92006683,30.52469063],[76.81980896,30.68582916]]]},"properties":{"GID_0":"IND","NAME_0":"India","GID_1":"IND.28_1","NAME_1":"Punjab","NL_NAME_1":"","GID_2":"IND.28.19_1","NAME_2":"Sahibzada Ajit Singh Nagar","VARNAME_2":"Ropar|Roop Nagar|Rupar","NL_NAME_2":"","TYPE_2":"District","ENGTYPE_2":"District","CC_2":"","HASC_2":""}},
{"type":"Feature","geometry":{"type":"Polygon","coordinates":[[[76.09056091,29.81083107],[76.11477661,29.85790062],[76.0569458,29.84622955],[75.97432709,29.93820953],[76.09596252,30.11556053],[76.05177307,30.21615982],[76.19148254,30.28746033],[75.97852325,30.34081078],[76.06693268,30.51155472],[76.07124329,30.56471062],[76.01563263,30.61763954],[75.92543793,30.57164955],[75.82382965,30.69017029],[75.75802612,30.6744709],[75.77726746,30.62556076],[75.6436615,30.63739967],[75.64253998,30.32955933],[75.71346283,30.26898193],[75.57351685,30.23073959],[75.56784058,30.14582062],[75.67906189,30.0260582],[75.63006592,29.9378376],[75.75567627,29.92120171],[75.7259903,29.81151962],[75.82901764,29.81232071],[75.9386673,29.73351288],[76.09056091,29.81083107]]]},"properties":{"GID_0":"IND","NAME_0":"India","GID_1":"IND.28_1","NAME_1":"Punjab","NL_NAME_1":"","GID_2":"IND.28.20_1","NAME_2":"Sangrur","VARNAME_2":"Sangroor","NL_NAME_2":"","TYPE_2":"District","ENGTYPE_2":"District","CC_2":"","HASC_2":"IN.PB.SR"}},
{"type":"Feature","geometry":{"type":"Polygon","coordinates":[[[76.32170868,31.22941017],[76.2282486,31.24731064],[76.17330933,31.13627052],[76.01203918,31.26110077],[75.87844849,31.27761841],[75.77456665,31.20030022],[75.88635254,31.15730095],[75.94409943,31.02136993],[76.29664612,30.99257088],[76.50656128,30.99822044],[76.32170868,31.22941017]]]},"properties":{"GID_0":"IND","NAME_0":"India","GID_1":"IND.28_1","NAME_1":"Punjab","NL_NAME_1":"","GID_2":"IND.28.21_1","NAME_2":"Shahid Bhagat Singh Nagar","VARNAME_2":"","NL_NAME_2":"","TYPE_2":"District","ENGTYPE_2":"District","CC_2":"","HASC_2":"IN.PB.NS"}},
{"type":"Feature","geometry":{"type":"Polygon","coordinates":[[[74.69061279,31.11448097],[74.93667603,31.14985085],[75.03811646,31.19208908],[75.26626587,31.48340988],[75.03459167,31.54333115],[74.93873596,31.49771118],[74.77952576,31.56941986],[74.5956955,31.49979019],[74.64206696,31.45996094],[74.51111603,31.27233124],[74.5045929,31.13850975],[74.55193329,31.08562088],[74.59500885,31.13495064],[74.69061279,31.11448097]]]},"properties":{"GID_0":"IND","NAME_0":"India","GID_1":"IND.28_1","NAME_1":"Punjab","NL_NAME_1":"","GID_2":"IND.28.22_1","NAME_2":"Tarn Taran","VARNAME_2":"","NL_NAME_2":"","TYPE_2":"District","ENGTYPE_2":"District","CC_2":"","HASC_2":"IN.PB.TT"}},
{"type":"Feature","geometry":{"type":"MultiPolygon","coordinates":[[[[73.90558624,25.68683052],[73.95617676,25.65574074],[74.09216309,25.76904106],[74.05509186,25.83076096],[73.95005035,25.84250069],[73.90558624,25.68683052]]],[[[74.18209076,25.85045052],[74.3868866,25.96471977],[74.52607727,25.86778069],[74.5567627,25.91646957],[74.70244598,25.92230034],[75.01367188,25.8594799],[75.105896,25.69701958],[75.25144958,25.68457985],[75.3156662,25.76760101],[75.3513031,25.83366013],[75.24276733,25.91291809],[75.35102844,26.01819992],[75.30310822,26.07328033],[75.3359375,26.13449287],[75.24223328,26.08198166],[75.18443298,26.11348152],[75.10954285,26.28841019],[75.16575623,26.46558952],[75.05796051,26.55927086],[75.06331635,26.65394974],[74.94007111,26.72425079],[75.00421143,26.74339104],[74.93826294,26.74874115],[74.91227722,26.83999252],[74.97216797,26.8934803],[74.95967865,26.96133041],[74.84752655,26.97802162],[74.77485657,26.79313087],[74.66156006,26.71409035],[74.7196579,26.7047081],[74.67031097,26.5967598],[74.61518097,26.56855011],[74.58972931,26.63171959],[74.46972656,26.49300957],[74.28806305,26.45112038],[74.30296326,26.33365059],[74.2511673,26.2883606],[74.39933777,26.26931953],[74.36688995,26.19248962],[74.27095795,26.17604065],[74.30211639,26.13773155],[74.24076843,26.05215073],[74.16066742,26.06833076],[74.11566162,25.86812973],[74.18209076,25.85045052]]]]},"properties":{"GID_0":"IND","NAME_0":"India","GID_1":"IND.29_1","NAME_1":"Rajasthan","NL_NAME_1":"","GID_2":"IND.29.1_1","NAME_2":"Ajmer","VARNAME_2":"","NL_NAME_2":"","TYPE_2":"District","ENGTYPE_2":"District","CC_2":"","HASC_2":"IN.RJ.AJ"}},
{"type":"Feature","geometry":{"type":"Polygon","coordinates":[[[76.28656769,27.06857109],[76.35752869,27.06104088],[76.42610931,27.13809967],[76.46589661,27.08397102],[76.587883,27.18316078],[76.64643097,27.17123985],[76.63648224,27.0999012],[76.78983307,27.14194107],[76.82846832,27.08181953],[76.86451721,27.23655128],[76.95730591,27.15146065],[77.08973694,27.16913033],[77.03932953,27.22977257],[77.20157623,27.35016823],[76.89289856,27.46055031],[76.91884613,27.53660011],[77.05243683,27.44716835],[77.04048157,27.56032753],[76.93260193,27.57590294],[76.97049713,27.65714264],[76.88092041,27.69936943],[76.96176147,28.14401054],[76.8543396,28.22524071],[76.65122986,28.0967598],[76.66007233,28.0190506],[76.53819275,27.970541],[76.53852081,28.03911972],[76.45372772,28.04966927],[76.49765778,28.0647316],[76.47099304,28.15474129],[76.30871582,28.18336105],[76.33679962,28.02966118],[76.17733765,28.05925941],[76.21382904,28.03168106],[76.15493774,27.99899101],[76.22328186,27.84093094],[76.2826767,27.80505943],[76.24241638,27.63490105],[76.19512177,27.62672043],[76.23980713,27.49316978],[76.11791229,27.24276161],[76.18784332,27.12602043],[76.27062225,27.1882],[76.28656769,27.06857109]]]},"properties":{"GID_0":"IND","NAME_0":"India","GID_1":"IND.29_1","NAME_1":"Rajasthan","NL_NAME_1":"","GID_2":"IND.29.2_1","NAME_2":"Alwar","VARNAME_2":"","NL_NAME_2":"","TYPE_2":"District","ENGTYPE_2":"District","CC_2":"","HASC_2":"IN.RJ.AL"}},
{"type":"Feature","geometry":{"type":"Polygon","coordinates":[[[74.77406311,23.54330254],[74.6723175,23.66555977],[74.52046204,23.63722229],[74.52706146,23.88534164],[74.38523102,23.90827942],[74.14958954,23.78336906],[74.12068939,23.6117897],[73.96247101,23.38138962],[74.13378143,23.26945114],[74.12252045,23.19157028],[74.18299103,23.15221977],[74.24603271,23.18825912],[74.32277679,23.06269073],[74.39118958,23.11199951],[74.51228333,23.08883095],[74.74098206,23.2293396],[74.51830292,23.32872963],[74.61338043,23.46136093],[74.77406311,23.54330254]]]},"properties":{"GID_0":"IND","NAME_0":"India","GID_1":"IND.29_1","NAME_1":"Rajasthan","NL_NAME_1":"","GID_2":"IND.29.3_1","NAME_2":"Banswara","VARNAME_2":"","NL_NAME_2":"","TYPE_2":"District","ENGTYPE_2":"District","CC_2":"","HASC_2":"IN.RJ.BS"}},
{"type":"Feature","geometry":{"type":"Polygon","coordinates":[[[76.84117126,24.4428196],[76.8381958,24.54846954],[76.91287231,24.54356956],[76.96016693,24.46022987],[77.06469727,24.56991005],[77.0266571,24.71092033],[76.95173645,24.76546097],[76.84729767,24.75040054],[76.80158234,24.81983948],[76.9489212,24.87286949],[76.85434723,25.01031113],[77.16957855,25.11371994],[77.30285645,25.08386993],[77.39852905,25.11327171],[77.41799164,25.1930294],[77.34966278,25.27177048],[77.35434723,25.42402267],[77.28298187,25.42358971],[77.20514679,25.31142998],[77.07546997,25.33969116],[76.93393707,25.27590179],[76.68107605,25.34547997],[76.5742569,25.4366703],[76.3260498,25.38353157],[76.21617889,25.09967041],[76.31025696,24.96436119],[76.41725922,24.98171043],[76.57170105,24.86246109],[76.56089783,24.81205177],[76.4390564,24.78755951],[76.60897827,24.43117905],[76.84117126,24.4428196]]]},"properties":{"GID_0":"IND","NAME_0":"India","GID_1":"IND.29_1","NAME_1":"Rajasthan","NL_NAME_1":"","GID_2":"IND.29.4_1","NAME_2":"Baran","VARNAME_2":"","NL_NAME_2":"","TYPE_2":"District","ENGTYPE_2":"District","CC_2":"","HASC_2":"IN.RJ.BR"}},
{"type":"Feature","geometry":{"type":"Polygon","coordinates":[[[71.19709778,24.64292908],[71.3962326,24.97332001],[71.53739166,24.96931076],[71.63507843,25.03015137],[71.68913269,24.98176003],[71.74310303,25.06534958],[71.8008728,25.04953957],[72.03787231,25.47299957],[72.32074738,25.38512039],[72.346138,25.44415092],[72.46629333,25.45254135],[72.56476593,25.5297699],[72.58863068,25.60050964],[72.72274017,25.60782051],[72.68871307,25.66855812],[72.77950287,25.80042076],[72.8358078,25.86208153],[72.62828064,25.95573807],[72.69940186,26.11987114],[72.59732056,26.27799034],[72.46836853,26.29865074],[72.27069855,26.19498062],[72.07496643,26.34580994],[71.89763641,26.29598045],[71.84522247,26.36939049],[71.81433105,26.32781029],[71.64167786,26.39899063],[71.59394836,26.49644279],[71.49402618,26.45106125],[71.45110321,26.50781822],[71.33129883,26.41325951],[71.29276276,26.45990944],[71.22580719,26.43961906],[71.14377594,26.30171013],[70.95939636,26.24127007],[71.05684662,26.13506126],[70.94892883,26.0746212],[70.96727753,26.01440048],[70.88324738,26.12014961],[70.74912262,26.13602066],[70.72255707,26.20334816],[70.41757202,26.19029808],[70.23240662,26.11175919],[70.14433289,26.14183044],[70.09453583,26.0499897],[70.15392303,25.86027527],[70.27594757,25.70342064],[70.37520599,25.66846085],[70.66596222,25.69722939],[70.67417145,25.38932037],[70.89431,25.14405823],[70.94548798,24.9345417],[71.10713959,24.68065071],[71.19709778,24.64292908]]]},"properties":{"GID_0":"IND","NAME_0":"India","GID_1":"IND.29_1","NAME_1":"Rajasthan","NL_NAME_1":"","GID_2":"IND.29.5_1","NAME_2":"Barmer","VARNAME_2":"","NL_NAME_2":"","TYPE_2":"District","ENGTYPE_2":"District","CC_2":"","HASC_2":"IN.RJ.BM"}},
{"type":"Feature","geometry":{"type":"Polygon","coordinates":[[[77.44831085,26.74674988],[77.42247009,26.86701965],[77.74771118,26.99850082],[77.49841309,27.09519005],[77.6654129,27.1861496],[77.63913727,27.24712944],[77.61411285,27.34338951],[77.4318924,27.39915848],[77.33513641,27.53002167],[77.27577972,27.80654907],[77.12652588,27.77646065],[77.03827667,27.82004166],[77.079216,27.73841095],[76.9935379,27.74170113],[76.97049713,27.65714264],[76.93260193,27.57590294],[77.04048157,27.56032753],[77.05243683,27.44716835],[76.91884613,27.53660011],[76.89289856,27.46055031],[77.20157623,27.35016823],[77.03932953,27.22977257],[77.08973694,27.16913033],[76.95730591,27.15146065],[77.07076263,26.8646698],[77.19793701,26.78663063],[77.34407806,26.80994987],[77.34160614,26.71702957],[77.44831085,26.74674988]]]},"properties":{"GID_0":"IND","NAME_0":"India","GID_1":"IND.29_1","NAME_1":"Rajasthan","NL_NAME_1":"","GID_2":"IND.29.6_1","NAME_2":"Bharatpur","VARNAME_2":"","NL_NAME_2":"","TYPE_2":"District","ENGTYPE_2":"District","CC_2":"","HASC_2":"IN.RJ.BP"}},
{"type":"Feature","geometry":{"type":"Polygon","coordinates":[[[75.45012665,25.02958107],[75.40560913,25.10799026],[75.44550323,25.26518059],[75.26191711,25.42159081],[75.35967255,25.48048019],[75.46079254,25.72238922],[75.39985657,25.77832031],[75.3156662,25.76760101],[75.25144958,25.68457985],[75.105896,25.69701958],[75.01367188,25.8594799],[74.70244598,25.92230034],[74.5567627,25.91646957],[74.52607727,25.86778069],[74.3868866,25.96471977],[74.18209076,25.85045052],[74.19458771,25.74141121],[74.08603668,25.70611],[74.11859894,25.60783958],[74.05599213,25.57131195],[74.10206604,25.51588821],[74.01570892,25.4397583],[74.07636261,25.41398048],[74.01216888,25.38355064],[74.08264923,25.31184959],[74.01867676,25.3123703],[74.0460968,25.23855972],[74.12362671,25.24430084],[74.05699158,25.14895058],[74.25917053,25.0674305],[74.39686584,25.20735931],[74.4578476,25.16987991],[74.51103973,25.20573044],[74.5635376,25.13620949],[74.74886322,25.22031021],[74.80207062,25.15400124],[74.90154266,25.18519974],[74.97235107,25.10819054],[75.12316895,25.12619019],[75.20275879,25.09305954],[75.19441986,25.03770065],[75.35061646,25.0248394],[75.45012665,25.02958107]]]},"properties":{"GID_0":"IND","NAME_0":"India","GID_1":"IND.29_1","NAME_1":"Rajasthan","NL_NAME_1":"","GID_2":"IND.29.7_1","NAME_2":"Bhilwara","VARNAME_2":"Bhilavara","NL_NAME_2":"","TYPE_2":"District","ENGTYPE_2":"District","CC_2":"","HASC_2":"IN.RJ.BW"}},
{"type":"Feature","geometry":{"type":"Polygon","coordinates":[[[73.84755707,27.55178261],[73.79518127,27.9047699],[73.73124695,27.95676041],[73.67520905,27.92156982],[73.69233704,28.06100082],[73.63323212,28.11543846],[73.81973267,28.32956123],[73.9108429,28.29137993],[74.0608902,28.33018112],[74.07563019,28.66962051],[74.18756104,28.71216011],[74.15394592,28.77775764],[74.0524826,28.77773094],[74.11907196,28.83945084],[74.10497284,28.94054031],[74.03283691,29.01263046],[73.96819305,28.90365982],[73.96186829,28.97615814],[73.8400116,28.93758965],[73.76542664,29.05104065],[73.73562622,29.00682068],[73.3391571,29.00399017],[73.2219162,28.92754173],[73.1445694,28.78169823],[73.00608063,28.71115112],[72.74202728,28.77905083],[72.64351654,28.89910126],[72.32628632,28.69889259],[72.18442535,28.35800552],[71.93325806,28.12685966],[71.89630127,27.95684052],[72.14398956,27.86791229],[72.1078186,27.70042038],[72.22525787,27.6529007],[72.3416214,27.68797112],[72.28299713,27.54481125],[72.2600708,27.45379066],[72.55841064,27.61541939],[72.65879059,27.52968979],[72.69403839,27.60181999],[72.76419067,27.52065086],[72.83188629,27.58139038],[72.82878876,27.46409988],[72.98155975,27.38286972],[73.11823273,27.40695953],[73.16082764,27.29389954],[73.2472229,27.32505989],[73.35103607,27.18621063],[73.37262726,27.26013947],[73.50123596,27.33331108],[73.53637695,27.49399948],[73.5996933,27.48949051],[73.64396667,27.56719017],[73.7769928,27.5092926],[73.84755707,27.55178261]]]},"properties":{"GID_0":"IND","NAME_0":"India","GID_1":"IND.29_1","NAME_1":"Rajasthan","NL_NAME_1":"","GID_2":"IND.29.8_1","NAME_2":"Bikaner","VARNAME_2":"","NL_NAME_2":"","TYPE_2":"District","ENGTYPE_2":"District","CC_2":"","HASC_2":"IN.RJ.BI"}},
{"type":"Feature","geometry":{"type":"Polygon","coordinates":[[[75.62114716,25.00028038],[75.73990631,25.07627106],[75.79036713,25.26221085],[75.87574005,25.2293396],[75.94563293,25.27991295],[75.97792816,25.23521996],[76.07009125,25.35390282],[76.15175629,25.34555054],[76.18045044,25.49710083],[76.27017975,25.5156498],[76.32051849,25.6549511],[76.15245819,25.76641273],[76.00804901,25.88639069],[75.94281006,25.82055855],[75.88948822,25.87322044],[75.81794739,25.80116272],[75.76904297,25.82682037],[75.75731659,25.76062965],[75.67706299,25.75871086],[75.61865997,25.6811409],[75.51902008,25.75127983],[75.46079254,25.72238922],[75.35967255,25.48048019],[75.26191711,25.42159081],[75.44550323,25.26518059],[75.40560913,25.10799026],[75.45012665,25.02958107],[75.62114716,25.00028038]]]},"properties":{"GID_0":"IND","NAME_0":"India","GID_1":"IND.29_1","NAME_1":"Rajasthan","NL_NAME_1":"","GID_2":"IND.29.9_1","NAME_2":"Bundi","VARNAME_2":"","NL_NAME_2":"","TYPE_2":"District","ENGTYPE_2":"District","CC_2":"","HASC_2":"IN.RJ.BU"}},
{"type":"Feature","geometry":{"type":"MultiPolygon","coordinates":[[[[75.35061646,25.0248394],[75.31387329,24.90044022],[75.27590179,24.97673035],[75.26145172,24.88965988],[75.417099,24.86390114],[75.30573273,24.8133297],[75.20819092,24.90999985],[75.25154877,24.83221817],[75.1868515,24.76032066],[75.54854584,24.71556091],[75.63400269,24.69115067],[75.78618622,24.76552963],[75.81874084,24.8710804],[75.62114716,25.00028038],[75.45012665,25.02958107],[75.35061646,25.0248394]]],[[[74.47803497,24.25322914],[74.54265594,24.47859573],[74.71555328,24.50823975],[74.81710815,24.67167091],[74.77527618,24.68773079],[74.79931641,24.79564095],[74.89285278,24.65534973],[75.02023315,24.75276756],[75.00705719,24.79606056],[74.84889221,24.79265976],[74.83271027,24.9674511],[75.04338837,24.85922813],[75.11886597,24.88903999],[75.1190567,24.97475243],[75.19441986,25.03770065],[75.20275879,25.09305954],[75.12316895,25.12619019],[74.97235107,25.10819054],[74.90154266,25.18519974],[74.80207062,25.15400124],[74.74886322,25.22031021],[74.5635376,25.13620949],[74.51103973,25.20573044],[74.4578476,25.16987991],[74.39686584,25.20735931],[74.25917053,25.0674305],[74.30690002,24.99751091],[74.20275116,24.98841095],[74.14702606,24.88834],[74.11943817,24.74154091],[74.27863312,24.59517097],[74.29078674,24.5112381],[74.21615601,24.47163963],[74.35349274,24.50766945],[74.34661102,24.37507057],[74.47803497,24.25322914]]]]},"properties":{"GID_0":"IND","NAME_0":"India","GID_1":"IND.29_1","NAME_1":"Rajasthan","NL_NAME_1":"","GID_2":"IND.29.10_1","NAME_2":"Chittaurgarh","VARNAME_2":"","NL_NAME_2":"","TYPE_2":"District","ENGTYPE_2":"District","CC_2":"","HASC_2":"IN.RJ.CH"}},
{"type":"Feature","geometry":{"type":"Polygon","coordinates":[[[74.67549896,27.66962051],[74.81134796,27.80229187],[74.72364044,27.864851],[74.82287598,27.9130497],[74.75505829,27.99007988],[74.78742981,28.11541939],[74.88581085,28.19440079],[75.0226059,28.20095062],[75.1415863,28.2945919],[75.12406921,28.4045105],[75.21090698,28.39343071],[75.22698975,28.4584198],[75.37542725,28.3411808],[75.49401855,28.34039116],[75.6639328,28.52086067],[75.53956604,28.64887047],[75.46888733,28.93799019],[75.41470337,29.00158119],[75.3361969,28.91563988],[75.34767914,28.97151947],[75.29052734,28.98835945],[75.28629303,28.92061806],[75.16165924,28.84719086],[75.01963806,28.85271072],[75.03172302,28.93857956],[74.92823029,28.89612007],[74.85420227,28.94689941],[74.77496338,28.91544914],[74.77011108,28.82775116],[74.46302032,28.82134819],[74.40846252,28.88708115],[74.15394592,28.77775764],[74.18756104,28.71216011],[74.07563019,28.66962051],[74.0608902,28.33018112],[73.9108429,28.29137993],[73.81973267,28.32956123],[73.63323212,28.11543846],[73.69233704,28.06100082],[73.67520905,27.92156982],[73.73124695,27.95676041],[73.79518127,27.9047699],[73.84755707,27.55178261],[73.89816284,27.4971199],[74.02597809,27.53598976],[74.14988708,27.41203117],[74.33872223,27.68110085],[74.54305267,27.66407967],[74.60543823,27.70820999],[74.62288666,27.65055084],[74.67549896,27.66962051]]]},"properties":{"GID_0":"IND","NAME_0":"India","GID_1":"IND.29_1","NAME_1":"Rajasthan","NL_NAME_1":"","GID_2":"IND.29.11_1","NAME_2":"Churu","VARNAME_2":"","NL_NAME_2":"","TYPE_2":"District","ENGTYPE_2":"District","CC_2":"","HASC_2":"IN.RJ.CR"}},
{"type":"Feature","geometry":{"type":"Polygon","coordinates":[[[76.17484283,26.49040031],[76.40055084,26.38171959],[76.4754715,26.50356293],[76.40065002,26.55760956],[76.44632721,26.64481926],[76.50892639,26.75934982],[76.75128937,26.87541962],[76.79303741,26.96025848],[76.91536713,26.91312027],[76.99299622,26.80335808],[77.07076263,26.8646698],[76.95730591,27.15146065],[76.86451721,27.23655128],[76.82846832,27.08181953],[76.78983307,27.14194107],[76.63648224,27.0999012],[76.64643097,27.17123985],[76.587883,27.18316078],[76.46589661,27.08397102],[76.42610931,27.13809967],[76.35752869,27.06104088],[76.28656769,27.06857109],[76.19639587,26.96499062],[76.18398285,26.86843109],[76.26759338,26.8716507],[76.15261841,26.69724846],[76.1548233,26.51939011],[76.17484283,26.49040031]]]},"properties":{"GID_0":"IND","NAME_0":"India","GID_1":"IND.29_1","NAME_1":"Rajasthan","NL_NAME_1":"","GID_2":"IND.29.12_1","NAME_2":"Dausa","VARNAME_2":"","NL_NAME_2":"","TYPE_2":"District","ENGTYPE_2":"District","CC_2":"","HASC_2":"IN.RJ.DA"}},
{"type":"Feature","geometry":{"type":"Polygon","coordinates":[[[77.36624908,26.37151909],[77.81299591,26.55480957],[77.9036026,26.66617966],[78.08573914,26.68305016],[78.09983063,26.79700851],[78.20979309,26.83609009],[78.19113922,26.88861084],[78.26223755,26.92351151],[78.21589661,26.95395088],[78.11134338,26.95323181],[78.02202606,26.86087036],[78.00666046,26.9106617],[77.75337982,26.93773842],[77.60450745,26.83280182],[77.49797821,26.84794998],[77.44831085,26.74674988],[77.34160614,26.71702957],[77.38314056,26.62212944],[77.22006989,26.5363903],[77.25197601,26.43581009],[77.32385254,26.4370594],[77.36624908,26.37151909]]]},"properties":{"GID_0":"IND","NAME_0":"India","GID_1":"IND.29_1","NAME_1":"Rajasthan","NL_NAME_1":"","GID_2":"IND.29.13_1","NAME_2":"Dhaulpur","VARNAME_2":"","NL_NAME_2":"","TYPE_2":"District","ENGTYPE_2":"District","CC_2":"","HASC_2":"IN.RJ.DH"}},
{"type":"Feature","geometry":{"type":"Polygon","coordinates":[[[73.96247101,23.38138962],[74.12068939,23.6117897],[74.14958954,23.78336906],[74.38523102,23.90827942],[74.32739258,23.93876076],[74.22830963,23.91162109],[74.14595795,24.02142906],[73.84432983,23.93511963],[73.59554291,23.9666729],[73.37042236,23.81438065],[73.50853729,23.70333099],[73.51348877,23.61681175],[73.57727051,23.65536118],[73.66073608,23.62290192],[73.63275146,23.45239258],[73.72614288,23.41266251],[73.83213043,23.44675064],[73.89427185,23.33713913],[73.96247101,23.38138962]]]},"properties":{"GID_0":"IND","NAME_0":"India","GID_1":"IND.29_1","NAME_1":"Rajasthan","NL_NAME_1":"","GID_2":"IND.29.14_1","NAME_2":"Dungarpur","VARNAME_2":"","NL_NAME_2":"","TYPE_2":"District","ENGTYPE_2":"District","CC_2":"","HASC_2":"IN.RJ.DU"}},
{"type":"Feature","geometry":{"type":"Polygon","coordinates":[[[72.64351654,28.89910126],[72.74202728,28.77905083],[73.00608063,28.71115112],[73.1445694,28.78169823],[73.2219162,28.92754173],[73.3391571,29.00399017],[73.73562622,29.00682068],[73.76542664,29.05104065],[73.8400116,28.93758965],[73.96186829,28.97615814],[73.96819305,28.90365982],[74.03283691,29.01263046],[74.10497284,28.94054031],[74.10436249,29.0965004],[74.17732239,29.13425255],[74.13595581,29.18979073],[74.22329712,29.19260025],[73.96395111,29.60003281],[73.99151611,29.65884018],[74.10922241,29.62190819],[74.11699677,29.68155289],[74.25517273,29.66319084],[74.32015228,29.80953979],[74.27902985,29.95508957],[73.89118195,29.97006989],[73.96631622,30.19504929],[73.78721619,30.06640053],[73.39137268,29.93787003],[73.27131653,29.55696106],[72.9437561,29.02991104],[72.64351654,28.89910126]]]},"properties":{"GID_0":"IND","NAME_0":"India","GID_1":"IND.29_1","NAME_1":"Rajasthan","NL_NAME_1":"","GID_2":"IND.29.15_1","NAME_2":"Ganganagar","VARNAME_2":"Sri Ganganagar","NL_NAME_2":"","TYPE_2":"District","ENGTYPE_2":"District","CC_2":"","HASC_2":"IN.RJ.GA"}},
{"type":"Feature","geometry":{"type":"Polygon","coordinates":[[[74.15394592,28.77775764],[74.40846252,28.88708115],[74.46302032,28.82134819],[74.77011108,28.82775116],[74.77496338,28.91544914],[74.85420227,28.94689941],[74.92823029,28.89612007],[75.03172302,28.93857956],[75.01963806,28.85271072],[75.16165924,28.84719086],[75.28629303,28.92061806],[75.29052734,28.98835945],[75.34767914,28.97151947],[75.3361969,28.91563988],[75.41470337,29.00158119],[75.46888733,28.93799019],[75.51651764,28.97538948],[75.38065338,29.07032013],[75.39570618,29.26194],[75.3453064,29.22616005],[75.32424927,29.29018974],[75.27671814,29.27345085],[75.23522949,29.25193977],[75.07807922,29.23245049],[74.84113312,29.4040699],[74.59577942,29.32831192],[74.52910614,29.44953918],[74.61440277,29.52711105],[74.56653595,29.56349945],[74.60540009,29.7528801],[74.47200012,29.74403],[74.46526337,29.78754997],[74.55356598,29.86564064],[74.51906586,29.94334984],[74.44197845,29.94708824],[74.27902985,29.95508957],[74.32015228,29.80953979],[74.25517273,29.66319084],[74.11699677,29.68155289],[74.10922241,29.62190819],[73.99151611,29.65884018],[73.96395111,29.60003281],[74.22329712,29.19260025],[74.13595581,29.18979073],[74.17732239,29.13425255],[74.10436249,29.0965004],[74.10497284,28.94054031],[74.11907196,28.83945084],[74.0524826,28.77773094],[74.15394592,28.77775764]]]},"properties":{"GID_0":"IND","NAME_0":"India","GID_1":"IND.29_1","NAME_1":"Rajasthan","NL_NAME_1":"","GID_2":"IND.29.16_1","NAME_2":"Hanumangarh","VARNAME_2":"","NL_NAME_2":"","TYPE_2":"District","ENGTYPE_2":"District","CC_2":"","HASC_2":"IN.RJ.HA"}},
{"type":"Feature","geometry":{"type":"Polygon","coordinates":[[[75.16575623,26.46558952],[75.28221893,26.5676899],[75.36785889,26.4899807],[75.61239624,26.44353104],[75.73922729,26.45124054],[75.79302979,26.55416107],[75.9576416,26.4875412],[76.1548233,26.51939011],[76.15261841,26.69724846],[76.26759338,26.8716507],[76.18398285,26.86843109],[76.19639587,26.96499062],[76.28656769,27.06857109],[76.27062225,27.1882],[76.18784332,27.12602043],[76.11791229,27.24276161],[76.23980713,27.49316978],[76.19512177,27.62672043],[76.24241638,27.63490105],[76.2826767,27.80505943],[76.22328186,27.84093094],[76.17292023,27.80746078],[76.08009338,27.8510704],[75.93492889,27.62607956],[75.93110657,27.50081062],[75.97865295,27.4823494],[75.88868713,27.46093178],[75.87117004,27.39359093],[75.73309326,27.40837288],[75.59292603,27.31251907],[75.52468109,27.34781075],[75.37478638,27.29338837],[75.3106308,27.16282082],[75.36284637,27.09132957],[75.21581268,27.08630943],[75.25395203,27.03775024],[75.16059113,26.93634987],[75.0088501,26.94849968],[74.97216797,26.8934803],[74.91227722,26.83999252],[74.93826294,26.74874115],[75.00421143,26.74339104],[74.94007111,26.72425079],[75.06331635,26.65394974],[75.05796051,26.55927086],[75.16575623,26.46558952]]]},"properties":{"GID_0":"IND","NAME_0":"India","GID_1":"IND.29_1","NAME_1":"Rajasthan","NL_NAME_1":"","GID_2":"IND.29.17_1","NAME_2":"Jaipur","VARNAME_2":"Jeipur","NL_NAME_2":"","TYPE_2":"District","ENGTYPE_2":"District","CC_2":"","HASC_2":"IN.RJ.JP"}},
{"type":"Feature","geometry":{"type":"Polygon","coordinates":[[[71.89630127,27.95684052],[71.65828705,27.86893082],[71.27295685,27.84192848],[70.88417053,27.6984005],[70.75766754,27.71720886],[70.5626297,28.01980209],[70.36616516,28.00824928],[70.1569519,27.83404922],[70.01626587,27.55599594],[69.58666229,27.17798424],[69.51320648,27.01686859],[69.51544952,26.74005508],[69.81536102,26.59215736],[70.06619263,26.59929085],[70.16773987,26.5507431],[70.17266846,26.24507713],[70.08045197,26.05823708],[70.15392303,25.86027527],[70.09453583,26.0499897],[70.14433289,26.14183044],[70.23240662,26.11175919],[70.41757202,26.19029808],[70.72255707,26.20334816],[70.74912262,26.13602066],[70.88324738,26.12014961],[70.96727753,26.01440048],[70.94892883,26.0746212],[71.05684662,26.13506126],[70.95939636,26.24127007],[71.14377594,26.30171013],[71.22580719,26.43961906],[71.29276276,26.45990944],[71.33129883,26.41325951],[71.45110321,26.50781822],[71.49402618,26.45106125],[71.59394836,26.49644279],[71.64167786,26.39899063],[71.81433105,26.32781029],[71.84522247,26.36939049],[71.89763641,26.29598045],[72.07496643,26.34580994],[72.02913666,26.49477005],[72.10015869,26.5966301],[72.0412674,26.67135239],[72.09040833,26.71545982],[72.04673767,26.78500175],[72.10455322,26.88294983],[72.04086304,26.93155098],[72.08779144,27.10058975],[71.79123688,27.23986053],[71.81474304,27.43611908],[72.04921722,27.60962105],[72.12827301,27.57588959],[72.17485046,27.45755005],[72.28299713,27.54481125],[72.3416214,27.68797112],[72.22525787,27.6529007],[72.1078186,27.70042038],[72.14398956,27.86791229],[71.89630127,27.95684052]]]},"properties":{"GID_0":"IND","NAME_0":"India","GID_1":"IND.29_1","NAME_1":"Rajasthan","NL_NAME_1":"","GID_2":"IND.29.18_1","NAME_2":"Jaisalmer","VARNAME_2":"","NL_NAME_2":"","TYPE_2":"District","ENGTYPE_2":"District","CC_2":"","HASC_2":"IN.RJ.JS"}},
{"type":"Feature","geometry":{"type":"Polygon","coordinates":[[[72.34020233,24.62298965],[72.33175659,24.69965172],[72.40582275,24.77268982],[72.50067139,24.75769997],[72.50853729,24.91862106],[72.690979,25.04548073],[72.83026123,25.28640175],[72.94262695,25.24329948],[73.00119019,25.28100967],[72.93865967,25.3597908],[73.00862885,25.35293961],[73.098526,25.46799088],[72.77950287,25.80042076],[72.68871307,25.66855812],[72.72274017,25.60782051],[72.58863068,25.60050964],[72.56476593,25.5297699],[72.46629333,25.45254135],[72.346138,25.44415092],[72.32074738,25.38512039],[72.03787231,25.47299957],[71.8008728,25.04953957],[71.74310303,25.06534958],[71.68913269,24.98176003],[71.63507843,25.03015137],[71.53739166,24.96931076],[71.3962326,24.97332001],[71.19709778,24.64292908],[71.29773712,24.60764122],[71.53697205,24.67892075],[71.66156006,24.63326073],[71.79898834,24.67052078],[71.85839081,24.60416985],[71.87647247,24.67515945],[71.94419098,24.62677956],[72.05249023,24.70578957],[72.16539764,24.61450005],[72.34020233,24.62298965]]]},"properties":{"GID_0":"IND","NAME_0":"India","GID_1":"IND.29_1","NAME_1":"Rajasthan","NL_NAME_1":"","GID_2":"IND.29.19_1","NAME_2":"Jalor","VARNAME_2":"","NL_NAME_2":"","TYPE_2":"District","ENGTYPE_2":"District","CC_2":"","HASC_2":"IN.RJ.JL"}},
{"type":"Feature","geometry":{"type":"Polygon","coordinates":[[[76.84117126,24.4428196],[76.60897827,24.43117905],[76.4390564,24.78755951],[76.36136627,24.8756218],[76.28040314,24.8123703],[76.25411987,24.85127831],[76.18966675,24.62754059],[76.1001358,24.70030975],[76.07845306,24.58086967],[75.92051697,24.54380989],[75.89862061,24.44159126],[75.82900238,24.42251968],[75.79113007,24.47520256],[75.72688293,24.40527916],[75.82688141,24.24641037],[75.74349213,24.13960075],[75.83376312,24.07542992],[75.70040894,23.9690609],[75.66919708,24.03354263],[75.58383942,23.99192047],[75.51438141,24.04873276],[75.45649719,23.92074013],[75.68447876,23.76056862],[75.70233154,23.90405083],[75.77706146,23.85387039],[75.93180847,23.90193939],[75.98092651,23.94301987],[75.96018219,24.02536964],[76.13469696,24.09528923],[76.18548584,24.33151054],[76.21556854,24.21680832],[76.46994781,24.23139954],[76.53143311,24.16346931],[76.69296265,24.28504944],[76.69519043,24.1760006],[76.87758636,24.13492966],[76.94483185,24.20330048],[76.84017944,24.33872032],[76.84117126,24.4428196]]]},"properties":{"GID_0":"IND","NAME_0":"India","GID_1":"IND.29_1","NAME_1":"Rajasthan","NL_NAME_1":"","GID_2":"IND.29.20_1","NAME_2":"Jhalawar","VARNAME_2":"","NL_NAME_2":"","TYPE_2":"District","ENGTYPE_2":"District","CC_2":"","HASC_2":"IN.RJ.JW"}},
{"type":"Feature","geometry":{"type":"Polygon","coordinates":[[[75.0226059,28.20095062],[75.12171936,28.13783264],[75.0958786,28.06727982],[75.37114716,27.64670944],[75.52966309,27.71293068],[75.68209839,27.67756081],[75.76264954,27.83755112],[75.92362213,27.93309021],[76.03562927,28.07398033],[75.97740936,28.05220032],[75.94249725,28.10563087],[76.02774811,28.17272186],[76.09288788,28.15521812],[75.88922882,28.39365959],[75.77031708,28.40761948],[75.78515625,28.45074081],[75.6639328,28.52086067],[75.49401855,28.34039116],[75.37542725,28.3411808],[75.22698975,28.4584198],[75.21090698,28.39343071],[75.12406921,28.4045105],[75.1415863,28.2945919],[75.0226059,28.20095062]]]},"properties":{"GID_0":"IND","NAME_0":"India","GID_1":"IND.29_1","NAME_1":"Rajasthan","NL_NAME_1":"","GID_2":"IND.29.21_1","NAME_2":"Jhunjhunun","VARNAME_2":"Jhunjhunu","NL_NAME_2":"","TYPE_2":"District","ENGTYPE_2":"District","CC_2":"","HASC_2":"IN.RJ.JJ"}},
{"type":"Feature","geometry":{"type":"Polygon","coordinates":[[[73.87121582,26.4317894],[73.71955872,26.53993988],[73.62432098,26.84480095],[73.49646759,26.88714027],[73.21164703,26.86798286],[73.11675262,26.94128036],[73.19010162,27.05570984],[73.16082764,27.29389954],[73.11823273,27.40695953],[72.98155975,27.38286972],[72.82878876,27.46409988],[72.83188629,27.58139038],[72.76419067,27.52065086],[72.69403839,27.60181999],[72.65879059,27.52968979],[72.55841064,27.61541939],[72.2600708,27.45379066],[72.28299713,27.54481125],[72.17485046,27.45755005],[72.12827301,27.57588959],[72.04921722,27.60962105],[71.81474304,27.43611908],[71.79123688,27.23986053],[72.08779144,27.10058975],[72.04086304,26.93155098],[72.10455322,26.88294983],[72.04673767,26.78500175],[72.09040833,26.71545982],[72.0412674,26.67135239],[72.10015869,26.5966301],[72.02913666,26.49477005],[72.07496643,26.34580994],[72.27069855,26.19498062],[72.46836853,26.29865074],[72.59732056,26.27799034],[72.69940186,26.11987114],[72.62828064,25.95573807],[72.8358078,25.86208153],[73.03263092,25.95126915],[73.05031586,26.01315117],[73.1869812,26.03286171],[73.19277191,26.08563995],[73.32138062,26.00534058],[73.39338684,26.16337013],[73.52890778,26.06425095],[73.62784576,26.14789009],[73.68504333,26.06348991],[73.80245972,26.09860039],[73.78927612,26.32051086],[73.87121582,26.4317894]]]},"properties":{"GID_0":"IND","NAME_0":"India","GID_1":"IND.29_1","NAME_1":"Rajasthan","NL_NAME_1":"","GID_2":"IND.29.22_1","NAME_2":"Jodhpur","VARNAME_2":"","NL_NAME_2":"","TYPE_2":"District","ENGTYPE_2":"District","CC_2":"","HASC_2":"IN.RJ.JO"}},
{"type":"Feature","geometry":{"type":"Polygon","coordinates":[[[77.10938263,26.22507286],[77.36624908,26.37151909],[77.32385254,26.4370594],[77.25197601,26.43581009],[77.22006989,26.5363903],[77.38314056,26.62212944],[77.34160614,26.71702957],[77.34407806,26.80994987],[77.19793701,26.78663063],[77.07076263,26.8646698],[76.99299622,26.80335808],[76.91536713,26.91312027],[76.79303741,26.96025848],[76.75128937,26.87541962],[76.50892639,26.75934982],[76.44632721,26.64481926],[76.69181824,26.51371193],[76.93876648,26.65744972],[76.95543671,26.55047989],[76.67559814,26.39839172],[76.56828308,26.22155952],[76.83809662,26.0363903],[77.10938263,26.22507286]]]},"properties":{"GID_0":"IND","NAME_0":"India","GID_1":"IND.29_1","NAME_1":"Rajasthan","NL_NAME_1":"","GID_2":"IND.29.23_1","NAME_2":"Karauli","VARNAME_2":"","NL_NAME_2":"","TYPE_2":"District","ENGTYPE_2":"District","CC_2":"","HASC_2":"IN.RJ.KA"}},
{"type":"Feature","geometry":{"type":"Polygon","coordinates":[[[75.92051697,24.54380989],[76.07845306,24.58086967],[76.1001358,24.70030975],[76.18966675,24.62754059],[76.25411987,24.85127831],[76.28040314,24.8123703],[76.36136627,24.8756218],[76.4390564,24.78755951],[76.56089783,24.81205177],[76.57170105,24.86246109],[76.41725922,24.98171043],[76.31025696,24.96436119],[76.21617889,25.09967041],[76.3260498,25.38353157],[76.5742569,25.4366703],[76.4777832,25.69506073],[76.56678009,25.83967018],[76.48677826,25.84608078],[76.35930634,25.74320984],[76.31694031,25.81378937],[76.19581604,25.84668159],[76.15245819,25.76641273],[76.32051849,25.6549511],[76.27017975,25.5156498],[76.18045044,25.49710083],[76.15175629,25.34555054],[76.07009125,25.35390282],[75.97792816,25.23521996],[75.94563293,25.27991295],[75.87574005,25.2293396],[75.79036713,25.26221085],[75.73990631,25.07627106],[75.62114716,25.00028038],[75.81874084,24.8710804],[75.78618622,24.76552963],[75.83875275,24.72986984],[75.83544159,24.59756279],[75.92051697,24.54380989]]]},"properties":{"GID_0":"IND","NAME_0":"India","GID_1":"IND.29_1","NAME_1":"Rajasthan","NL_NAME_1":"","GID_2":"IND.29.24_1","NAME_2":"Kota","VARNAME_2":"Kotah","NL_NAME_2":"","TYPE_2":"District","ENGTYPE_2":"District","CC_2":"","HASC_2":"IN.RJ.KO"}},
{"type":"Feature","geometry":{"type":"Polygon","coordinates":[[[74.28806305,26.45112038],[74.46972656,26.49300957],[74.58972931,26.63171959],[74.61518097,26.56855011],[74.67031097,26.5967598],[74.7196579,26.7047081],[74.66156006,26.71409035],[74.77485657,26.79313087],[74.84752655,26.97802162],[74.95967865,26.96133041],[74.97216797,26.8934803],[75.0088501,26.94849968],[75.16059113,26.93634987],[75.25395203,27.03775024],[75.21581268,27.08630943],[75.36284637,27.09132957],[75.3106308,27.16282082],[75.19570923,27.132061],[75.06658173,27.22262955],[75.16049957,27.30790138],[75.09889221,27.38575935],[74.8740921,27.31356049],[74.85180664,27.45311928],[74.71779633,27.50374985],[74.75559998,27.58311081],[74.67549896,27.66962051],[74.62288666,27.65055084],[74.60543823,27.70820999],[74.54305267,27.66407967],[74.33872223,27.68110085],[74.14988708,27.41203117],[74.02597809,27.53598976],[73.89816284,27.4971199],[73.84755707,27.55178261],[73.7769928,27.5092926],[73.64396667,27.56719017],[73.5996933,27.48949051],[73.53637695,27.49399948],[73.50123596,27.33331108],[73.37262726,27.26013947],[73.35103607,27.18621063],[73.2472229,27.32505989],[73.16082764,27.29389954],[73.19010162,27.05570984],[73.11675262,26.94128036],[73.21164703,26.86798286],[73.49646759,26.88714027],[73.62432098,26.84480095],[73.71955872,26.53993988],[73.87121582,26.4317894],[74.28806305,26.45112038]]]},"properties":{"GID_0":"IND","NAME_0":"India","GID_1":"IND.29_1","NAME_1":"Rajasthan","NL_NAME_1":"","GID_2":"IND.29.25_1","NAME_2":"Nagaur","VARNAME_2":"","NL_NAME_2":"","TYPE_2":"District","ENGTYPE_2":"District","CC_2":"","HASC_2":"IN.RJ.NA"}},
{"type":"Feature","geometry":{"type":"Polygon","coordinates":[[[73.14768982,24.75787926],[73.3298111,24.90916824],[73.39877319,25.07491112],[73.49214172,25.10840988],[73.74059296,25.39235115],[73.90558624,25.68683052],[73.95005035,25.84250069],[74.05509186,25.83076096],[74.11566162,25.86812973],[74.16066742,26.06833076],[74.24076843,26.05215073],[74.30211639,26.13773155],[74.27095795,26.17604065],[74.36688995,26.19248962],[74.39933777,26.26931953],[74.2511673,26.2883606],[74.30296326,26.33365059],[74.28806305,26.45112038],[73.87121582,26.4317894],[73.78927612,26.32051086],[73.80245972,26.09860039],[73.68504333,26.06348991],[73.62784576,26.14789009],[73.52890778,26.06425095],[73.39338684,26.16337013],[73.32138062,26.00534058],[73.19277191,26.08563995],[73.1869812,26.03286171],[73.05031586,26.01315117],[73.03263092,25.95126915],[72.8358078,25.86208153],[72.77950287,25.80042076],[73.098526,25.46799088],[73.00862885,25.35293961],[72.93865967,25.3597908],[73.00119019,25.28100967],[72.94262695,25.24329948],[73.00388336,25.10083961],[73.05236053,25.10410118],[73.04734039,25.16207123],[73.14253235,25.10149002],[73.00302887,24.92688942],[73.14572906,24.84320068],[73.14768982,24.75787926]]]},"properties":{"GID_0":"IND","NAME_0":"India","GID_1":"IND.29_1","NAME_1":"Rajasthan","NL_NAME_1":"","GID_2":"IND.29.26_1","NAME_2":"Pali","VARNAME_2":"","NL_NAME_2":"","TYPE_2":"District","ENGTYPE_2":"District","CC_2":"","HASC_2":"IN.RJ.PA"}},
{"type":"Feature","geometry":{"type":"Polygon","coordinates":[[[74.93992615,23.76585007],[74.9056778,23.8739109],[74.99298859,24.02970123],[74.90405273,24.24587822],[74.75479126,24.27897072],[74.85813141,24.46733284],[74.71555328,24.50823975],[74.54265594,24.47859573],[74.47803497,24.25322914],[74.41673279,24.24486732],[74.39788818,24.30345726],[74.35906982,24.18053627],[74.43711853,24.08500671],[74.299263,24.06419373],[74.32739258,23.93876076],[74.38523102,23.90827942],[74.52706146,23.88534164],[74.52046204,23.63722229],[74.6723175,23.66555977],[74.77406311,23.54330254],[74.93972015,23.63037109],[74.93992615,23.76585007]]]},"properties":{"GID_0":"IND","NAME_0":"India","GID_1":"IND.29_1","NAME_1":"Rajasthan","NL_NAME_1":"","GID_2":"IND.29.27_1","NAME_2":"Pratapgarh","VARNAME_2":"","NL_NAME_2":"","TYPE_2":"District","ENGTYPE_2":"District","CC_2":"","HASC_2":"IN.RJ.PR"}},
{"type":"Feature","geometry":{"type":"Polygon","coordinates":[[[73.49214172,25.10840988],[73.47524261,25.0212307],[73.53185272,25.01062012],[73.65525818,24.708601],[73.70828247,24.74518967],[73.75888062,24.66829109],[73.84416962,24.91327286],[73.9489975,24.85495949],[74.00134277,24.91856003],[74.14702606,24.88834],[74.20275116,24.98841095],[74.30690002,24.99751091],[74.25917053,25.0674305],[74.05699158,25.14895058],[74.12362671,25.24430084],[74.0460968,25.23855972],[74.01867676,25.3123703],[74.08264923,25.31184959],[74.01216888,25.38355064],[74.07636261,25.41398048],[74.01570892,25.4397583],[74.10206604,25.51588821],[74.05599213,25.57131195],[74.11859894,25.60783958],[74.08603668,25.70611],[74.19458771,25.74141121],[74.18209076,25.85045052],[74.11566162,25.86812973],[74.05509186,25.83076096],[74.09216309,25.76904106],[73.95617676,25.65574074],[73.90558624,25.68683052],[73.74059296,25.39235115],[73.49214172,25.10840988]]]},"properties":{"GID_0":"IND","NAME_0":"India","GID_1":"IND.29_1","NAME_1":"Rajasthan","NL_NAME_1":"","GID_2":"IND.29.28_1","NAME_2":"Rajsamand","VARNAME_2":"","NL_NAME_2":"","TYPE_2":"District","ENGTYPE_2":"District","CC_2":"","HASC_2":"IN.RJ.RA"}},
{"type":"Feature","geometry":{"type":"Polygon","coordinates":[[[76.31694031,25.81378937],[76.35930634,25.74320984],[76.48677826,25.84608078],[76.56678009,25.83967018],[76.7947998,25.9442215],[76.83809662,26.0363903],[76.56828308,26.22155952],[76.67559814,26.39839172],[76.95543671,26.55047989],[76.93876648,26.65744972],[76.69181824,26.51371193],[76.44632721,26.64481926],[76.40065002,26.55760956],[76.4754715,26.50356293],[76.40055084,26.38171959],[76.17484283,26.49040031],[76.11799622,26.25583076],[75.98739624,26.2246418],[75.98943329,26.12013054],[76.08730316,26.11823082],[76.064888,25.99969864],[76.13877106,25.96961975],[76.24514008,26.0241394],[76.21726227,25.86687088],[76.31694031,25.81378937]]]},"properties":{"GID_0":"IND","NAME_0":"India","GID_1":"IND.29_1","NAME_1":"Rajasthan","NL_NAME_1":"","GID_2":"IND.29.29_1","NAME_2":"Sawai Madhopur","VARNAME_2":"","NL_NAME_2":"","TYPE_2":"District","ENGTYPE_2":"District","CC_2":"","HASC_2":"IN.RJ.SM"}},
{"type":"Feature","geometry":{"type":"Polygon","coordinates":[[[75.3106308,27.16282082],[75.37478638,27.29338837],[75.52468109,27.34781075],[75.59292603,27.31251907],[75.73309326,27.40837288],[75.87117004,27.39359093],[75.88868713,27.46093178],[75.97865295,27.4823494],[75.93110657,27.50081062],[75.93492889,27.62607956],[76.08009338,27.8510704],[75.96308136,27.86473083],[75.92362213,27.93309021],[75.76264954,27.83755112],[75.68209839,27.67756081],[75.52966309,27.71293068],[75.37114716,27.64670944],[75.0958786,28.06727982],[75.12171936,28.13783264],[75.0226059,28.20095062],[74.88581085,28.19440079],[74.78742981,28.11541939],[74.75505829,27.99007988],[74.82287598,27.9130497],[74.72364044,27.864851],[74.81134796,27.80229187],[74.67549896,27.66962051],[74.75559998,27.58311081],[74.71779633,27.50374985],[74.85180664,27.45311928],[74.8740921,27.31356049],[75.09889221,27.38575935],[75.16049957,27.30790138],[75.06658173,27.22262955],[75.19570923,27.132061],[75.3106308,27.16282082]]]},"properties":{"GID_0":"IND","NAME_0":"India","GID_1":"IND.29_1","NAME_1":"Rajasthan","NL_NAME_1":"","GID_2":"IND.29.30_1","NAME_2":"Sikar","VARNAME_2":"","NL_NAME_2":"","TYPE_2":"District","ENGTYPE_2":"District","CC_2":"","HASC_2":"IN.RJ.SK"}},
{"type":"Feature","geometry":{"type":"Polygon","coordinates":[[[73.14768982,24.75787926],[73.14572906,24.84320068],[73.00302887,24.92688942],[73.14253235,25.10149002],[73.04734039,25.16207123],[73.05236053,25.10410118],[73.00388336,25.10083961],[72.94262695,25.24329948],[72.83026123,25.28640175],[72.690979,25.04548073],[72.50853729,24.91862106],[72.50067139,24.75769997],[72.40582275,24.77268982],[72.33175659,24.69965172],[72.34020233,24.62298965],[72.25099945,24.58016014],[72.44248962,24.50424957],[72.4646759,24.40711975],[72.54457855,24.5068512],[72.69725037,24.45721054],[72.73253632,24.3612709],[72.96537018,24.35110855],[73.01278687,24.48240089],[73.14768982,24.75787926]]]},"properties":{"GID_0":"IND","NAME_0":"India","GID_1":"IND.29_1","NAME_1":"Rajasthan","NL_NAME_1":"","GID_2":"IND.29.31_1","NAME_2":"Sirohi","VARNAME_2":"","NL_NAME_2":"","TYPE_2":"District","ENGTYPE_2":"District","CC_2":"","HASC_2":"IN.RJ.SR"}},
{"type":"Feature","geometry":{"type":"Polygon","coordinates":[[[75.46079254,25.72238922],[75.51902008,25.75127983],[75.61865997,25.6811409],[75.67706299,25.75871086],[75.75731659,25.76062965],[75.76904297,25.82682037],[75.81794739,25.80116272],[75.88948822,25.87322044],[75.94281006,25.82055855],[76.00804901,25.88639069],[76.15245819,25.76641273],[76.19581604,25.84668159],[76.31694031,25.81378937],[76.21726227,25.86687088],[76.24514008,26.0241394],[76.13877106,25.96961975],[76.064888,25.99969864],[76.08730316,26.11823082],[75.98943329,26.12013054],[75.98739624,26.2246418],[76.11799622,26.25583076],[76.17484283,26.49040031],[76.1548233,26.51939011],[75.9576416,26.4875412],[75.79302979,26.55416107],[75.73922729,26.45124054],[75.61239624,26.44353104],[75.36785889,26.4899807],[75.28221893,26.5676899],[75.16575623,26.46558952],[75.10954285,26.28841019],[75.18443298,26.11348152],[75.24223328,26.08198166],[75.3359375,26.13449287],[75.30310822,26.07328033],[75.35102844,26.01819992],[75.24276733,25.91291809],[75.3513031,25.83366013],[75.3156662,25.76760101],[75.39985657,25.77832031],[75.46079254,25.72238922]]]},"properties":{"GID_0":"IND","NAME_0":"India","GID_1":"IND.29_1","NAME_1":"Rajasthan","NL_NAME_1":"","GID_2":"IND.29.32_1","NAME_2":"Tonk","VARNAME_2":"","NL_NAME_2":"","TYPE_2":"District","ENGTYPE_2":"District","CC_2":"","HASC_2":"IN.RJ.TO"}},
{"type":"Feature","geometry":{"type":"Polygon","coordinates":[[[74.47803497,24.25322914],[74.34661102,24.37507057],[74.35349274,24.50766945],[74.21615601,24.47163963],[74.29078674,24.5112381],[74.27863312,24.59517097],[74.11943817,24.74154091],[74.14702606,24.88834],[74.00134277,24.91856003],[73.9489975,24.85495949],[73.84416962,24.91327286],[73.75888062,24.66829109],[73.70828247,24.74518967],[73.65525818,24.708601],[73.53185272,25.01062012],[73.47524261,25.0212307],[73.49214172,25.10840988],[73.39877319,25.07491112],[73.3298111,24.90916824],[73.14768982,24.75787926],[73.01278687,24.48240089],[73.09438324,24.49472809],[73.08496094,24.39447021],[73.23147583,24.36466026],[73.08268738,24.18498039],[73.22381592,24.09822083],[73.24582672,24.01070976],[73.37346649,24.1281395],[73.42468262,23.93106079],[73.3864975,23.90577126],[73.37042236,23.81438065],[73.59554291,23.9666729],[73.84432983,23.93511963],[74.14595795,24.02142906],[74.22830963,23.91162109],[74.32739258,23.93876076],[74.299263,24.06419373],[74.43711853,24.08500671],[74.35906982,24.18053627],[74.39788818,24.30345726],[74.41673279,24.24486732],[74.47803497,24.25322914]]]},"properties":{"GID_0":"IND","NAME_0":"India","GID_1":"IND.29_1","NAME_1":"Rajasthan","NL_NAME_1":"","GID_2":"IND.29.33_1","NAME_2":"Udaipur","VARNAME_2":"","NL_NAME_2":"","TYPE_2":"District","ENGTYPE_2":"District","CC_2":"","HASC_2":"IN.RJ.UP"}},
{"type":"Feature","geometry":{"type":"Polygon","coordinates":[[[88.52075195,27.17818069],[88.74694061,27.14536476],[88.8032074,27.2479744],[88.91441345,27.29006958],[88.80600739,27.41423988],[88.48100281,27.3784008],[88.4366684,27.27396011],[88.52075195,27.17818069]]]},"properties":{"GID_0":"IND","NAME_0":"India","GID_1":"IND.30_1","NAME_1":"Sikkim","NL_NAME_1":"","GID_2":"IND.30.1_1","NAME_2":"East Sikkim","VARNAME_2":"","NL_NAME_2":"","TYPE_2":"District","ENGTYPE_2":"District","CC_2":"","HASC_2":"IN.SK.ES"}},
{"type":"Feature","geometry":{"type":"Polygon","coordinates":[[[88.80600739,27.41423988],[88.76732635,27.56677246],[88.84661102,27.66889954],[88.8813858,27.89253044],[88.82905579,28.01515961],[88.62123871,28.13096809],[88.38980103,27.97808075],[88.13308716,27.96161079],[88.12998199,27.8815155],[88.20392609,27.83731461],[88.11688232,27.61403847],[88.27630615,27.51300812],[88.35044861,27.52139282],[88.48100281,27.3784008],[88.80600739,27.41423988]]]},"properties":{"GID_0":"IND","NAME_0":"India","GID_1":"IND.30_1","NAME_1":"Sikkim","NL_NAME_1":"","GID_2":"IND.30.2_1","NAME_2":"North Sikkim","VARNAME_2":"North District","NL_NAME_2":"","TYPE_2":"District","ENGTYPE_2":"District","CC_2":"","HASC_2":"IN.SK.NS"}},
{"type":"Feature","geometry":{"type":"Polygon","coordinates":[[[88.52075195,27.17818069],[88.4366684,27.27396011],[88.48100281,27.3784008],[88.35044861,27.52139282],[88.27630615,27.51300812],[88.26959229,27.41199112],[88.35323334,27.39004135],[88.27410126,27.2864399],[88.32952881,27.19458008],[88.27813721,27.13083076],[88.4319458,27.08160973],[88.52075195,27.17818069]]]},"properties":{"GID_0":"IND","NAME_0":"India","GID_1":"IND.30_1","NAME_1":"Sikkim","NL_NAME_1":"","GID_2":"IND.30.3_1","NAME_2":"South Sikkim","VARNAME_2":"South District","NL_NAME_2":"","TYPE_2":"District","ENGTYPE_2":"District","CC_2":"","HASC_2":"IN.SK.SS"}},
{"type":"Feature","geometry":{"type":"Polygon","coordinates":[[[88.01696777,27.21887207],[88.1366272,27.11687851],[88.27813721,27.13083076],[88.32952881,27.19458008],[88.27410126,27.2864399],[88.35323334,27.39004135],[88.26959229,27.41199112],[88.27630615,27.51300812],[88.11688232,27.61403847],[88.04633331,27.49576569],[88.08261871,27.42641449],[88.01696777,27.21887207]]]},"properties":{"GID_0":"IND","NAME_0":"India","GID_1":"IND.30_1","NAME_1":"Sikkim","NL_NAME_1":"","GID_2":"IND.30.4_1","NAME_2":"West Sikkim","VARNAME_2":"West District","NL_NAME_2":"","TYPE_2":"District","ENGTYPE_2":"District","CC_2":"","HASC_2":"IN.SK.WS"}},
{"type":"Feature","geometry":{"type":"Polygon","coordinates":[[[78.99120331,10.87593174],[79.20514679,10.92893124],[79.44329071,11.13473034],[79.48506927,11.29661179],[79.37919617,11.3406496],[79.37876892,11.38893127],[79.15453339,11.36402035],[78.99304199,11.04352093],[78.92289734,10.94868183],[78.99120331,10.87593174]]]},"properties":{"GID_0":"IND","NAME_0":"India","GID_1":"IND.31_1","NAME_1":"Tamil Nadu","NL_NAME_1":"","GID_2":"IND.31.1_1","NAME_2":"Ariyalur","VARNAME_2":"","NL_NAME_2":"","TYPE_2":"District","ENGTYPE_2":"District","CC_2":"","HASC_2":"IN.TN.AR"}},
{"type":"Feature","geometry":{"type":"Polygon","coordinates":[[[80.17430115,13.01447678],[80.26235962,12.95446014],[80.29763794,13.12661934],[80.18965912,13.11190128],[80.17430115,13.01447678]]]},"properties":{"GID_0":"IND","NAME_0":"India","GID_1":"IND.31_1","NAME_1":"Tamil Nadu","NL_NAME_1":"","GID_2":"IND.31.2_1","NAME_2":"Chennai","VARNAME_2":"Madras","NL_NAME_2":"","TYPE_2":"District","ENGTYPE_2":"District","CC_2":"","HASC_2":"IN.TN.CH"}},
{"type":"Feature","geometry":{"type":"Polygon","coordinates":[[[77.08170319,10.29965019],[77.02987671,10.41359997],[77.07536316,10.57469177],[77.15479279,10.58251953],[77.12082672,10.74330044],[77.15888977,10.80058098],[77.10912323,10.87710094],[77.02913666,10.86707115],[77.08904266,11.09424973],[76.99668121,11.16296196],[76.99733734,11.25455093],[77.07070923,11.33500004],[77.12890625,11.32655144],[77.09809113,11.39680958],[76.95388794,11.37444019],[76.69696808,11.23133087],[76.73709869,11.04751015],[76.79342651,11.04701138],[76.70652008,11.03135109],[76.64916229,10.92415237],[76.81755829,10.86180115],[76.89750671,10.77079964],[76.87261963,10.62943172],[76.80499268,10.62634087],[76.82676697,10.33026123],[76.89182281,10.24308014],[76.97078705,10.20865059],[77.08170319,10.29965019]]]},"properties":{"GID_0":"IND","NAME_0":"India","GID_1":"IND.31_1","NAME_1":"Tamil Nadu","NL_NAME_1":"","GID_2":"IND.31.3_1","NAME_2":"Coimbatore","VARNAME_2":"","NL_NAME_2":"","TYPE_2":"District","ENGTYPE_2":"District","CC_2":"","HASC_2":"IN.TN.CM"}},
{"type":"Feature","geometry":{"type":"Polygon","coordinates":[[[79.50712585,11.16626167],[79.81402588,11.4191227],[79.75708008,11.56375027],[79.80041504,11.8083992],[79.67315674,11.86995029],[79.68759155,11.8168211],[79.6317215,11.78332043],[79.44085693,11.85622025],[79.42980957,11.65007019],[79.23488617,11.63662148],[79.16985321,11.57241058],[79.05564117,11.61636066],[78.86104584,11.49236107],[78.94996643,11.38813114],[79.15453339,11.36402035],[79.37876892,11.38893127],[79.37919617,11.3406496],[79.48506927,11.29661179],[79.44329071,11.13473034],[79.50712585,11.16626167]]]},"properties":{"GID_0":"IND","NAME_0":"India","GID_1":"IND.31_1","NAME_1":"Tamil Nadu","NL_NAME_1":"","GID_2":"IND.31.4_1","NAME_2":"Cuddalore","VARNAME_2":"","NL_NAME_2":"","TYPE_2":"District","ENGTYPE_2":"District","CC_2":"","HASC_2":"IN.TN.CU"}},
{"type":"Feature","geometry":{"type":"Polygon","coordinates":[[[78.70404816,11.96790886],[78.73404694,12.11345005],[78.65075684,12.09074116],[78.62168884,12.16439056],[78.47973633,12.12858963],[78.37956238,12.17327976],[78.3914566,12.21108055],[78.25728607,12.24957085],[78.22843933,12.33191013],[78.16557312,12.32115173],[78.10494232,12.4393301],[77.92919922,12.50722122],[77.88150024,12.49100018],[77.96170807,12.40127087],[77.94146729,12.32594109],[77.85927582,12.31751919],[77.78542328,12.13656139],[77.73906708,12.14785957],[77.76844788,12.10559177],[77.664711,11.93970013],[77.96169281,11.88232136],[78.22281647,11.96424198],[78.2264328,11.90151978],[78.34744263,11.89264107],[78.3161087,11.76079273],[78.393013,11.86126137],[78.52899933,11.78882122],[78.61342621,11.85177994],[78.69275665,11.87845993],[78.70404816,11.96790886]]]},"properties":{"GID_0":"IND","NAME_0":"India","GID_1":"IND.31_1","NAME_1":"Tamil Nadu","NL_NAME_1":"","GID_2":"IND.31.5_1","NAME_2":"Dharmapuri","VARNAME_2":"Dharampuri","NL_NAME_2":"","TYPE_2":"District","ENGTYPE_2":"District","CC_2":"","HASC_2":"IN.TN.DM"}},
{"type":"Feature","geometry":{"type":"Polygon","coordinates":[[[77.69521332,10.00998116],[77.90413666,10.0634203],[78.01428223,10.16821003],[78.12509918,10.17105198],[78.15361023,10.08057022],[78.24282837,10.07381058],[78.31754303,10.28803062],[78.26187134,10.36919975],[78.29881287,10.42647934],[78.15606689,10.49043179],[78.18235779,10.53520966],[78.11828613,10.56180096],[78.17080688,10.81989002],[78.08318329,10.75343132],[77.92507935,10.75477123],[78.00163269,10.70686054],[77.96472168,10.6268816],[77.81643677,10.62105179],[77.79477692,10.66857243],[77.70539093,10.62162971],[77.67556,10.72331047],[77.52603912,10.59702015],[77.40399933,10.61567974],[77.37114716,10.43986034],[77.30715942,10.42484093],[77.33361053,10.25329018],[77.27482605,10.22054958],[77.25327301,10.11140919],[77.68762207,10.20355034],[77.71389008,10.12105942],[77.6515274,10.11136246],[77.69521332,10.00998116]]]},"properties":{"GID_0":"IND","NAME_0":"India","GID_1":"IND.31_1","NAME_1":"Tamil Nadu","NL_NAME_1":"","GID_2":"IND.31.6_1","NAME_2":"Dindigul","VARNAME_2":"Anna","NL_NAME_2":"","TYPE_2":"District","ENGTYPE_2":"District","CC_2":"","HASC_2":"IN.TN.DI"}},
{"type":"Feature","geometry":{"type":"Polygon","coordinates":[[[77.91847992,11.05683136],[77.68392181,11.44843006],[77.76438904,11.6831789],[77.68000793,11.63528061],[77.71090698,11.78225136],[77.63842773,11.80459118],[77.664711,11.93970013],[77.48439789,11.93239975],[77.41925049,11.75067139],[77.24173737,11.80245972],[77.10282898,11.7631197],[77.10929871,11.71280098],[77.00443268,11.80301952],[76.89968872,11.78327179],[76.83728027,11.57448006],[76.9972229,11.53532887],[76.95388794,11.37444019],[77.09809113,11.39680958],[77.12890625,11.32655144],[77.21953583,11.33971977],[77.20565033,11.28711128],[77.27229309,11.33078957],[77.31991577,11.24564171],[77.35275269,11.30644035],[77.36319733,11.11741066],[77.62145996,11.11284065],[77.76287079,11.04406071],[77.85817719,11.01128101],[77.91847992,11.05683136]]]},"properties":{"GID_0":"IND","NAME_0":"India","GID_1":"IND.31_1","NAME_1":"Tamil Nadu","NL_NAME_1":"","GID_2":"IND.31.7_1","NAME_2":"Erode","VARNAME_2":"Periyar","NL_NAME_2":"","TYPE_2":"District","ENGTYPE_2":"District","CC_2":"","HASC_2":"IN.TN.ED"}},
{"type":"Feature","geometry":{"type":"Polygon","coordinates":[[[79.94625092,12.21914959],[80.15598297,12.46681023],[80.26235962,12.95446014],[80.17430115,13.01447678],[80.06545258,13.12891197],[80.00042725,13.11801147],[79.97743988,13.0177927],[79.88987732,13.03738022],[79.92988586,12.98951054],[79.88121033,12.93295193],[79.77249908,13.00899982],[79.54725647,12.83671093],[79.73300171,12.72936058],[79.73159027,12.68012142],[79.6230011,12.63116932],[79.74282074,12.50438976],[79.63063812,12.33150196],[79.78486633,12.32220078],[79.86450958,12.22449017],[79.94513702,12.21872997],[79.94581604,12.21902943],[79.94625092,12.21914959]]]},"properties":{"GID_0":"IND","NAME_0":"India","GID_1":"IND.31_1","NAME_1":"Tamil Nadu","NL_NAME_1":"","GID_2":"IND.31.8_1","NAME_2":"Kancheepuram","VARNAME_2":"","NL_NAME_2":"","TYPE_2":"District","ENGTYPE_2":"District","CC_2":"","HASC_2":"IN.TN.KC"}},
{"type":"Feature","geometry":{"type":"Polygon","coordinates":[[[77.09069824,8.29747009],[77.31597137,8.12097168],[77.55097198,8.07652569],[77.57514191,8.13434124],[77.51951599,8.15813065],[77.55687714,8.23980141],[77.51934814,8.37864017],[77.45825958,8.38692188],[77.42276001,8.4949007],[77.25152588,8.57098961],[77.13481903,8.37852955],[77.15965271,8.31250095],[77.09069824,8.29747009]]]},"properties":{"GID_0":"IND","NAME_0":"India","GID_1":"IND.31_1","NAME_1":"Tamil Nadu","NL_NAME_1":"","GID_2":"IND.31.9_1","NAME_2":"Kanniyakumari","VARNAME_2":"","NL_NAME_2":"","TYPE_2":"District","ENGTYPE_2":"District","CC_2":"","HASC_2":"IN.TN.KK"}},
{"type":"Feature","geometry":{"type":"Polygon","coordinates":[[[78.18235779,10.53520966],[78.24533844,10.56882954],[78.26754761,10.73274136],[78.40036011,10.66053963],[78.49813843,10.68002033],[78.5713501,10.81682014],[78.41149902,10.93471146],[78.18435669,10.94777012],[78.15399933,10.99969959],[78.07559967,11.06558132],[77.91847992,11.05683136],[77.85817719,11.01128101],[77.76287079,11.04406071],[77.75839996,10.86020088],[77.87684631,10.77118015],[77.76226044,10.77869034],[77.79477692,10.66857243],[77.81643677,10.62105179],[77.96472168,10.6268816],[78.00163269,10.70686054],[77.92507935,10.75477123],[78.08318329,10.75343132],[78.17080688,10.81989002],[78.11828613,10.56180096],[78.18235779,10.53520966]]]},"properties":{"GID_0":"IND","NAME_0":"India","GID_1":"IND.31_1","NAME_1":"Tamil Nadu","NL_NAME_1":"","GID_2":"IND.31.10_1","NAME_2":"Karur","VARNAME_2":"","NL_NAME_2":"","TYPE_2":"District","ENGTYPE_2":"District","CC_2":"","HASC_2":"IN.TN.KR"}},
{"type":"Feature","geometry":{"type":"Polygon","coordinates":[[[78.63941956,12.2463398],[78.55780029,12.37420082],[78.42427063,12.38220119],[78.3975296,12.61359024],[78.18984985,12.6813097],[78.22064972,12.75259018],[78.04673004,12.84237003],[77.98139954,12.79564095],[77.94555664,12.8493309],[77.91047668,12.81971073],[77.92428589,12.87784004],[77.85884857,12.85762024],[77.82559967,12.85898972],[77.73140717,12.66397953],[77.58927917,12.64825153],[77.6063385,12.36026001],[77.46295166,12.23577118],[77.48248291,12.19011974],[77.73906708,12.14785957],[77.78542328,12.13656139],[77.85927582,12.31751919],[77.94146729,12.32594109],[77.96170807,12.40127087],[77.88150024,12.49100018],[77.92919922,12.50722122],[78.10494232,12.4393301],[78.16557312,12.32115173],[78.22843933,12.33191013],[78.25728607,12.24957085],[78.3914566,12.21108055],[78.37956238,12.17327976],[78.47973633,12.12858963],[78.62168884,12.16439056],[78.63941956,12.2463398]]]},"properties":{"GID_0":"IND","NAME_0":"India","GID_1":"IND.31_1","NAME_1":"Tamil Nadu","NL_NAME_1":"","GID_2":"IND.31.11_1","NAME_2":"Krishnagiri","VARNAME_2":"Dharampuri","NL_NAME_2":"","TYPE_2":"District","ENGTYPE_2":"District","CC_2":"","HASC_2":"IN.TN.KG"}},
{"type":"Feature","geometry":{"type":"Polygon","coordinates":[[[77.46198273,9.55307961],[77.61419678,9.69652939],[77.88478088,9.61394024],[78.06098175,9.64861012],[78.04595184,9.72973156],[78.12831879,9.77213001],[78.17565155,9.79528046],[78.11489868,9.8014698],[78.138237,9.86149979],[78.24230957,9.82225132],[78.36013794,9.95055866],[78.44052887,9.95555973],[78.41178894,10.03991127],[78.45442963,10.10274029],[78.38683319,10.12477016],[78.40695953,10.25617123],[78.36396027,10.29705048],[78.31754303,10.28803062],[78.24282837,10.07381058],[78.15361023,10.08057022],[78.12509918,10.17105198],[78.01428223,10.16821003],[77.90413666,10.0634203],[77.69521332,10.00998116],[77.46198273,9.55307961]]]},"properties":{"GID_0":"IND","NAME_0":"India","GID_1":"IND.31_1","NAME_1":"Tamil Nadu","NL_NAME_1":"","GID_2":"IND.31.12_1","NAME_2":"Madurai","VARNAME_2":"Madura, Mathurai","NL_NAME_2":"","TYPE_2":"District","ENGTYPE_2":"District","CC_2":"","HASC_2":"IN.TN.MA"}},
{"type":"Feature","geometry":{"type":"MultiPolygon","coordinates":[[[[79.63699341,10.31819344],[79.76125336,10.31319523],[79.75846863,10.27375031],[79.88291931,10.30235958],[79.85124969,10.81377125],[79.70863342,10.91415501],[79.64194489,10.82269096],[79.79653931,10.79304028],[79.7408371,10.76327038],[79.74691772,10.6333704],[79.68409729,10.61613083],[79.7193985,10.51729202],[79.64858246,10.44204807],[79.63699341,10.31819344]]],[[[79.85457611,10.97602177],[79.81402588,11.4191227],[79.50712585,11.16626167],[79.55742645,11.13037014],[79.49812317,10.95305061],[79.72986603,10.9813509],[79.85457611,10.97602177]]]]},"properties":{"GID_0":"IND","NAME_0":"India","GID_1":"IND.31_1","NAME_1":"Tamil Nadu","NL_NAME_1":"","GID_2":"IND.31.13_1","NAME_2":"Nagappattinam","VARNAME_2":"","NL_NAME_2":"","TYPE_2":"District","ENGTYPE_2":"District","CC_2":"","HASC_2":"IN.TN.NG"}},
{"type":"Feature","geometry":{"type":"Polygon","coordinates":[[[78.15399933,10.99969959],[78.21530151,11.08178997],[78.32995605,11.01284027],[78.31138611,11.08600044],[78.47215271,11.39133072],[78.41387939,11.3719101],[78.43836212,11.58172131],[78.31794739,11.51875114],[78.29187775,11.5739603],[77.96894836,11.51577187],[77.86068726,11.39837074],[77.81761932,11.45426273],[77.68392181,11.44843006],[77.91847992,11.05683136],[78.07559967,11.06558132],[78.15399933,10.99969959]]]},"properties":{"GID_0":"IND","NAME_0":"India","GID_1":"IND.31_1","NAME_1":"Tamil Nadu","NL_NAME_1":"","GID_2":"IND.31.14_1","NAME_2":"Namakkal","VARNAME_2":"","NL_NAME_2":"","TYPE_2":"District","ENGTYPE_2":"District","CC_2":"","HASC_2":"IN.TN.NM"}},
{"type":"Feature","geometry":{"type":"Polygon","coordinates":[[[78.99304199,11.04352093],[79.15453339,11.36402035],[78.94996643,11.38813114],[78.86104584,11.49236107],[78.83027649,11.50703144],[78.78379059,11.37067127],[78.68554688,11.44119167],[78.6506958,11.35978127],[78.61811066,11.31940079],[78.73638916,11.27190018],[78.63803101,11.15463066],[78.69698334,11.04099083],[78.74669647,11.10894203],[78.99304199,11.04352093]]]},"properties":{"GID_0":"IND","NAME_0":"India","GID_1":"IND.31_1","NAME_1":"Tamil Nadu","NL_NAME_1":"","GID_2":"IND.31.15_1","NAME_2":"Perambalur","VARNAME_2":"","NL_NAME_2":"","TYPE_2":"District","ENGTYPE_2":"District","CC_2":"","HASC_2":"IN.TN.PE"}},
{"type":"Feature","geometry":{"type":"Polygon","coordinates":[[[78.4910202,10.36259079],[78.49780273,10.25282955],[78.43443298,10.24106026],[78.46212769,10.18476963],[78.56385803,10.27207947],[78.62970734,10.24521065],[78.66517639,10.13366127],[78.79305267,10.19820118],[78.82876587,10.1115799],[78.95404816,10.10693073],[78.90541077,10.03068924],[78.99517059,9.96916199],[78.9719162,9.93161106],[79.09622955,9.83125114],[79.2673645,10.03791618],[79.23014069,10.13185978],[79.13523102,10.14772129],[79.17014313,10.19114971],[79.09918213,10.22283173],[79.11148834,10.41874886],[79.17778778,10.44778919],[79.11286926,10.48015118],[79.17411804,10.56368065],[78.98324585,10.70893002],[78.94941711,10.63927078],[78.85489655,10.69277954],[78.73245239,10.62800121],[78.67289734,10.71889019],[78.64704132,10.64105129],[78.62110138,10.69424057],[78.45791626,10.61835957],[78.48200989,10.47197056],[78.52954865,10.51629066],[78.5727005,10.46098137],[78.4910202,10.36259079]]]},"properties":{"GID_0":"IND","NAME_0":"India","GID_1":"IND.31_1","NAME_1":"Tamil Nadu","NL_NAME_1":"","GID_2":"IND.31.16_1","NAME_2":"Pudukkottai","VARNAME_2":"Pudukottai","NL_NAME_2":"","TYPE_2":"District","ENGTYPE_2":"District","CC_2":"","HASC_2":"IN.TN.PU"}},
{"type":"Feature","geometry":{"type":"MultiPolygon","coordinates":[[[[79.37374878,9.21958447],[79.31458282,9.32791996],[79.20513916,9.28042126],[79.43985748,9.15819454],[79.37374878,9.21958447]]],[[[78.36290741,9.08535862],[78.65735626,9.15764141],[78.8326416,9.26876068],[79.19069672,9.28180885],[79.04736328,9.30957985],[78.89846802,9.47819042],[79.09622955,9.83125114],[78.9719162,9.93161106],[78.86425018,9.86795044],[78.88173676,9.77009106],[78.81082916,9.70819187],[78.80230713,9.86427975],[78.68961334,9.86553192],[78.68244934,9.73472977],[78.77851868,9.6923008],[78.80098724,9.58001995],[78.65956879,9.58533001],[78.64241028,9.5057497],[78.44567108,9.60921955],[78.39998627,9.58380127],[78.3500061,9.55955124],[78.36551666,9.50401115],[78.3084259,9.50625992],[78.33698273,9.44841957],[78.20128632,9.432621],[78.22608948,9.36526108],[78.35735321,9.30611992],[78.35871887,9.26470089],[78.26361847,9.26344967],[78.2565918,9.1293602],[78.36290741,9.08535862]]]]},"properties":{"GID_0":"IND","NAME_0":"India","GID_1":"IND.31_1","NAME_1":"Tamil Nadu","NL_NAME_1":"","GID_2":"IND.31.17_1","NAME_2":"Ramanathapuram","VARNAME_2":"Ramananthapuram, Rameswaram, Ramnad","NL_NAME_2":"","TYPE_2":"District","ENGTYPE_2":"District","CC_2":"","HASC_2":"IN.TN.RA"}},
{"type":"Feature","geometry":{"type":"Polygon","coordinates":[[[78.61342621,11.85177994],[78.52899933,11.78882122],[78.393013,11.86126137],[78.3161087,11.76079273],[78.34744263,11.89264107],[78.2264328,11.90151978],[78.22281647,11.96424198],[77.96169281,11.88232136],[77.664711,11.93970013],[77.63842773,11.80459118],[77.71090698,11.78225136],[77.68000793,11.63528061],[77.76438904,11.6831789],[77.68392181,11.44843006],[77.81761932,11.45426273],[77.86068726,11.39837074],[77.96894836,11.51577187],[78.29187775,11.5739603],[78.31794739,11.51875114],[78.43836212,11.58172131],[78.41387939,11.3719101],[78.47215271,11.39133072],[78.54164886,11.30278015],[78.6506958,11.35978127],[78.68554688,11.44119167],[78.78379059,11.37067127],[78.83027649,11.50703144],[78.76503754,11.59124088],[78.7901001,11.67263126],[78.63334656,11.64369106],[78.68105316,11.83361053],[78.61342621,11.85177994]]]},"properties":{"GID_0":"IND","NAME_0":"India","GID_1":"IND.31_1","NAME_1":"Tamil Nadu","NL_NAME_1":"","GID_2":"IND.31.18_1","NAME_2":"Salem","VARNAME_2":"","NL_NAME_2":"","TYPE_2":"District","ENGTYPE_2":"District","CC_2":"","HASC_2":"IN.TN.SA"}},
{"type":"Feature","geometry":{"type":"Polygon","coordinates":[[[78.39998627,9.58380127],[78.44567108,9.60921955],[78.64241028,9.5057497],[78.65956879,9.58533001],[78.80098724,9.58001995],[78.77851868,9.6923008],[78.68244934,9.73472977],[78.68961334,9.86553192],[78.80230713,9.86427975],[78.81082916,9.70819187],[78.88173676,9.77009106],[78.86425018,9.86795044],[78.9719162,9.93161106],[78.99517059,9.96916199],[78.90541077,10.03068924],[78.95404816,10.10693073],[78.82876587,10.1115799],[78.79305267,10.19820118],[78.66517639,10.13366127],[78.62970734,10.24521065],[78.56385803,10.27207947],[78.46212769,10.18476963],[78.43443298,10.24106026],[78.49780273,10.25282955],[78.4910202,10.36259079],[78.42993927,10.3948307],[78.36396027,10.29705048],[78.40695953,10.25617123],[78.38683319,10.12477016],[78.45442963,10.10274029],[78.41178894,10.03991127],[78.44052887,9.95555973],[78.36013794,9.95055866],[78.24230957,9.82225132],[78.138237,9.86149979],[78.11489868,9.8014698],[78.17565155,9.79528046],[78.12831879,9.77213001],[78.2792511,9.74871922],[78.39998627,9.58380127]]]},"properties":{"GID_0":"IND","NAME_0":"India","GID_1":"IND.31_1","NAME_1":"Tamil Nadu","NL_NAME_1":"","GID_2":"IND.31.19_1","NAME_2":"Sivaganga","VARNAME_2":"Pasumpon Muthuramalinga","NL_NAME_2":"","TYPE_2":"District","ENGTYPE_2":"District","CC_2":"","HASC_2":"IN.TN.SI"}},
{"type":"Feature","geometry":{"type":"Polygon","coordinates":[[[79.23014069,10.13185978],[79.29486084,10.26069546],[79.51819611,10.31514072],[79.48561859,10.33591557],[79.43673706,10.5417099],[79.33326721,10.56869125],[79.28266144,10.72081184],[79.28785706,10.88686943],[79.46913147,10.85301971],[79.49812317,10.95305061],[79.55742645,11.13037014],[79.50712585,11.16626167],[79.44329071,11.13473034],[79.20514679,10.92893124],[78.99120331,10.87593174],[78.76216125,10.81877995],[78.85140228,10.8122797],[78.85489655,10.69277954],[78.94941711,10.63927078],[78.98324585,10.70893002],[79.17411804,10.56368065],[79.11286926,10.48015118],[79.17778778,10.44778919],[79.11148834,10.41874886],[79.09918213,10.22283173],[79.17014313,10.19114971],[79.13523102,10.14772129],[79.23014069,10.13185978]]]},"properties":{"GID_0":"IND","NAME_0":"India","GID_1":"IND.31_1","NAME_1":"Tamil Nadu","NL_NAME_1":"","GID_2":"IND.31.20_1","NAME_2":"Thanjavur","VARNAME_2":"Tanjore","NL_NAME_2":"","TYPE_2":"District","ENGTYPE_2":"District","CC_2":"","HASC_2":"IN.TN.TJ"}},
{"type":"Feature","geometry":{"type":"Polygon","coordinates":[[[76.69696808,11.23133087],[76.95388794,11.37444019],[76.9972229,11.53532887],[76.83728027,11.57448006],[76.56006622,11.61012077],[76.50421143,11.69804096],[76.42346191,11.65932083],[76.35011292,11.58274174],[76.22574615,11.56443977],[76.23320007,11.51867962],[76.24009705,11.45964146],[76.53820038,11.35159016],[76.43802643,11.19454956],[76.62303925,11.18567085],[76.69696808,11.23133087]]]},"properties":{"GID_0":"IND","NAME_0":"India","GID_1":"IND.31_1","NAME_1":"Tamil Nadu","NL_NAME_1":"","GID_2":"IND.31.21_1","NAME_2":"The Nilgiris","VARNAME_2":"Nilgiri","NL_NAME_2":"","TYPE_2":"District","ENGTYPE_2":"District","CC_2":"","HASC_2":"IN.TN.NI"}},
{"type":"Feature","geometry":{"type":"Polygon","coordinates":[[[77.25327301,10.11140919],[77.18814087,10.09565163],[77.2614212,9.96372128],[77.15187073,9.60601997],[77.25501251,9.564991],[77.34089661,9.59505081],[77.3867569,9.51673985],[77.46198273,9.55307961],[77.69521332,10.00998116],[77.6515274,10.11136246],[77.71389008,10.12105942],[77.68762207,10.20355034],[77.25327301,10.11140919]]]},"properties":{"GID_0":"IND","NAME_0":"India","GID_1":"IND.31_1","NAME_1":"Tamil Nadu","NL_NAME_1":"","GID_2":"IND.31.22_1","NAME_2":"Theni","VARNAME_2":"","NL_NAME_2":"","TYPE_2":"District","ENGTYPE_2":"District","CC_2":"","HASC_2":"IN.TN.TH"}},
{"type":"Feature","geometry":{"type":"MultiPolygon","coordinates":[[[[79.77249908,13.00899982],[79.88121033,12.93295193],[79.92988586,12.98951054],[79.88987732,13.03738022],[79.97743988,13.0177927],[80.00042725,13.11801147],[80.06545258,13.12891197],[80.17430115,13.01447678],[80.18965912,13.11190128],[80.29763794,13.12661934],[80.3465271,13.29152775],[80.32624817,13.4426403],[80.3290329,13.36653042],[80.26209259,13.47292042],[80.11819458,13.5084734],[80.0295105,13.52359009],[79.98967743,13.5267601],[80.03604126,13.4844799],[79.96186066,13.45127964],[79.92550659,13.33594036],[79.72129059,13.27223969],[79.78489685,13.22348022],[79.74437714,13.194911],[79.66853333,13.28193092],[79.58026123,13.24537086],[79.53578186,13.31107044],[79.41732025,13.32195854],[79.37460327,13.30303955],[79.44550323,13.21677113],[79.30793762,13.09691143],[79.27384949,13.12090111],[79.33470917,13.04839039],[79.40441132,13.07072067],[79.40615082,13.13630962],[79.44072723,13.07987022],[79.46988678,13.12572956],[79.58249664,13.10965061],[79.6424408,13.19569111],[79.72303009,13.15157986],[79.68881989,13.08687115],[79.77249908,13.00899982]]],[[[80.26875305,13.56245422],[80.26431274,13.56014061],[80.31485748,13.43347073],[80.26875305,13.56245422]]]]},"properties":{"GID_0":"IND","NAME_0":"India","GID_1":"IND.31_1","NAME_1":"Tamil Nadu","NL_NAME_1":"","GID_2":"IND.31.23_1","NAME_2":"Thiruvallur","VARNAME_2":"","NL_NAME_2":"","TYPE_2":"District","ENGTYPE_2":"District","CC_2":"","HASC_2":"IN.TN.TL"}},
{"type":"Feature","geometry":{"type":"Polygon","coordinates":[[[79.50819397,10.32458401],[79.50872803,10.32430553],[79.51486206,10.32114029],[79.51509857,10.32097054],[79.58708191,10.34347343],[79.52319336,10.30792141],[79.73958588,10.27847004],[79.55069733,10.31347084],[79.62985992,10.36319542],[79.63699341,10.31819344],[79.64858246,10.44204807],[79.7193985,10.51729202],[79.68409729,10.61613083],[79.74691772,10.6333704],[79.7408371,10.76327038],[79.79653931,10.79304028],[79.64194489,10.82269096],[79.70863342,10.91415501],[79.72986603,10.9813509],[79.49812317,10.95305061],[79.46913147,10.85301971],[79.28785706,10.88686943],[79.28266144,10.72081184],[79.33326721,10.56869125],[79.43673706,10.5417099],[79.48561859,10.33591557],[79.48603058,10.33569527],[79.50819397,10.32458401]]]},"properties":{"GID_0":"IND","NAME_0":"India","GID_1":"IND.31_1","NAME_1":"Tamil Nadu","NL_NAME_1":"","GID_2":"IND.31.24_1","NAME_2":"Thiruvarur","VARNAME_2":"","NL_NAME_2":"","TYPE_2":"District","ENGTYPE_2":"District","CC_2":"","HASC_2":"IN.TN.TR"}},
{"type":"Feature","geometry":{"type":"Polygon","coordinates":[[[77.96347046,8.32891083],[78.06708527,8.37069511],[78.13041687,8.4970789],[78.1048584,8.65153027],[78.23013306,8.74875069],[78.1570816,8.77235985],[78.18958282,8.92986012],[78.36319733,9.08528137],[78.36290741,9.08535862],[78.2565918,9.1293602],[78.26361847,9.26344967],[78.13117981,9.35972118],[78.0414505,9.3498106],[77.89874268,9.18902969],[77.82984161,9.23170185],[77.82393646,9.1564703],[77.6894989,9.17618179],[77.65791321,9.12559032],[77.72744751,9.06622982],[77.66311646,8.95617008],[77.83393097,8.79111099],[77.76328278,8.57181931],[77.82221222,8.35348034],[77.96318054,8.32879257],[77.96347046,8.32891083]]]},"properties":{"GID_0":"IND","NAME_0":"India","GID_1":"IND.31_1","NAME_1":"Tamil Nadu","NL_NAME_1":"","GID_2":"IND.31.25_1","NAME_2":"Thoothukkudi","VARNAME_2":"Chidambaranar","NL_NAME_2":"","TYPE_2":"District","ENGTYPE_2":"District","CC_2":"","HASC_2":"IN.TN.TK"}},
{"type":"Feature","geometry":{"type":"Polygon","coordinates":[[[78.36396027,10.29705048],[78.42993927,10.3948307],[78.4910202,10.36259079],[78.5727005,10.46098137],[78.52954865,10.51629066],[78.48200989,10.47197056],[78.45791626,10.61835957],[78.62110138,10.69424057],[78.64704132,10.64105129],[78.67289734,10.71889019],[78.73245239,10.62800121],[78.85489655,10.69277954],[78.85140228,10.8122797],[78.76216125,10.81877995],[78.99120331,10.87593174],[78.92289734,10.94868183],[78.99304199,11.04352093],[78.74669647,11.10894203],[78.69698334,11.04099083],[78.63803101,11.15463066],[78.73638916,11.27190018],[78.61811066,11.31940079],[78.6506958,11.35978127],[78.54164886,11.30278015],[78.47215271,11.39133072],[78.31138611,11.08600044],[78.32995605,11.01284027],[78.21530151,11.08178997],[78.15399933,10.99969959],[78.18435669,10.94777012],[78.41149902,10.93471146],[78.5713501,10.81682014],[78.49813843,10.68002033],[78.40036011,10.66053963],[78.26754761,10.73274136],[78.24533844,10.56882954],[78.18235779,10.53520966],[78.15606689,10.49043179],[78.29881287,10.42647934],[78.26187134,10.36919975],[78.31754303,10.28803062],[78.36396027,10.29705048]]]},"properties":{"GID_0":"IND","NAME_0":"India","GID_1":"IND.31_1","NAME_1":"Tamil Nadu","NL_NAME_1":"","GID_2":"IND.31.26_1","NAME_2":"Tiruchirappalli","VARNAME_2":"","NL_NAME_2":"","TYPE_2":"District","ENGTYPE_2":"District","CC_2":"","HASC_2":"IN.TN.TC"}},
{"type":"Feature","geometry":{"type":"Polygon","coordinates":[[[77.57514191,8.13434124],[77.74680328,8.17735958],[77.96318054,8.32879257],[77.82221222,8.35348034],[77.76328278,8.57181931],[77.83393097,8.79111099],[77.66311646,8.95617008],[77.72744751,9.06622982],[77.65791321,9.12559032],[77.6894989,9.17618179],[77.82393646,9.1564703],[77.82984161,9.23170185],[77.58695221,9.28994274],[77.53594971,9.36121082],[77.44306183,9.32186031],[77.3241272,9.40818024],[77.26760864,9.26239967],[77.19148254,9.06195164],[77.13424683,8.99997997],[77.24704742,8.83187962],[77.18300629,8.76111031],[77.16172791,8.71516132],[77.25152588,8.57098961],[77.42276001,8.4949007],[77.45825958,8.38692188],[77.51934814,8.37864017],[77.55687714,8.23980141],[77.51951599,8.15813065],[77.57514191,8.13434124]]]},"properties":{"GID_0":"IND","NAME_0":"India","GID_1":"IND.31_1","NAME_1":"Tamil Nadu","NL_NAME_1":"","GID_2":"IND.31.27_1","NAME_2":"Tirunelveli","VARNAME_2":"","NL_NAME_2":"","TYPE_2":"District","ENGTYPE_2":"District","CC_2":"","HASC_2":"IN.TN.TI"}},
{"type":"Feature","geometry":{"type":"Polygon","coordinates":[[[77.76287079,11.04406071],[77.62145996,11.11284065],[77.36319733,11.11741066],[77.35275269,11.30644035],[77.31991577,11.24564171],[77.27229309,11.33078957],[77.20565033,11.28711128],[77.21953583,11.33971977],[77.12890625,11.32655144],[77.07070923,11.33500004],[76.99733734,11.25455093],[76.99668121,11.16296196],[77.08904266,11.09424973],[77.02913666,10.86707115],[77.10912323,10.87710094],[77.15888977,10.80058098],[77.12082672,10.74330044],[77.15479279,10.58251953],[77.07536316,10.57469177],[77.02987671,10.41359997],[77.08170319,10.29965019],[77.22216034,10.34030056],[77.27482605,10.22054958],[77.33361053,10.25329018],[77.30715942,10.42484093],[77.37114716,10.43986034],[77.40399933,10.61567974],[77.52603912,10.59702015],[77.67556,10.72331047],[77.70539093,10.62162971],[77.79477692,10.66857243],[77.76226044,10.77869034],[77.87684631,10.77118015],[77.75839996,10.86020088],[77.76287079,11.04406071]]]},"properties":{"GID_0":"IND","NAME_0":"India","GID_1":"IND.31_1","NAME_1":"Tamil Nadu","NL_NAME_1":"","GID_2":"IND.31.28_1","NAME_2":"Tiruppur","VARNAME_2":"Periyar","NL_NAME_2":"","TYPE_2":"District","ENGTYPE_2":"District","CC_2":"","HASC_2":"IN.TN.TP"}},
{"type":"Feature","geometry":{"type":"Polygon","coordinates":[[[78.70404816,11.96790886],[78.90396881,12.0017519],[78.94696808,12.05427933],[79.03771973,12.02330112],[79.07293701,12.06750011],[79.11367798,12.00708961],[79.24695587,12.06821156],[79.19889832,12.1778698],[79.27628326,12.30481052],[79.18721008,12.32705975],[79.23448181,12.43278027],[79.63063812,12.33150196],[79.74282074,12.50438976],[79.6230011,12.63116932],[79.73159027,12.68012142],[79.73300171,12.72936058],[79.54725647,12.83671093],[79.46105957,12.85882092],[79.44880676,12.67086124],[79.37081909,12.61450195],[79.38365173,12.71278954],[79.33299255,12.68050957],[79.24228668,12.80972099],[79.19319916,12.72805977],[79.06254578,12.73987103],[79.00340271,12.64486027],[79.0014801,12.68726063],[78.8859024,12.67589092],[78.63941956,12.2463398],[78.62168884,12.16439056],[78.65075684,12.09074116],[78.73404694,12.11345005],[78.70404816,11.96790886]]]},"properties":{"GID_0":"IND","NAME_0":"India","GID_1":"IND.31_1","NAME_1":"Tamil Nadu","NL_NAME_1":"","GID_2":"IND.31.29_1","NAME_2":"Tiruvannamalai","VARNAME_2":"","NL_NAME_2":"","TYPE_2":"District","ENGTYPE_2":"District","CC_2":"","HASC_2":"IN.TN.TV"}},
{"type":"Feature","geometry":{"type":"Polygon","coordinates":[[[78.63941956,12.2463398],[78.8859024,12.67589092],[79.0014801,12.68726063],[79.00340271,12.64486027],[79.06254578,12.73987103],[79.19319916,12.72805977],[79.24228668,12.80972099],[79.33299255,12.68050957],[79.38365173,12.71278954],[79.37081909,12.61450195],[79.44880676,12.67086124],[79.46105957,12.85882092],[79.54725647,12.83671093],[79.77249908,13.00899982],[79.68881989,13.08687115],[79.72303009,13.15157986],[79.6424408,13.19569111],[79.58249664,13.10965061],[79.46988678,13.12572956],[79.44072723,13.07987022],[79.40615082,13.13630962],[79.40441132,13.07072067],[79.33470917,13.04839039],[79.27384949,13.12090111],[79.21832275,13.13555145],[79.15270233,13.00729275],[78.97959137,13.07651043],[78.91438293,13.06776142],[78.92463684,13.01864147],[78.8760376,13.08615971],[78.70244598,13.05615139],[78.61366272,12.97889042],[78.64671326,12.9190197],[78.54767609,12.68559074],[78.48435211,12.73478127],[78.45961761,12.61740971],[78.3975296,12.61359024],[78.42427063,12.38220119],[78.55780029,12.37420082],[78.63941956,12.2463398]]]},"properties":{"GID_0":"IND","NAME_0":"India","GID_1":"IND.31_1","NAME_1":"Tamil Nadu","NL_NAME_1":"","GID_2":"IND.31.30_1","NAME_2":"Vellore","VARNAME_2":"North Arcot","NL_NAME_2":"","TYPE_2":"District","ENGTYPE_2":"District","CC_2":"","HASC_2":"IN.TN.VE"}},
{"type":"Feature","geometry":{"type":"Polygon","coordinates":[[[78.61342621,11.85177994],[78.68105316,11.83361053],[78.63334656,11.64369106],[78.7901001,11.67263126],[78.76503754,11.59124088],[78.83027649,11.50703144],[78.86104584,11.49236107],[79.05564117,11.61636066],[79.16985321,11.57241058],[79.23488617,11.63662148],[79.42980957,11.65007019],[79.44085693,11.85622025],[79.6317215,11.78332043],[79.68759155,11.8168211],[79.67315674,11.86995029],[79.72489929,11.89151001],[79.6990509,11.97205925],[79.64234161,11.975811],[79.679039,12.01926041],[79.74964905,11.98613071],[79.73690033,11.9071703],[79.83763885,11.94054985],[79.88486481,12.0648613],[80.00708008,12.25458336],[79.99500275,12.24986076],[79.99485779,12.24930477],[79.96626282,12.22569466],[79.9659729,12.22541714],[79.96569824,12.22511196],[79.96457672,12.22403145],[79.96434021,12.22371483],[79.96406555,12.22343159],[79.96347046,12.2229166],[79.962883,12.22263908],[79.96208191,12.22216034],[79.94513702,12.21872997],[79.86450958,12.22449017],[79.78486633,12.32220078],[79.63063812,12.33150196],[79.23448181,12.43278027],[79.18721008,12.32705975],[79.27628326,12.30481052],[79.19889832,12.1778698],[79.24695587,12.06821156],[79.11367798,12.00708961],[79.07293701,12.06750011],[79.03771973,12.02330112],[78.94696808,12.05427933],[78.90396881,12.0017519],[78.70404816,11.96790886],[78.69275665,11.87845993],[78.61342621,11.85177994]]]},"properties":{"GID_0":"IND","NAME_0":"India","GID_1":"IND.31_1","NAME_1":"Tamil Nadu","NL_NAME_1":"","GID_2":"IND.31.31_1","NAME_2":"Viluppuram","VARNAME_2":"","NL_NAME_2":"","TYPE_2":"District","ENGTYPE_2":"District","CC_2":"","HASC_2":"IN.TN.VL"}},
{"type":"Feature","geometry":{"type":"Polygon","coordinates":[[[77.82984161,9.23170185],[77.89874268,9.18902969],[78.0414505,9.3498106],[78.13117981,9.35972118],[78.26361847,9.26344967],[78.35871887,9.26470089],[78.35735321,9.30611992],[78.22608948,9.36526108],[78.20128632,9.432621],[78.33698273,9.44841957],[78.3084259,9.50625992],[78.36551666,9.50401115],[78.3500061,9.55955124],[78.39998627,9.58380127],[78.2792511,9.74871922],[78.12831879,9.77213001],[78.04595184,9.72973156],[78.06098175,9.64861012],[77.88478088,9.61394024],[77.61419678,9.69652939],[77.46198273,9.55307961],[77.3867569,9.51673985],[77.3241272,9.40818024],[77.44306183,9.32186031],[77.53594971,9.36121082],[77.58695221,9.28994274],[77.82984161,9.23170185]]]},"properties":{"GID_0":"IND","NAME_0":"India","GID_1":"IND.31_1","NAME_1":"Tamil Nadu","NL_NAME_1":"","GID_2":"IND.31.32_1","NAME_2":"Virudunagar","VARNAME_2":"Kamarajar","NL_NAME_2":"","TYPE_2":"District","ENGTYPE_2":"District","CC_2":"","HASC_2":"IN.TN.VR"}},
{"type":"Feature","geometry":{"type":"Polygon","coordinates":[[[79.89401245,18.83083916],[79.93900299,18.85889244],[79.93448639,19.02169991],[79.85958862,19.03462982],[79.85804749,19.10411072],[79.94320679,19.17060089],[79.97305298,19.40102005],[79.78542328,19.59358978],[79.47042084,19.49745178],[79.24386597,19.61255264],[79.18904114,19.45870018],[78.9545517,19.55183029],[78.96895599,19.64923286],[78.8588028,19.65631104],[78.84433746,19.75900078],[78.49391937,19.79314995],[78.31019592,19.91274071],[78.29412842,19.84955025],[78.36773682,19.78108025],[78.26972198,19.66312981],[78.31195831,19.46590042],[78.18216705,19.41176987],[78.18331909,19.24154091],[78.0511322,19.24176025],[77.94062805,19.34250069],[77.86087799,19.30212975],[77.90570831,19.26721954],[77.8481369,19.09008026],[77.75955963,19.05930138],[77.76735687,18.98142052],[77.94413757,18.84229088],[78.21781158,19.00139809],[78.28465271,18.94079018],[78.38858032,18.99014854],[78.52864838,18.9416008],[78.6818161,19.02535057],[78.98500061,19.06879044],[79.18515015,18.87331963],[79.3133316,18.81990051],[79.40618134,18.86666107],[79.68419647,18.68030167],[79.80338287,18.72217941],[79.83557129,18.87489128],[79.89401245,18.83083916]]]},"properties":{"GID_0":"IND","NAME_0":"India","GID_1":"IND.32_1","NAME_1":"Telangana","NL_NAME_1":"","GID_2":"IND.32.1_1","NAME_2":"Adilabad","VARNAME_2":"","NL_NAME_2":"","TYPE_2":"District","ENGTYPE_2":"District","CC_2":"","HASC_2":"IN.TG.AD"}},
{"type":"Feature","geometry":{"type":"Polygon","coordinates":[[[78.50580597,17.45015907],[78.38687134,17.40814972],[78.47039795,17.29707146],[78.50580597,17.45015907]]]},"properties":{"GID_0":"IND","NAME_0":"India","GID_1":"IND.32_1","NAME_1":"Telangana","NL_NAME_1":"","GID_2":"IND.32.2_1","NAME_2":"Hyderabad","VARNAME_2":"","NL_NAME_2":"","TYPE_2":"District","ENGTYPE_2":"District","CC_2":"","HASC_2":"IN.TG.HY"}},
{"type":"Feature","geometry":{"type":"Polygon","coordinates":[[[79.0897522,18.02090073],[79.24809265,17.9749527],[79.47175598,18.11008263],[79.58703613,18.11951065],[79.59028625,18.46635246],[79.71340179,18.49106979],[79.81564331,18.41302109],[79.82602692,18.49629974],[79.91564941,18.41975021],[79.87867737,18.50629997],[80.01779938,18.46424103],[80.0788269,18.51358032],[80.04547119,18.47740173],[80.10925293,18.45236015],[80.02365875,18.39614105],[80.13611603,18.41329956],[80.1677475,18.33637047],[80.22202301,18.54791069],[80.33667755,18.59052086],[80.26753998,18.71796989],[80.11081696,18.67618942],[79.89401245,18.83083916],[79.83557129,18.87489128],[79.80338287,18.72217941],[79.68419647,18.68030167],[79.40618134,18.86666107],[79.3133316,18.81990051],[79.18515015,18.87331963],[78.98500061,19.06879044],[78.6818161,19.02535057],[78.52864838,18.9416008],[78.55568695,18.7614212],[78.63683319,18.72540092],[78.6736908,18.62274933],[78.52111053,18.47467995],[78.56310272,18.22673988],[78.95475006,18.25106049],[79.0305481,18.09303093],[79.12915039,18.07616997],[79.0897522,18.02090073]]]},"properties":{"GID_0":"IND","NAME_0":"India","GID_1":"IND.32_1","NAME_1":"Telangana","NL_NAME_1":"","GID_2":"IND.32.3_1","NAME_2":"Karimnagar","VARNAME_2":"","NL_NAME_2":"","TYPE_2":"District","ENGTYPE_2":"District","CC_2":"","HASC_2":"IN.TG.KA"}},
{"type":"Feature","geometry":{"type":"Polygon","coordinates":[[[80.04588318,16.96529961],[80.19426727,17.04251289],[80.37293243,16.81110001],[80.39971161,16.84973907],[80.56281281,16.76283073],[80.60410309,16.78775978],[80.55458069,16.82478905],[80.58419037,16.92651939],[80.35824585,16.97063065],[80.36699677,17.05656815],[80.44624329,17.01702118],[80.56017303,17.1380291],[80.63960266,17.05512047],[80.85884857,17.05085182],[80.90534973,17.20129013],[81.16278839,17.23258018],[81.18154144,17.32222939],[81.26716614,17.31999969],[81.33035278,17.39209938],[81.41564941,17.36162949],[81.49816132,17.48999977],[81.57662201,17.72609138],[81.78235626,17.83195114],[81.75829315,17.89336014],[81.61115265,17.81536293],[81.38497162,17.80659294],[81.15956879,17.85263062],[81.03244781,17.78973007],[80.94399261,18.08102036],[80.97383881,18.1583004],[80.8620224,18.13266945],[80.82958984,18.23411942],[80.79792786,18.16629982],[80.73455811,18.17171288],[80.78827667,18.24978065],[80.72653961,18.40899086],[80.51071167,18.61567116],[80.38156128,18.59359932],[80.37355042,18.46858978],[80.4577179,18.44222832],[80.46998596,18.29519081],[80.64861298,18.12809944],[80.59041595,18.07636261],[80.46037292,18.12894058],[80.4522171,18.05422974],[80.38748169,18.07616997],[80.26969147,17.9623127],[80.24846649,17.73715973],[80.04389954,17.70913124],[80.15406799,17.37178993],[80.04651642,17.34062958],[79.96190643,17.39827919],[79.78511047,17.31353951],[79.88288879,17.25640106],[79.86987305,17.17193985],[80.0495224,17.01926994],[80.04588318,16.96529961]]]},"properties":{"GID_0":"IND","NAME_0":"India","GID_1":"IND.32_1","NAME_1":"Telangana","NL_NAME_1":"","GID_2":"IND.32.4_1","NAME_2":"Khammam","VARNAME_2":"Khammamamet","NL_NAME_2":"","TYPE_2":"District","ENGTYPE_2":"District","CC_2":"","HASC_2":"IN.TG.KH"}},
{"type":"Feature","geometry":{"type":"Polygon","coordinates":[[[79.21147156,16.36281013],[78.90570831,16.5442009],[78.61099243,16.51326942],[78.71125031,16.57551003],[78.66726685,16.64281082],[78.7903595,16.77366829],[78.77131653,16.8751297],[78.72947693,16.85485077],[78.69513702,16.92776108],[78.50461578,17.00844193],[78.45482635,16.97697067],[78.27687073,17.22400284],[78.1680069,17.16686058],[78.17733002,17.0956707],[78.09713745,17.09724998],[78.06256866,17.19475937],[77.93091583,17.0818119],[78.00894928,16.94584084],[77.97251129,16.84551048],[77.73326874,16.87677193],[77.78865814,17.22705078],[77.57601166,17.12665939],[77.47521973,17.17130089],[77.46263885,17.10407066],[77.49938965,17.0073204],[77.45223999,16.88159943],[77.42341614,16.71453094],[77.46504211,16.67828178],[77.41684723,16.65475082],[77.46939087,16.64691162],[77.46417236,16.58420944],[77.39144135,16.56520081],[77.41532135,16.5178299],[77.36628723,16.48410988],[77.23886108,16.47290993],[77.28466034,16.40299988],[77.59160614,16.33751106],[77.59030151,16.28685188],[77.48755646,16.24982071],[77.50945282,15.92086029],[77.79918671,15.86532021],[78.0018692,15.85923004],[78.03629303,15.90209103],[78.10958099,15.82718086],[78.23796844,15.9290514],[78.25666809,16.03129959],[78.61701202,16.09890938],[78.75393677,16.02100945],[78.82155609,16.06220055],[78.83783722,16.15673828],[78.91335297,16.10884094],[78.90808105,16.19104004],[79.01017761,16.24044991],[79.19198608,16.22271919],[79.21147156,16.36281013]]]},"properties":{"GID_0":"IND","NAME_0":"India","GID_1":"IND.32_1","NAME_1":"Telangana","NL_NAME_1":"","GID_2":"IND.32.5_1","NAME_2":"Mahbubnagar","VARNAME_2":"Mehbubnagar;Mahaboobnagar","NL_NAME_2":"","TYPE_2":"District","ENGTYPE_2":"District","CC_2":"","HASC_2":"IN.TG.MA"}},
{"type":"Feature","geometry":{"type":"Polygon","coordinates":[[[77.68562317,17.50564957],[77.75705719,17.55622292],[77.74340057,17.62178993],[77.8514328,17.64027023],[77.96048737,17.48031998],[78.04940033,17.45619011],[78.07686615,17.52086067],[78.25759125,17.41505051],[78.44525909,17.70864105],[78.71399689,17.66262054],[78.86335754,17.80499077],[78.82232666,17.87507057],[78.87477875,17.95939064],[78.96140289,18.03058052],[79.0897522,18.02090073],[79.12915039,18.07616997],[79.0305481,18.09303093],[78.95475006,18.25106049],[78.56310272,18.22673988],[78.48504639,18.12968063],[78.43618011,18.16346931],[78.38336182,18.12162018],[78.32154083,18.19729042],[78.26790619,18.1414299],[78.19818878,18.21664047],[78.16491699,18.09874153],[78.08960724,18.07388115],[77.89353943,18.08792114],[77.90143585,18.19176102],[77.76856995,18.18836975],[77.72080994,18.25830078],[77.59902954,18.27291107],[77.59745789,18.08428955],[77.54574585,18.05376053],[77.65339661,17.96935272],[77.51087952,17.80144119],[77.56202698,17.74711037],[77.4503479,17.69129944],[77.43992615,17.58147049],[77.68562317,17.50564957]]]},"properties":{"GID_0":"IND","NAME_0":"India","GID_1":"IND.32_1","NAME_1":"Telangana","NL_NAME_1":"","GID_2":"IND.32.6_1","NAME_2":"Medak","VARNAME_2":"Sangapeddi","NL_NAME_2":"","TYPE_2":"District","ENGTYPE_2":"District","CC_2":"","HASC_2":"IN.TG.ME"}},
{"type":"Feature","geometry":{"type":"Polygon","coordinates":[[[78.69513702,16.92776108],[78.72947693,16.85485077],[78.77131653,16.8751297],[78.7903595,16.77366829],[78.66726685,16.64281082],[78.71125031,16.57551003],[78.61099243,16.51326942],[78.90570831,16.5442009],[79.21147156,16.36281013],[79.26611328,16.56147003],[79.77490234,16.7295208],[79.94256592,16.63262939],[80.06967163,16.81360817],[79.99167633,16.86325073],[80.04588318,16.96529961],[80.0495224,17.01926994],[79.86987305,17.17193985],[79.88288879,17.25640106],[79.78511047,17.31353951],[79.75094604,17.42480087],[79.64707947,17.4987011],[79.38999176,17.49491119],[79.21967316,17.55882072],[79.20037842,17.61967087],[79.15490723,17.57368851],[78.98227692,17.78418922],[78.86335754,17.80499077],[78.71399689,17.66262054],[78.70709991,17.43470192],[78.75411224,17.43959045],[78.7409668,17.29207993],[78.82054138,17.23147964],[78.76287079,17.21434021],[78.84896088,17.07396126],[78.69513702,16.92776108]]]},"properties":{"GID_0":"IND","NAME_0":"India","GID_1":"IND.32_1","NAME_1":"Telangana","NL_NAME_1":"","GID_2":"IND.32.7_1","NAME_2":"Nalgonda","VARNAME_2":"","NL_NAME_2":"","TYPE_2":"District","ENGTYPE_2":"District","CC_2":"","HASC_2":"IN.TG.NA"}},
{"type":"Feature","geometry":{"type":"Polygon","coordinates":[[[78.56310272,18.22673988],[78.52111053,18.47467995],[78.6736908,18.62274933],[78.63683319,18.72540092],[78.55568695,18.7614212],[78.52864838,18.9416008],[78.38858032,18.99014854],[78.28465271,18.94079018],[78.21781158,19.00139809],[77.94413757,18.84229088],[77.83746338,18.80746078],[77.78643799,18.68412018],[77.73285675,18.6760006],[77.73651123,18.55480957],[77.59726715,18.54754066],[77.60106659,18.47421074],[77.54619598,18.46338272],[77.58521271,18.44544983],[77.52593994,18.427351],[77.54995728,18.29134941],[77.59902954,18.27291107],[77.72080994,18.25830078],[77.76856995,18.18836975],[77.90143585,18.19176102],[77.89353943,18.08792114],[78.08960724,18.07388115],[78.16491699,18.09874153],[78.19818878,18.21664047],[78.26790619,18.1414299],[78.32154083,18.19729042],[78.38336182,18.12162018],[78.43618011,18.16346931],[78.48504639,18.12968063],[78.56310272,18.22673988]]]},"properties":{"GID_0":"IND","NAME_0":"India","GID_1":"IND.32_1","NAME_1":"Telangana","NL_NAME_1":"","GID_2":"IND.32.8_1","NAME_2":"Nizamabad","VARNAME_2":"","NL_NAME_2":"","TYPE_2":"District","ENGTYPE_2":"District","CC_2":"","HASC_2":"IN.TG.NI"}},
{"type":"Feature","geometry":{"type":"Polygon","coordinates":[[[78.71399689,17.66262054],[78.44525909,17.70864105],[78.25759125,17.41505051],[78.07686615,17.52086067],[78.04940033,17.45619011],[77.96048737,17.48031998],[77.8514328,17.64027023],[77.74340057,17.62178993],[77.75705719,17.55622292],[77.68562317,17.50564957],[77.51014709,17.42725945],[77.52081299,17.36205101],[77.45159912,17.37049103],[77.45450592,17.27589035],[77.35999298,17.16162109],[77.46263885,17.10407066],[77.47521973,17.17130089],[77.57601166,17.12665939],[77.78865814,17.22705078],[77.73326874,16.87677193],[77.97251129,16.84551048],[78.00894928,16.94584084],[77.93091583,17.0818119],[78.06256866,17.19475937],[78.09713745,17.09724998],[78.17733002,17.0956707],[78.1680069,17.16686058],[78.27687073,17.22400284],[78.45482635,16.97697067],[78.50461578,17.00844193],[78.69513702,16.92776108],[78.84896088,17.07396126],[78.76287079,17.21434021],[78.82054138,17.23147964],[78.7409668,17.29207993],[78.75411224,17.43959045],[78.70709991,17.43470192],[78.71399689,17.66262054]],[[78.50580597,17.45015907],[78.47039795,17.29707146],[78.38687134,17.40814972],[78.50580597,17.45015907]]]},"properties":{"GID_0":"IND","NAME_0":"India","GID_1":"IND.32_1","NAME_1":"Telangana","NL_NAME_1":"","GID_2":"IND.32.9_1","NAME_2":"Ranga Reddy","VARNAME_2":"Rangareddy","NL_NAME_2":"","TYPE_2":"District","ENGTYPE_2":"District","CC_2":"","HASC_2":"IN.TG.RA"}},
{"type":"Feature","geometry":{"type":"Polygon","coordinates":[[[79.78511047,17.31353951],[79.96190643,17.39827919],[80.04651642,17.34062958],[80.15406799,17.37178993],[80.04389954,17.70913124],[80.24846649,17.73715973],[80.26969147,17.9623127],[80.38748169,18.07616997],[80.4522171,18.05422974],[80.46037292,18.12894058],[80.59041595,18.07636261],[80.64861298,18.12809944],[80.46998596,18.29519081],[80.4577179,18.44222832],[80.37355042,18.46858978],[80.38156128,18.59359932],[80.33667755,18.59052086],[80.22202301,18.54791069],[80.1677475,18.33637047],[80.13611603,18.41329956],[80.02365875,18.39614105],[80.10925293,18.45236015],[80.04547119,18.47740173],[80.0788269,18.51358032],[80.01779938,18.46424103],[79.87867737,18.50629997],[79.91564941,18.41975021],[79.82602692,18.49629974],[79.81564331,18.41302109],[79.71340179,18.49106979],[79.59028625,18.46635246],[79.58703613,18.11951065],[79.47175598,18.11008263],[79.24809265,17.9749527],[79.0897522,18.02090073],[78.96140289,18.03058052],[78.87477875,17.95939064],[78.82232666,17.87507057],[78.86335754,17.80499077],[78.98227692,17.78418922],[79.15490723,17.57368851],[79.20037842,17.61967087],[79.21967316,17.55882072],[79.38999176,17.49491119],[79.64707947,17.4987011],[79.75094604,17.42480087],[79.78511047,17.31353951]]]},"properties":{"GID_0":"IND","NAME_0":"India","GID_1":"IND.32_1","NAME_1":"Telangana","NL_NAME_1":"","GID_2":"IND.32.10_1","NAME_2":"Warangal","VARNAME_2":"","NL_NAME_2":"","TYPE_2":"District","ENGTYPE_2":"District","CC_2":"","HASC_2":"IN.TG.WA"}},
{"type":"Feature","geometry":{"type":"Polygon","coordinates":[[[91.81077576,24.21705437],[91.74507141,24.24641228],[91.75798798,24.14141273],[91.7744751,23.68530273],[91.69873047,23.75653076],[91.71008301,23.53930664],[91.79248047,23.42730713],[91.82867432,23.4810791],[91.89958191,23.43837357],[91.97518921,23.48241043],[91.96211243,23.72770119],[92.06335449,23.64511108],[92.16307831,23.73962784],[92.09191895,23.98327637],[92.05969238,24.10369873],[91.97052002,24.07250977],[91.90216064,24.13710213],[91.81077576,24.21705437]]]},"properties":{"GID_0":"IND","NAME_0":"India","GID_1":"IND.33_1","NAME_1":"Tripura","NL_NAME_1":"","GID_2":"IND.33.1_1","NAME_2":"Dhalai","VARNAME_2":"","NL_NAME_2":"","TYPE_2":"District","ENGTYPE_2":"District","CC_2":"","HASC_2":"IN.TR.DH"}},
{"type":"Feature","geometry":{"type":"Polygon","coordinates":[[[91.7907486,23.22552681],[91.7902832,23.30908203],[91.89958191,23.43837357],[91.82867432,23.4810791],[91.79248047,23.42730713],[91.71008301,23.53930664],[91.69873047,23.75653076],[91.57010651,23.75680161],[91.54992676,23.66369629],[91.47631836,23.6663208],[91.39691162,23.58050537],[91.39849854,23.53710938],[91.4597168,23.54168701],[91.37432861,23.51092529],[91.41936493,23.37768936],[91.62408447,23.42590332],[91.8290329,23.09054756],[91.7907486,23.22552681]]]},"properties":{"GID_0":"IND","NAME_0":"India","GID_1":"IND.33_1","NAME_1":"Tripura","NL_NAME_1":"","GID_2":"IND.33.2_1","NAME_2":"Gomati","VARNAME_2":"","NL_NAME_2":"","TYPE_2":"District","ENGTYPE_2":"District","CC_2":"","HASC_2":""}},
{"type":"Feature","geometry":{"type":"Polygon","coordinates":[[[91.56829834,23.77709961],[91.57010651,23.75680161],[91.69873047,23.75653076],[91.7744751,23.68530273],[91.75798798,24.14141273],[91.66508484,24.23365211],[91.63407898,24.10256958],[91.47821045,24.09817314],[91.56829834,23.77709961]]]},"properties":{"GID_0":"IND","NAME_0":"India","GID_1":"IND.33_1","NAME_1":"Tripura","NL_NAME_1":"","GID_2":"IND.33.3_1","NAME_2":"Khowai","VARNAME_2":"","NL_NAME_2":"","TYPE_2":"District","ENGTYPE_2":"District","CC_2":"","HASC_2":""}},
{"type":"Feature","geometry":{"type":"Polygon","coordinates":[[[92.09191895,23.98327637],[92.16307831,23.73962784],[92.21250916,23.65288734],[92.27965546,23.71568108],[92.25939941,23.814991],[92.33114624,23.91180229],[92.29668427,24.25174141],[92.21289063,24.24932861],[92.27308655,24.38845062],[92.21572876,24.50774193],[92.15968323,24.52943993],[92.16732788,24.42423248],[92.08247375,24.37508583],[92.10131836,24.25927734],[92.21887207,24.16589355],[92.09191895,23.98327637]]]},"properties":{"GID_0":"IND","NAME_0":"India","GID_1":"IND.33_1","NAME_1":"Tripura","NL_NAME_1":"","GID_2":"IND.33.4_1","NAME_2":"North Tripura","VARNAME_2":"","NL_NAME_2":"","TYPE_2":"District","ENGTYPE_2":"District","CC_2":"","HASC_2":"IN.TR.NT"}},
{"type":"Feature","geometry":{"type":"Polygon","coordinates":[[[91.22052765,23.74092484],[91.1570282,23.74215317],[91.15418243,23.6885376],[91.20846558,23.68657303],[91.19935608,23.64674187],[91.15625763,23.67084503],[91.16243744,23.59519577],[91.31118011,23.29825974],[91.34851074,23.28088379],[91.41936493,23.37768936],[91.37432861,23.51092529],[91.4597168,23.54168701],[91.39849854,23.53710938],[91.39691162,23.58050537],[91.47631836,23.6663208],[91.54992676,23.66369629],[91.57010651,23.75680161],[91.56829834,23.77709961],[91.27648926,23.69488525],[91.22052765,23.74092484]]]},"properties":{"GID_0":"IND","NAME_0":"India","GID_1":"IND.33_1","NAME_1":"Tripura","NL_NAME_1":"","GID_2":"IND.33.5_1","NAME_2":"Sipahijala","VARNAME_2":"","NL_NAME_2":"","TYPE_2":"District","ENGTYPE_2":"District","CC_2":"","HASC_2":""}},
{"type":"Feature","geometry":{"type":"Polygon","coordinates":[[[91.41801453,23.25741768],[91.61793518,22.93865395],[91.8290329,23.09054756],[91.62408447,23.42590332],[91.41936493,23.37768936],[91.34851074,23.28088379],[91.31118011,23.29825974],[91.32331848,23.15822029],[91.41246796,23.05408287],[91.41801453,23.25741768]]]},"properties":{"GID_0":"IND","NAME_0":"India","GID_1":"IND.33_1","NAME_1":"Tripura","NL_NAME_1":"","GID_2":"IND.33.6_1","NAME_2":"South Tripura","VARNAME_2":"","NL_NAME_2":"","TYPE_2":"District","ENGTYPE_2":"District","CC_2":"","HASC_2":"IN.TR.ST"}},
{"type":"Feature","geometry":{"type":"Polygon","coordinates":[[[92.03777313,24.37796402],[91.96741486,24.38155937],[91.99585724,24.32217979],[91.91992188,24.3375206],[91.90216064,24.13710213],[91.97052002,24.07250977],[92.05969238,24.10369873],[92.09191895,23.98327637],[92.21887207,24.16589355],[92.10131836,24.25927734],[92.08247375,24.37508583],[92.03777313,24.37796402]]]},"properties":{"GID_0":"IND","NAME_0":"India","GID_1":"IND.33_1","NAME_1":"Tripura","NL_NAME_1":"","GID_2":"IND.33.7_1","NAME_2":"Unokoti","VARNAME_2":"","NL_NAME_2":"","TYPE_2":"District","ENGTYPE_2":"District","CC_2":"","HASC_2":""}},
{"type":"Feature","geometry":{"type":"Polygon","coordinates":[[[91.47821045,24.09817314],[91.37453461,24.10789871],[91.37823486,23.97695732],[91.30357361,23.99803734],[91.23295593,23.92709541],[91.22052765,23.74092484],[91.27648926,23.69488525],[91.56829834,23.77709961],[91.47821045,24.09817314]]]},"properties":{"GID_0":"IND","NAME_0":"India","GID_1":"IND.33_1","NAME_1":"Tripura","NL_NAME_1":"","GID_2":"IND.33.8_1","NAME_2":"West Tripura","VARNAME_2":"","NL_NAME_2":"","TYPE_2":"District","ENGTYPE_2":"District","CC_2":"","HASC_2":"IN.TR.WT"}},
{"type":"Feature","geometry":{"type":"Polygon","coordinates":[[[78.20979309,26.83609009],[78.35135651,26.87437057],[78.53504944,26.77166176],[78.77070618,26.76419067],[78.84275818,26.81522942],[78.73993683,26.92014122],[78.63625336,26.88508034],[78.61081696,26.95174026],[78.51093292,26.9816494],[78.52086639,26.92317963],[78.41976166,27.05245018],[78.30436707,27.05740166],[78.36075592,27.12759972],[78.22046661,27.07847977],[78.19721985,27.18659019],[78.02314758,27.18391037],[78.02007294,27.2549305],[77.95427704,27.26975822],[77.95308685,27.29799843],[77.95108795,27.29954529],[77.92614746,27.24006081],[77.87420654,27.30128288],[77.8637619,27.25430107],[77.83922577,27.29603958],[77.77507782,27.23957062],[77.63913727,27.24712944],[77.6654129,27.1861496],[77.49841309,27.09519005],[77.74771118,26.99850082],[77.42247009,26.86701965],[77.44831085,26.74674988],[77.49797821,26.84794998],[77.60450745,26.83280182],[77.75337982,26.93773842],[78.00666046,26.9106617],[78.02202606,26.86087036],[78.11134338,26.95323181],[78.21589661,26.95395088],[78.26223755,26.92351151],[78.19113922,26.88861084],[78.20979309,26.83609009]]]},"properties":{"GID_0":"IND","NAME_0":"India","GID_1":"IND.34_1","NAME_1":"Uttar Pradesh","NL_NAME_1":"","GID_2":"IND.34.1_1","NAME_2":"Agra","VARNAME_2":"","NL_NAME_2":"","TYPE_2":"District","ENGTYPE_2":"District","CC_2":"","HASC_2":"IN.UP.AG"}},
{"type":"Feature","geometry":{"type":"Polygon","coordinates":[[[77.89034271,27.58753967],[77.9903717,27.60656166],[78.04746246,27.79632759],[78.26605988,27.6663456],[78.36180115,27.69028091],[78.46576691,27.8143692],[78.61039734,28.04490089],[78.57904053,28.08793831],[78.47582245,28.1300602],[78.41867065,28.0998497],[78.34915161,28.15780258],[78.14160156,28.07476997],[78.04010773,28.13544083],[77.99028778,28.07920074],[77.83561707,28.17745972],[77.75311279,28.15710068],[77.70789337,28.08530045],[77.47001648,28.0837307],[77.51921082,27.93188095],[77.63492584,27.97051048],[77.73191071,27.93279266],[77.82556152,27.76094818],[77.78502655,27.68996048],[77.89034271,27.58753967]]]},"properties":{"GID_0":"IND","NAME_0":"India","GID_1":"IND.34_1","NAME_1":"Uttar Pradesh","NL_NAME_1":"","GID_2":"IND.34.2_1","NAME_2":"Aligarh","VARNAME_2":"","NL_NAME_2":"","TYPE_2":"District","ENGTYPE_2":"District","CC_2":"","HASC_2":"IN.UP.AL"}},
{"type":"Feature","geometry":{"type":"Polygon","coordinates":[[[82.26051331,25.18504143],[82.18696594,25.22402191],[82.34468842,25.42184067],[82.27526093,25.49072075],[82.32167816,25.53923035],[82.14559174,25.60424042],[82.14723969,25.68258095],[82.05271149,25.66273117],[82.00453949,25.7491703],[81.88111115,25.71455956],[81.78439331,25.75255966],[81.68840027,25.67082977],[81.71840668,25.62861061],[81.60027313,25.67115021],[81.60562134,25.59649086],[81.66451263,25.51323128],[81.78930664,25.47327232],[81.86123657,25.51622009],[81.90467072,25.46876907],[81.79129791,25.38911819],[81.78665161,25.32221985],[81.64877319,25.35758018],[81.54161835,25.29363823],[81.53401184,25.18826103],[81.61737061,25.16389847],[81.60434723,25.06074905],[81.89142609,25.0134697],[81.93466949,24.85144997],[82.1000061,24.80994987],[82.12718201,24.90479088],[82.29837799,25.0244503],[82.26051331,25.18504143]]]},"properties":{"GID_0":"IND","NAME_0":"India","GID_1":"IND.34_1","NAME_1":"Uttar Pradesh","NL_NAME_1":"","GID_2":"IND.34.3_1","NAME_2":"Allahabad","VARNAME_2":"","NL_NAME_2":"","TYPE_2":"District","ENGTYPE_2":"District","CC_2":"","HASC_2":"IN.UP.AH"}},
{"type":"Feature","geometry":{"type":"Polygon","coordinates":[[[82.67111206,26.25896072],[82.74698639,26.26642036],[82.8626709,26.16521835],[82.90065765,26.44551086],[82.95770264,26.44586182],[82.92598724,26.38677025],[83.06051636,26.28444099],[83.1256485,26.38810158],[83.061409,26.4111805],[82.89373779,26.5443306],[82.46885681,26.65623283],[82.45021057,26.57379913],[82.32949066,26.58069038],[82.21156311,26.4113903],[82.37285614,26.38220024],[82.43911743,26.29004097],[82.67111206,26.25896072]]]},"properties":{"GID_0":"IND","NAME_0":"India","GID_1":"IND.34_1","NAME_1":"Uttar Pradesh","NL_NAME_1":"","GID_2":"IND.34.4_1","NAME_2":"Ambedkar Nagar","VARNAME_2":"","NL_NAME_2":"","TYPE_2":"District","ENGTYPE_2":"District","CC_2":"","HASC_2":"IN.UP.AN"}},
{"type":"Feature","geometry":{"type":"Polygon","coordinates":[[[81.43383789,25.92786026],[81.58682251,25.97031975],[81.50958252,26.04064941],[81.61022186,26.18255806],[81.77783966,26.03031158],[81.87587738,26.08433151],[82.04454803,26.06315994],[82.04374695,26.15492058],[81.80091095,26.33057976],[81.92487335,26.38904953],[81.90188599,26.51111031],[81.74816895,26.54804039],[81.70110321,26.51203918],[81.69510651,26.59135246],[81.55654144,26.66870117],[81.53262329,26.52552986],[81.36305237,26.57934952],[81.33515167,26.53215218],[81.41371918,26.38756943],[81.29825592,26.04510117],[81.43383789,25.92786026]]]},"properties":{"GID_0":"IND","NAME_0":"India","GID_1":"IND.34_1","NAME_1":"Uttar Pradesh","NL_NAME_1":"","GID_2":"IND.34.5_1","NAME_2":"Amethi","VARNAME_2":"","NL_NAME_2":"","TYPE_2":"District","ENGTYPE_2":"District","CC_2":"","HASC_2":""}},
{"type":"Feature","geometry":{"type":"Polygon","coordinates":[[[78.2805481,28.40904045],[78.41768646,28.48509026],[78.38668823,28.77577972],[78.59851074,28.80741119],[78.67430878,28.90682983],[78.65786743,29.17932129],[78.60486603,29.09774017],[78.39801025,29.03763962],[78.0945816,29.08925819],[78.04762268,28.9428997],[78.10498047,28.86217117],[78.19870758,28.62119102],[78.2805481,28.40904045]]]},"properties":{"GID_0":"IND","NAME_0":"India","GID_1":"IND.34_1","NAME_1":"Uttar Pradesh","NL_NAME_1":"","GID_2":"IND.34.6_1","NAME_2":"Amroha","VARNAME_2":"","NL_NAME_2":"","TYPE_2":"District","ENGTYPE_2":"District","CC_2":"","HASC_2":""}},
{"type":"Feature","geometry":{"type":"Polygon","coordinates":[[[79.49498749,26.36926079],[79.7121582,26.66666031],[79.6674881,26.74847984],[79.74989319,26.78894043],[79.64315033,26.8989296],[79.55127716,26.86636925],[79.42936707,26.94678116],[79.34089661,26.94000816],[79.3061676,26.65088081],[79.16072845,26.50419044],[79.06433868,26.4868412],[79.12676239,26.44481087],[79.4655304,26.43665123],[79.49498749,26.36926079]]]},"properties":{"GID_0":"IND","NAME_0":"India","GID_1":"IND.34_1","NAME_1":"Uttar Pradesh","NL_NAME_1":"","GID_2":"IND.34.7_1","NAME_2":"Auraiya","VARNAME_2":"","NL_NAME_2":"","TYPE_2":"District","ENGTYPE_2":"District","CC_2":"","HASC_2":"IN.UP.AU"}},
{"type":"Feature","geometry":{"type":"Polygon","coordinates":[[[82.67310333,26.15465927],[82.74916077,25.84003067],[83.05848694,25.65417099],[83.13989258,25.63896942],[83.23335266,25.70856857],[83.18699646,25.7800827],[83.29720306,25.7582798],[83.33734894,25.81675911],[83.17034912,25.89792824],[83.19758606,26.05724907],[83.25511932,26.12864113],[83.39749146,26.09770966],[83.49887848,26.28004074],[83.1256485,26.38810158],[83.06051636,26.28444099],[82.92598724,26.38677025],[82.95770264,26.44586182],[82.90065765,26.44551086],[82.8626709,26.16521835],[82.74698639,26.26642036],[82.67111206,26.25896072],[82.67310333,26.15465927]]]},"properties":{"GID_0":"IND","NAME_0":"India","GID_1":"IND.34_1","NAME_1":"Uttar Pradesh","NL_NAME_1":"","GID_2":"IND.34.8_1","NAME_2":"Azamgarh","VARNAME_2":"","NL_NAME_2":"","TYPE_2":"District","ENGTYPE_2":"District","CC_2":"","HASC_2":"IN.UP.AZ"}},
{"type":"Feature","geometry":{"type":"Polygon","coordinates":[[[77.13240814,29.17181015],[77.21418762,29.00596046],[77.18686676,28.86681938],[77.2173233,28.83527946],[77.39743805,28.78196907],[77.44921112,28.93123055],[77.47808838,29.20230484],[77.2442627,29.28161049],[77.1423111,29.30151176],[77.13240814,29.17181015]]]},"properties":{"GID_0":"IND","NAME_0":"India","GID_1":"IND.34_1","NAME_1":"Uttar Pradesh","NL_NAME_1":"","GID_2":"IND.34.9_1","NAME_2":"Baghpat","VARNAME_2":"","NL_NAME_2":"","TYPE_2":"District","ENGTYPE_2":"District","CC_2":"","HASC_2":"IN.UP.BG"}},
{"type":"Feature","geometry":{"type":"Polygon","coordinates":[[[81.71346283,27.33213043],[81.76454926,27.36935997],[81.68121338,27.39196968],[81.68340302,27.49818993],[81.43672943,27.67402077],[81.51698303,27.72940254],[81.55706024,27.65718842],[81.58904266,27.68692207],[81.48383331,27.94105339],[81.61414337,27.94371223],[81.6500473,27.9932766],[81.42827606,28.1705761],[81.31978607,28.13341904],[81.21511841,28.35821533],[81.07267761,28.39166069],[81.02464294,28.29496002],[81.29071808,27.92422295],[81.29271698,27.68646049],[81.29305267,27.54256058],[81.40194702,27.34165955],[81.49732208,27.06393051],[81.62233734,27.14249992],[81.71346283,27.33213043]]]},"properties":{"GID_0":"IND","NAME_0":"India","GID_1":"IND.34_1","NAME_1":"Uttar Pradesh","NL_NAME_1":"","GID_2":"IND.34.10_1","NAME_2":"Bahraich","VARNAME_2":"","NL_NAME_2":"","TYPE_2":"District","ENGTYPE_2":"District","CC_2":"","HASC_2":"IN.UP.BH"}},
{"type":"Feature","geometry":{"type":"Polygon","coordinates":[[[84.38117218,25.73425102],[84.51638031,25.67770958],[84.59552002,25.73911095],[84.62021637,25.79409027],[84.45066071,25.89022064],[84.16622925,25.99150085],[84.04905701,26.09970093],[83.80219269,26.19322968],[83.78652954,26.11028099],[83.67372894,26.07790947],[83.68049622,26.01202011],[83.78877258,25.9889183],[83.72389984,25.85861969],[83.80442047,25.77511978],[83.9421463,25.75848961],[83.92098236,25.56172943],[84.07650757,25.63753128],[84.09439087,25.72038078],[84.28557587,25.66152954],[84.3312912,25.74457169],[84.38117218,25.73425102]]]},"properties":{"GID_0":"IND","NAME_0":"India","GID_1":"IND.34_1","NAME_1":"Uttar Pradesh","NL_NAME_1":"","GID_2":"IND.34.11_1","NAME_2":"Ballia","VARNAME_2":"Balia","NL_NAME_2":"","TYPE_2":"District","ENGTYPE_2":"District","CC_2":"","HASC_2":"IN.UP.BL"}},
{"type":"Feature","geometry":{"type":"Polygon","coordinates":[[[82.06539917,27.41179848],[82.28618622,27.25403976],[82.22377777,27.16418076],[82.38933563,27.05047226],[82.48641968,27.16104126],[82.43060303,27.18144035],[82.55974579,27.19330025],[82.48873138,27.24469185],[82.48307037,27.36388969],[82.56807709,27.43054008],[82.75019836,27.41368294],[82.73703766,27.50453568],[82.70991516,27.72169876],[82.45071411,27.67861557],[82.19798279,27.84752083],[82.01560211,27.59349823],[82.06539917,27.41179848]]]},"properties":{"GID_0":"IND","NAME_0":"India","GID_1":"IND.34_1","NAME_1":"Uttar Pradesh","NL_NAME_1":"","GID_2":"IND.34.12_1","NAME_2":"Balrampur","VARNAME_2":"","NL_NAME_2":"","TYPE_2":"District","ENGTYPE_2":"District","CC_2":"","HASC_2":"IN.UP.BP"}},
{"type":"Feature","geometry":{"type":"Polygon","coordinates":[[[80.49420929,25.04532051],[80.47447968,25.10182953],[80.60678101,25.07217979],[80.59458923,25.15524101],[80.62004089,25.08958054],[80.7144165,25.06775284],[80.68527222,25.15834999],[80.80354309,25.26679993],[80.75061798,25.32831955],[80.9747467,25.46702957],[81.01365662,25.54832077],[81.02868652,25.63028908],[80.95014954,25.61227036],[80.93453979,25.68959045],[80.58265686,25.71484947],[80.57151031,25.78471184],[80.4556427,25.82706261],[80.5477066,25.87142181],[80.34150696,25.90359116],[80.22292328,25.80237007],[80.3408432,25.7051506],[80.20619202,25.55885124],[80.21599579,25.4751606],[80.11295319,25.41206169],[80.09609222,25.35157967],[80.27372742,25.42503929],[80.30404663,25.28889275],[80.39906311,25.24296951],[80.42256927,25.17221069],[80.26693726,25.03024292],[80.38218689,25.00974083],[80.3657608,25.05776024],[80.44071198,25.0820694],[80.49420929,25.04532051]]]},"properties":{"GID_0":"IND","NAME_0":"India","GID_1":"IND.34_1","NAME_1":"Uttar Pradesh","NL_NAME_1":"","GID_2":"IND.34.13_1","NAME_2":"Banda","VARNAME_2":"","NL_NAME_2":"","TYPE_2":"District","ENGTYPE_2":"District","CC_2":"","HASC_2":"IN.UP.BN"}},
{"type":"Feature","geometry":{"type":"Polygon","coordinates":[[[81.36305237,26.57934952],[81.53262329,26.52552986],[81.55654144,26.66870117],[81.69510651,26.59135246],[81.75108337,26.71083069],[81.83167267,26.69705963],[81.79679871,26.78862],[81.84777832,26.83942986],[81.49732208,27.06393051],[81.40194702,27.34165955],[81.33696747,27.25932121],[81.28349304,27.36209106],[81.20121765,27.24317169],[81.10743713,27.27983093],[81.0569458,27.22676086],[80.96031189,27.24531174],[80.91924286,27.16426086],[81.04605865,27.09045982],[80.9628067,27.06078148],[81.08592987,26.91961098],[81.08421326,26.84281921],[81.20684052,26.78720093],[81.15645599,26.59737968],[81.30654144,26.54375076],[81.36305237,26.57934952]]]},"properties":{"GID_0":"IND","NAME_0":"India","GID_1":"IND.34_1","NAME_1":"Uttar Pradesh","NL_NAME_1":"","GID_2":"IND.34.14_1","NAME_2":"Barabanki","VARNAME_2":"","NL_NAME_2":"","TYPE_2":"District","ENGTYPE_2":"District","CC_2":"","HASC_2":"IN.UP.BB"}},
{"type":"Feature","geometry":{"type":"Polygon","coordinates":[[[79.67414856,28.26913071],[79.6607132,28.39735985],[79.74613953,28.45639038],[79.58827972,28.62204933],[79.66098022,28.7495594],[79.63075256,28.85885811],[79.39565277,28.88544083],[79.38018036,28.76673126],[78.98927307,28.39088058],[79.06572723,28.35971069],[79.11855316,28.19515991],[79.41316223,28.17708969],[79.48819733,28.11376953],[79.48690033,28.02652931],[79.62069702,28.09210968],[79.67414856,28.26913071]]]},"properties":{"GID_0":"IND","NAME_0":"India","GID_1":"IND.34_1","NAME_1":"Uttar Pradesh","NL_NAME_1":"","GID_2":"IND.34.15_1","NAME_2":"Bareilly","VARNAME_2":"Bareilley","NL_NAME_2":"","TYPE_2":"District","ENGTYPE_2":"District","CC_2":"","HASC_2":"IN.UP.BR"}},
{"type":"Feature","geometry":{"type":"Polygon","coordinates":[[[82.92016602,26.92510033],[82.89224243,26.99658012],[82.8112793,26.93705177],[82.71930695,27.02317047],[82.60661316,27.00836182],[82.47078705,26.90846062],[82.30677032,26.98125839],[82.2299118,26.93181992],[82.21514893,26.81158066],[82.37268066,26.66179085],[82.46885681,26.65623283],[82.89373779,26.5443306],[82.87921143,26.61388016],[82.96868896,26.71395111],[82.81852722,26.86078072],[82.8600769,26.94421005],[82.92016602,26.92510033]]]},"properties":{"GID_0":"IND","NAME_0":"India","GID_1":"IND.34_1","NAME_1":"Uttar Pradesh","NL_NAME_1":"","GID_2":"IND.34.16_1","NAME_2":"Basti","VARNAME_2":"","NL_NAME_2":"","TYPE_2":"District","ENGTYPE_2":"District","CC_2":"","HASC_2":"IN.UP.BS"}},
{"type":"Feature","geometry":{"type":"Polygon","coordinates":[[[78.65786743,29.17932129],[78.75863647,29.28667068],[78.71412659,29.31933022],[78.83580017,29.37228775],[78.89601898,29.45618057],[78.6052475,29.5617981],[78.48757935,29.7413826],[78.33174133,29.79618073],[77.98802185,29.54586029],[78.12554932,29.25918007],[78.0945816,29.08925819],[78.39801025,29.03763962],[78.60486603,29.09774017],[78.65786743,29.17932129]]]},"properties":{"GID_0":"IND","NAME_0":"India","GID_1":"IND.34_1","NAME_1":"Uttar Pradesh","NL_NAME_1":"","GID_2":"IND.34.17_1","NAME_2":"Bijnor","VARNAME_2":"Bijnar|Bijnore","NL_NAME_2":"","TYPE_2":"District","ENGTYPE_2":"District","CC_2":"","HASC_2":"IN.UP.BI"}},
{"type":"Feature","geometry":{"type":"Polygon","coordinates":[[[79.19919586,27.71301079],[79.34008026,27.65833092],[79.36470032,27.82304001],[79.47612762,27.84861946],[79.48690033,28.02652931],[79.48819733,28.11376953],[79.41316223,28.17708969],[79.11855316,28.19515991],[79.06572723,28.35971069],[78.98927307,28.39088058],[78.90943146,28.48554039],[78.64350128,28.33580017],[78.57904053,28.08793831],[78.61039734,28.04490089],[78.87924957,27.9228611],[78.9108429,27.85711098],[79.1171875,27.85135078],[79.19919586,27.71301079]]]},"properties":{"GID_0":"IND","NAME_0":"India","GID_1":"IND.34_1","NAME_1":"Uttar Pradesh","NL_NAME_1":"","GID_2":"IND.34.18_1","NAME_2":"Budaun","VARNAME_2":"","NL_NAME_2":"","TYPE_2":"District","ENGTYPE_2":"District","CC_2":"","HASC_2":"IN.UP.BD"}},
{"type":"Feature","geometry":{"type":"Polygon","coordinates":[[[78.2805481,28.40904045],[78.19870758,28.62119102],[77.95681763,28.71947289],[77.891922,28.63665009],[77.67826843,28.55758095],[77.58592224,28.4285965],[77.75311279,28.15710068],[77.83561707,28.17745972],[77.99028778,28.07920074],[78.04010773,28.13544083],[78.14160156,28.07476997],[78.34915161,28.15780258],[78.41867065,28.0998497],[78.47582245,28.1300602],[78.31181335,28.29512978],[78.2805481,28.40904045]]]},"properties":{"GID_0":"IND","NAME_0":"India","GID_1":"IND.34_1","NAME_1":"Uttar Pradesh","NL_NAME_1":"","GID_2":"IND.34.19_1","NAME_2":"Bulandshahr","VARNAME_2":"Bulandshahar, Buland Sahar","NL_NAME_2":"","TYPE_2":"District","ENGTYPE_2":"District","CC_2":"","HASC_2":"IN.UP.BU"}},
{"type":"Feature","geometry":{"type":"Polygon","coordinates":[[[83.38680267,24.78421974],[83.31607056,25.02733994],[83.33586121,25.18357086],[83.53465271,25.31520081],[83.52777863,25.3929882],[83.40515137,25.48916245],[83.17111969,25.51279259],[83.12216949,25.45190811],[83.18239594,25.42144966],[83.16718292,25.35406113],[83.01233673,25.30862808],[83.02571869,25.24382973],[83.17536926,25.17744064],[83.12142944,25.06015968],[83.0509491,25.06014252],[83.099617,24.81837082],[83.17896271,24.71622086],[83.38680267,24.78421974]]]},"properties":{"GID_0":"IND","NAME_0":"India","GID_1":"IND.34_1","NAME_1":"Uttar Pradesh","NL_NAME_1":"","GID_2":"IND.34.20_1","NAME_2":"Chandauli","VARNAME_2":"","NL_NAME_2":"","TYPE_2":"District","ENGTYPE_2":"District","CC_2":"","HASC_2":"IN.UP.CD"}},
{"type":"Feature","geometry":{"type":"Polygon","coordinates":[[[81.11678314,24.90182114],[81.16419983,24.95976257],[81.21260834,24.93452072],[81.26911926,25.16773987],[81.4837265,25.07493973],[81.53401184,25.18826103],[81.54161835,25.29363823],[81.45149994,25.26223946],[81.3807373,25.27556038],[81.37809753,25.33844948],[81.25650024,25.32930946],[81.14293671,25.4009285],[81.18408203,25.45635033],[81.01365662,25.54832077],[80.9747467,25.46702957],[80.75061798,25.32831955],[80.80354309,25.26679993],[80.68527222,25.15834999],[80.7144165,25.06775284],[80.7813797,25.069561],[80.69963837,25.13714981],[80.82769775,25.1103096],[80.8780365,25.19560051],[80.80220032,24.94445992],[80.93682098,24.97249985],[80.95111084,24.92702293],[81.07641602,24.95226097],[81.11678314,24.90182114]]]},"properties":{"GID_0":"IND","NAME_0":"India","GID_1":"IND.34_1","NAME_1":"Uttar Pradesh","NL_NAME_1":"","GID_2":"IND.34.21_1","NAME_2":"Chitrakoot","VARNAME_2":"","NL_NAME_2":"","TYPE_2":"District","ENGTYPE_2":"District","CC_2":"","HASC_2":"IN.UP.CT"}},
{"type":"Feature","geometry":{"type":"Polygon","coordinates":[[[83.80219269,26.19322968],[84.04905701,26.09970093],[84.00551605,26.23406982],[84.15730286,26.24413109],[84.1713562,26.37397957],[83.90228271,26.45025063],[83.90220642,26.51807976],[84.04878235,26.55033112],[83.83341217,26.76000977],[83.6222229,26.66020966],[83.59263611,26.51760101],[83.47038269,26.46467972],[83.48073578,26.3946209],[83.53446198,26.35663986],[83.57514954,26.40040016],[83.61218262,26.30225945],[83.6582489,26.31669998],[83.62565613,26.22570038],[83.73764801,26.26461029],[83.80219269,26.19322968]]]},"properties":{"GID_0":"IND","NAME_0":"India","GID_1":"IND.34_1","NAME_1":"Uttar Pradesh","NL_NAME_1":"","GID_2":"IND.34.22_1","NAME_2":"Deoria","VARNAME_2":"","NL_NAME_2":"","TYPE_2":"District","ENGTYPE_2":"District","CC_2":"","HASC_2":"IN.UP.DE"}},
{"type":"Feature","geometry":{"type":"Polygon","coordinates":[[[78.1889801,27.40871048],[78.28778839,27.38819122],[78.27944946,27.31633949],[78.3911972,27.37681007],[78.46987915,27.34775925],[78.45794678,27.43143272],[78.59765625,27.51568031],[78.71160889,27.34964943],[78.82705688,27.36692047],[78.88114166,27.47543144],[78.94993591,27.42515945],[79.09990692,27.43825912],[79.24120331,27.3365612],[79.26452637,27.52304268],[79.17948151,27.58886147],[79.1072998,27.55309296],[78.99369049,27.66025352],[78.95588684,27.57005119],[78.88134003,27.55373001],[78.73436737,27.64126015],[78.67735291,27.74625015],[78.54238892,27.79091072],[78.50489044,27.7459507],[78.49104309,27.62264061],[78.20497894,27.5293808],[78.1889801,27.40871048]]]},"properties":{"GID_0":"IND","NAME_0":"India","GID_1":"IND.34_1","NAME_1":"Uttar Pradesh","NL_NAME_1":"","GID_2":"IND.34.23_1","NAME_2":"Etah","VARNAME_2":"","NL_NAME_2":"","TYPE_2":"District","ENGTYPE_2":"District","CC_2":"","HASC_2":"IN.UP.EH"}},
{"type":"Feature","geometry":{"type":"Polygon","coordinates":[[[79.31788635,26.96619034],[79.17488861,27.01186943],[78.9909668,26.9363308],[78.92315674,26.99028969],[78.79879761,26.96442986],[78.73993683,26.92014122],[78.84275818,26.81522942],[78.77070618,26.76419067],[78.93791199,26.66269112],[78.99732208,26.68099022],[78.97962189,26.57407951],[79.06433868,26.4868412],[79.16072845,26.50419044],[79.3061676,26.65088081],[79.34089661,26.94000816],[79.31788635,26.96619034]]]},"properties":{"GID_0":"IND","NAME_0":"India","GID_1":"IND.34_1","NAME_1":"Uttar Pradesh","NL_NAME_1":"","GID_2":"IND.34.24_1","NAME_2":"Etawah","VARNAME_2":"","NL_NAME_2":"","TYPE_2":"District","ENGTYPE_2":"District","CC_2":"","HASC_2":"IN.UP.EW"}},
{"type":"Feature","geometry":{"type":"Polygon","coordinates":[[[82.21156311,26.4113903],[82.32949066,26.58069038],[82.45021057,26.57379913],[82.46885681,26.65623283],[82.37268066,26.66179085],[82.21514893,26.81158066],[81.96749878,26.78290749],[81.84777832,26.83942986],[81.79679871,26.78862],[81.83167267,26.69705963],[81.75108337,26.71083069],[81.69510651,26.59135246],[81.70110321,26.51203918],[81.74816895,26.54804039],[81.90188599,26.51111031],[82.21156311,26.4113903]]]},"properties":{"GID_0":"IND","NAME_0":"India","GID_1":"IND.34_1","NAME_1":"Uttar Pradesh","NL_NAME_1":"","GID_2":"IND.34.25_1","NAME_2":"Faizabad","VARNAME_2":"Fyzabad","NL_NAME_2":"","TYPE_2":"District","ENGTYPE_2":"District","CC_2":"","HASC_2":"IN.UP.FZ"}},
{"type":"Feature","geometry":{"type":"Polygon","coordinates":[[[79.7161026,27.22219086],[79.70638275,27.47912025],[79.64788055,27.51258087],[79.64315033,27.64682961],[79.49195099,27.59506989],[79.34008026,27.65833092],[79.19919586,27.71301079],[79.11451721,27.69079018],[79.17948151,27.58886147],[79.26452637,27.52304268],[79.24120331,27.3365612],[79.38520813,27.20160294],[79.51241302,27.21524048],[79.55589294,27.16444016],[79.7161026,27.22219086]]]},"properties":{"GID_0":"IND","NAME_0":"India","GID_1":"IND.34_1","NAME_1":"Uttar Pradesh","NL_NAME_1":"","GID_2":"IND.34.26_1","NAME_2":"Farrukhabad","VARNAME_2":"Farrukahabad, Ferrukhabad","NL_NAME_2":"","TYPE_2":"District","ENGTYPE_2":"District","CC_2":"","HASC_2":"IN.UP.FR"}},
{"type":"Feature","geometry":{"type":"Polygon","coordinates":[[[81.32791138,25.81431961],[81.01030731,26.06796265],[80.80253601,26.03755951],[80.6671524,26.126091],[80.55800629,26.23163033],[80.31552887,26.11849022],[80.20855713,25.97667122],[80.22814178,25.92737961],[80.34150696,25.90359116],[80.5477066,25.87142181],[80.4556427,25.82706261],[80.57151031,25.78471184],[80.58265686,25.71484947],[80.93453979,25.68959045],[80.95014954,25.61227036],[81.02868652,25.63028908],[81.01365662,25.54832077],[81.18408203,25.45635033],[81.26255798,25.51138115],[81.19245148,25.72352028],[81.32791138,25.81431961]]]},"properties":{"GID_0":"IND","NAME_0":"India","GID_1":"IND.34_1","NAME_1":"Uttar Pradesh","NL_NAME_1":"","GID_2":"IND.34.27_1","NAME_2":"Fatehpur","VARNAME_2":"","NL_NAME_2":"","TYPE_2":"District","ENGTYPE_2":"District","CC_2":"","HASC_2":"IN.UP.FT"}},
{"type":"Feature","geometry":{"type":"Polygon","coordinates":[[[78.79879761,26.96442986],[78.75798035,27.11330032],[78.81336212,27.1485405],[78.681427,27.26922035],[78.71160889,27.34964943],[78.59765625,27.51568031],[78.45794678,27.43143272],[78.46987915,27.34775925],[78.3911972,27.37681007],[78.27944946,27.31633949],[78.28778839,27.38819122],[78.1889801,27.40871048],[78.0478363,27.38570976],[78.07901001,27.35873985],[77.97535706,27.33115959],[77.97151184,27.28375816],[77.95427704,27.26975822],[78.02007294,27.2549305],[78.02314758,27.18391037],[78.19721985,27.18659019],[78.22046661,27.07847977],[78.36075592,27.12759972],[78.30436707,27.05740166],[78.41976166,27.05245018],[78.52086639,26.92317963],[78.51093292,26.9816494],[78.61081696,26.95174026],[78.63625336,26.88508034],[78.73993683,26.92014122],[78.79879761,26.96442986]]]},"properties":{"GID_0":"IND","NAME_0":"India","GID_1":"IND.34_1","NAME_1":"Uttar Pradesh","NL_NAME_1":"","GID_2":"IND.34.28_1","NAME_2":"Firozabad","VARNAME_2":"","NL_NAME_2":"","TYPE_2":"District","ENGTYPE_2":"District","CC_2":"","HASC_2":"IN.UP.FI"}},
{"type":"Feature","geometry":{"type":"Polygon","coordinates":[[[77.51159668,28.16489029],[77.47001648,28.0837307],[77.70789337,28.08530045],[77.75311279,28.15710068],[77.58592224,28.4285965],[77.67826843,28.55758095],[77.53920746,28.63828087],[77.4259491,28.62636948],[77.32713318,28.68515968],[77.29380035,28.5667305],[77.33773804,28.50897026],[77.47455597,28.41351128],[77.46730042,28.26972008],[77.54120636,28.2477417],[77.51159668,28.16489029]]]},"properties":{"GID_0":"IND","NAME_0":"India","GID_1":"IND.34_1","NAME_1":"Uttar Pradesh","NL_NAME_1":"","GID_2":"IND.34.29_1","NAME_2":"Gautam Buddha Nagar","VARNAME_2":"","NL_NAME_2":"","TYPE_2":"District","ENGTYPE_2":"District","CC_2":"","HASC_2":"IN.UP.GB"}},
{"type":"Feature","geometry":{"type":"Polygon","coordinates":[[[77.67917633,28.76840019],[77.68244171,28.88060951],[77.44921112,28.93123055],[77.39743805,28.78196907],[77.2173233,28.83527946],[77.1969223,28.79528046],[77.32713318,28.68515968],[77.4259491,28.62636948],[77.53920746,28.63828087],[77.67917633,28.76840019]]]},"properties":{"GID_0":"IND","NAME_0":"India","GID_1":"IND.34_1","NAME_1":"Uttar Pradesh","NL_NAME_1":"","GID_2":"IND.34.30_1","NAME_2":"Ghaziabad","VARNAME_2":"","NL_NAME_2":"","TYPE_2":"District","ENGTYPE_2":"District","CC_2":"","HASC_2":"IN.UP.GZ"}},
{"type":"Feature","geometry":{"type":"Polygon","coordinates":[[[83.76193237,25.38791084],[83.92098236,25.56172943],[83.9421463,25.75848961],[83.80442047,25.77511978],[83.72389984,25.85861969],[83.63957977,25.89665031],[83.33734894,25.81675911],[83.29720306,25.7582798],[83.18699646,25.7800827],[83.23335266,25.70856857],[83.13989258,25.63896942],[83.05848694,25.65417099],[83.0636673,25.55331993],[83.08052826,25.49422073],[83.17111969,25.51279259],[83.40515137,25.48916245],[83.52777863,25.3929882],[83.53465271,25.31520081],[83.76193237,25.38791084]]]},"properties":{"GID_0":"IND","NAME_0":"India","GID_1":"IND.34_1","NAME_1":"Uttar Pradesh","NL_NAME_1":"","GID_2":"IND.34.31_1","NAME_2":"Ghazipur","VARNAME_2":"Gajipur","NL_NAME_2":"","TYPE_2":"District","ENGTYPE_2":"District","CC_2":"","HASC_2":"IN.UP.GP"}},
{"type":"Feature","geometry":{"type":"Polygon","coordinates":[[[81.49732208,27.06393051],[81.84777832,26.83942986],[81.96749878,26.78290749],[82.21514893,26.81158066],[82.2299118,26.93181992],[82.30677032,26.98125839],[82.47078705,26.90846062],[82.60661316,27.00836182],[82.48641968,27.16104126],[82.38933563,27.05047226],[82.22377777,27.16418076],[82.28618622,27.25403976],[82.06539917,27.41179848],[81.93385315,27.4429512],[81.91307068,27.32723045],[81.84426117,27.33390999],[81.80565643,27.27185059],[81.71346283,27.33213043],[81.62233734,27.14249992],[81.49732208,27.06393051]]]},"properties":{"GID_0":"IND","NAME_0":"India","GID_1":"IND.34_1","NAME_1":"Uttar Pradesh","NL_NAME_1":"","GID_2":"IND.34.32_1","NAME_2":"Gonda","VARNAME_2":"","NL_NAME_2":"","TYPE_2":"District","ENGTYPE_2":"District","CC_2":"","HASC_2":"IN.UP.GN"}},
{"type":"Feature","geometry":{"type":"Polygon","coordinates":[[[83.1256485,26.38810158],[83.49887848,26.28004074],[83.62565613,26.22570038],[83.6582489,26.31669998],[83.61218262,26.30225945],[83.57514954,26.40040016],[83.53446198,26.35663986],[83.48073578,26.3946209],[83.47038269,26.46467972],[83.59263611,26.51760101],[83.6222229,26.66020966],[83.53759003,26.89280128],[83.42037201,26.96203041],[83.32653046,26.95741081],[83.30362701,26.90493011],[83.21115875,26.99735069],[83.2075119,26.88770103],[83.12763214,26.89081001],[83.09055328,26.81134033],[83.13581085,26.74957275],[83.0759964,26.70400047],[83.19595337,26.52740097],[83.08735657,26.48714066],[83.061409,26.4111805],[83.1256485,26.38810158]]]},"properties":{"GID_0":"IND","NAME_0":"India","GID_1":"IND.34_1","NAME_1":"Uttar Pradesh","NL_NAME_1":"","GID_2":"IND.34.33_1","NAME_2":"Gorakhpur","VARNAME_2":"Goruckpur","NL_NAME_2":"","TYPE_2":"District","ENGTYPE_2":"District","CC_2":"","HASC_2":"IN.UP.GR"}},
{"type":"Feature","geometry":{"type":"Polygon","coordinates":[[[80.11295319,25.41206169],[80.21599579,25.4751606],[80.20619202,25.55885124],[80.3408432,25.7051506],[80.22292328,25.80237007],[80.34150696,25.90359116],[80.22814178,25.92737961],[80.07621002,26.00362968],[80.08654022,26.08298111],[79.95075989,26.08134842],[79.9575882,26.16044044],[79.91291809,26.09597969],[79.904953,26.01680946],[79.94832611,26.02022171],[79.84226227,25.97668076],[79.86186981,25.88676071],[79.6132431,25.93744087],[79.51700592,25.89418983],[79.54567719,25.82761192],[79.49484253,25.8635006],[79.45205688,25.79359818],[79.38983917,25.80140114],[79.38111115,25.52686119],[79.63439178,25.48904991],[79.7060318,25.57131958],[79.80515289,25.50270081],[79.94680786,25.64730263],[80.01767731,25.59315109],[79.97457123,25.54056168],[80.01927185,25.44089127],[80.11295319,25.41206169]]]},"properties":{"GID_0":"IND","NAME_0":"India","GID_1":"IND.34_1","NAME_1":"Uttar Pradesh","NL_NAME_1":"","GID_2":"IND.34.34_1","NAME_2":"Hamirpur","VARNAME_2":"","NL_NAME_2":"","TYPE_2":"District","ENGTYPE_2":"District","CC_2":"","HASC_2":"IN.UP.HM"}},
{"type":"Feature","geometry":{"type":"Polygon","coordinates":[[[77.67917633,28.76840019],[77.53920746,28.63828087],[77.67826843,28.55758095],[77.891922,28.63665009],[77.95681763,28.71947289],[78.19870758,28.62119102],[78.10498047,28.86217117],[77.86199188,28.86938286],[77.85736847,28.80031013],[77.67917633,28.76840019]]]},"properties":{"GID_0":"IND","NAME_0":"India","GID_1":"IND.34_1","NAME_1":"Uttar Pradesh","NL_NAME_1":"","GID_2":"IND.34.35_1","NAME_2":"Hapur","VARNAME_2":"","NL_NAME_2":"","TYPE_2":"District","ENGTYPE_2":"District","CC_2":"","HASC_2":""}},
{"type":"Feature","geometry":{"type":"Polygon","coordinates":[[[80.81732941,27.10668945],[80.74019623,27.23184967],[80.56112671,27.2975502],[80.48853302,27.26174927],[80.49115753,27.33065033],[80.31739044,27.52878952],[80.30172729,27.68439102],[80.22299957,27.77589035],[80.05245209,27.77613068],[79.85111237,27.65565109],[79.7274704,27.72501945],[79.67816162,27.6393795],[79.70638275,27.47912025],[79.7161026,27.22219086],[79.89583588,27.15224075],[80.01120758,26.95824051],[80.04210663,26.92465019],[80.10531616,27.00062943],[80.21105194,26.97068977],[80.27593994,27.03559113],[80.40619659,26.89277077],[80.436409,26.97196007],[80.55066681,27.01618004],[80.63690186,27.08395004],[80.81732941,27.10668945]]]},"properties":{"GID_0":"IND","NAME_0":"India","GID_1":"IND.34_1","NAME_1":"Uttar Pradesh","NL_NAME_1":"","GID_2":"IND.34.36_1","NAME_2":"Hardoi","VARNAME_2":"","NL_NAME_2":"","TYPE_2":"District","ENGTYPE_2":"District","CC_2":"","HASC_2":"IN.UP.HR"}},
{"type":"Feature","geometry":{"type":"Polygon","coordinates":[[[77.95108795,27.29954529],[77.95308685,27.29799843],[77.97151184,27.28375816],[77.97535706,27.33115959],[78.07901001,27.35873985],[78.0478363,27.38570976],[78.1889801,27.40871048],[78.20497894,27.5293808],[78.49104309,27.62264061],[78.50489044,27.7459507],[78.46576691,27.8143692],[78.36180115,27.69028091],[78.26605988,27.6663456],[78.04746246,27.79632759],[77.9903717,27.60656166],[77.89034271,27.58753967],[77.95108795,27.29954529]]]},"properties":{"GID_0":"IND","NAME_0":"India","GID_1":"IND.34_1","NAME_1":"Uttar Pradesh","NL_NAME_1":"","GID_2":"IND.34.37_1","NAME_2":"Hathras","VARNAME_2":"","NL_NAME_2":"","TYPE_2":"District","ENGTYPE_2":"District","CC_2":"","HASC_2":"IN.UP.HT"}},
{"type":"Feature","geometry":{"type":"Polygon","coordinates":[[[79.38983917,25.80140114],[79.45205688,25.79359818],[79.49484253,25.8635006],[79.54567719,25.82761192],[79.51700592,25.89418983],[79.6132431,25.93744087],[79.86186981,25.88676071],[79.84226227,25.97668076],[79.94832611,26.02022171],[79.904953,26.01680946],[79.91291809,26.09597969],[79.7363205,26.13992119],[79.75937653,26.18643951],[79.54045105,26.28065109],[79.56622314,26.36026955],[79.49498749,26.36926079],[79.4655304,26.43665123],[79.12676239,26.44481087],[79.07675934,26.3660202],[79.12658691,26.3160305],[78.94267273,26.13914108],[79.00437927,26.09008026],[78.92742157,25.95549965],[79.07785797,25.92175102],[79.03269196,25.87299919],[79.10015106,25.89616966],[79.12892151,25.81768036],[79.38983917,25.80140114]]]},"properties":{"GID_0":"IND","NAME_0":"India","GID_1":"IND.34_1","NAME_1":"Uttar Pradesh","NL_NAME_1":"","GID_2":"IND.34.38_1","NAME_2":"Jalaun","VARNAME_2":"","NL_NAME_2":"","TYPE_2":"District","ENGTYPE_2":"District","CC_2":"","HASC_2":"IN.UP.JL"}},
{"type":"Feature","geometry":{"type":"Polygon","coordinates":[[[82.68514252,25.39728165],[82.72580719,25.54835129],[83.0636673,25.55331993],[83.05848694,25.65417099],[82.74916077,25.84003067],[82.67310333,26.15465927],[82.59162903,26.1996212],[82.56069183,26.13462067],[82.43579865,26.13626099],[82.51474762,26.0043602],[82.42324066,26.01235008],[82.33879852,25.96333122],[82.38562012,25.91300011],[82.16963959,25.82831955],[82.14723969,25.68258095],[82.14559174,25.60424042],[82.32167816,25.53923035],[82.68514252,25.39728165]]]},"properties":{"GID_0":"IND","NAME_0":"India","GID_1":"IND.34_1","NAME_1":"Uttar Pradesh","NL_NAME_1":"","GID_2":"IND.34.39_1","NAME_2":"Jaunpur","VARNAME_2":"Jaupur","NL_NAME_2":"","TYPE_2":"District","ENGTYPE_2":"District","CC_2":"","HASC_2":"IN.UP.JU"}},
{"type":"Feature","geometry":{"type":"Polygon","coordinates":[[[79.27651978,25.32703018],[79.38111115,25.52686119],[79.38983917,25.80140114],[79.12892151,25.81768036],[79.10015106,25.89616966],[79.03269196,25.87299919],[79.07785797,25.92175102],[78.92742157,25.95549965],[78.87638092,25.91566086],[78.86192322,25.79919815],[78.81124878,25.83012009],[78.74550629,25.74411964],[78.80519104,25.6245575],[78.43707275,25.56435013],[78.42072296,25.47761917],[78.2942276,25.36762047],[78.44291687,25.12877083],[78.56259155,25.22602272],[78.4298172,25.29701042],[78.52507782,25.30653],[78.52514648,25.36301231],[78.57621765,25.35193062],[78.56112671,25.39569283],[78.65271759,25.44400024],[78.70140076,25.42885971],[78.65789032,25.38797951],[78.76438141,25.35840034],[78.74314117,25.41270065],[78.81291199,25.43042755],[78.73175049,25.50065041],[78.83426666,25.43246078],[78.82832336,25.50998116],[78.93074036,25.55972099],[78.90322876,25.44693756],[78.978508,25.3760128],[78.87474823,25.38765907],[78.78328705,25.30318069],[78.8417511,25.22916031],[78.87651825,25.34445953],[78.9557724,25.34776115],[78.970047,25.28520966],[78.87587738,25.25576973],[78.87393188,25.16327095],[78.94834137,25.22018051],[78.99581146,25.19593811],[78.99265289,25.27773094],[79.05644226,25.22570992],[79.02823639,25.13993073],[79.08429718,25.19252968],[79.12917328,25.11076927],[79.31388855,25.15096092],[79.27359772,25.24811935],[79.3325882,25.20083046],[79.3445282,25.26429939],[79.26196289,25.26773071],[79.27651978,25.32703018]]]},"properties":{"GID_0":"IND","NAME_0":"India","GID_1":"IND.34_1","NAME_1":"Uttar Pradesh","NL_NAME_1":"","GID_2":"IND.34.40_1","NAME_2":"Jhansi","VARNAME_2":"","NL_NAME_2":"","TYPE_2":"District","ENGTYPE_2":"District","CC_2":"","HASC_2":"IN.UP.JH"}},
{"type":"Feature","geometry":{"type":"Polygon","coordinates":[[[80.01120758,26.95824051],[79.89583588,27.15224075],[79.7161026,27.22219086],[79.55589294,27.16444016],[79.51241302,27.21524048],[79.38520813,27.20160294],[79.42449951,27.07261276],[79.31788635,26.96619034],[79.34089661,26.94000816],[79.42936707,26.94678116],[79.55127716,26.86636925],[79.64315033,26.8989296],[79.74989319,26.78894043],[79.88967133,26.82369041],[79.95616913,26.86528969],[79.93518066,26.94936943],[80.01120758,26.95824051]]]},"properties":{"GID_0":"IND","NAME_0":"India","GID_1":"IND.34_1","NAME_1":"Uttar Pradesh","NL_NAME_1":"","GID_2":"IND.34.41_1","NAME_2":"Kannauj","VARNAME_2":"","NL_NAME_2":"","TYPE_2":"District","ENGTYPE_2":"District","CC_2":"","HASC_2":"IN.UP.KJ"}},
{"type":"Feature","geometry":{"type":"Polygon","coordinates":[[[79.9575882,26.16044044],[80.01381683,26.18332863],[80.004776,26.26672173],[80.15789795,26.30939102],[80.11595154,26.46429062],[80.16674042,26.53279114],[80.01378632,26.61358833],[79.88967133,26.82369041],[79.74989319,26.78894043],[79.6674881,26.74847984],[79.7121582,26.66666031],[79.49498749,26.36926079],[79.56622314,26.36026955],[79.54045105,26.28065109],[79.75937653,26.18643951],[79.7363205,26.13992119],[79.91291809,26.09597969],[79.9575882,26.16044044]]]},"properties":{"GID_0":"IND","NAME_0":"India","GID_1":"IND.34_1","NAME_1":"Uttar Pradesh","NL_NAME_1":"","GID_2":"IND.34.42_1","NAME_2":"Kanpur Dehat","VARNAME_2":"Kanpur Rural","NL_NAME_2":"","TYPE_2":"District","ENGTYPE_2":"District","CC_2":"","HASC_2":"IN.UP.KD"}},
{"type":"Feature","geometry":{"type":"Polygon","coordinates":[[[80.22814178,25.92737961],[80.20855713,25.97667122],[80.31552887,26.11849022],[80.55800629,26.23163033],[80.52417755,26.36259842],[80.30056763,26.53084946],[80.2946701,26.6110096],[80.13188934,26.73785019],[80.04210663,26.92465019],[80.01120758,26.95824051],[79.93518066,26.94936943],[79.95616913,26.86528969],[79.88967133,26.82369041],[80.01378632,26.61358833],[80.16674042,26.53279114],[80.11595154,26.46429062],[80.15789795,26.30939102],[80.004776,26.26672173],[80.01381683,26.18332863],[79.9575882,26.16044044],[79.95075989,26.08134842],[80.08654022,26.08298111],[80.07621002,26.00362968],[80.22814178,25.92737961]]]},"properties":{"GID_0":"IND","NAME_0":"India","GID_1":"IND.34_1","NAME_1":"Uttar Pradesh","NL_NAME_1":"","GID_2":"IND.34.43_1","NAME_2":"Kanpur Nagar","VARNAME_2":"Kampur Rural","NL_NAME_2":"","TYPE_2":"District","ENGTYPE_2":"District","CC_2":"","HASC_2":"IN.UP.KN"}},
{"type":"Feature","geometry":{"type":"Polygon","coordinates":[[[79.17948151,27.58886147],[79.11451721,27.69079018],[79.19919586,27.71301079],[79.1171875,27.85135078],[78.9108429,27.85711098],[78.87924957,27.9228611],[78.61039734,28.04490089],[78.46576691,27.8143692],[78.50489044,27.7459507],[78.54238892,27.79091072],[78.67735291,27.74625015],[78.73436737,27.64126015],[78.88134003,27.55373001],[78.95588684,27.57005119],[78.99369049,27.66025352],[79.1072998,27.55309296],[79.17948151,27.58886147]]]},"properties":{"GID_0":"IND","NAME_0":"India","GID_1":"IND.34_1","NAME_1":"Uttar Pradesh","NL_NAME_1":"","GID_2":"IND.34.44_1","NAME_2":"Kasganj","VARNAME_2":"","NL_NAME_2":"","TYPE_2":"District","ENGTYPE_2":"District","CC_2":"","HASC_2":""}},
{"type":"Feature","geometry":{"type":"Polygon","coordinates":[[[81.18408203,25.45635033],[81.14293671,25.4009285],[81.25650024,25.32930946],[81.37809753,25.33844948],[81.3807373,25.27556038],[81.45149994,25.26223946],[81.54161835,25.29363823],[81.64877319,25.35758018],[81.78665161,25.32221985],[81.79129791,25.38911819],[81.90467072,25.46876907],[81.86123657,25.51622009],[81.78930664,25.47327232],[81.66451263,25.51323128],[81.60562134,25.59649086],[81.54947662,25.57407951],[81.37467194,25.69260979],[81.39541626,25.76647186],[81.32791138,25.81431961],[81.19245148,25.72352028],[81.26255798,25.51138115],[81.18408203,25.45635033]]]},"properties":{"GID_0":"IND","NAME_0":"India","GID_1":"IND.34_1","NAME_1":"Uttar Pradesh","NL_NAME_1":"","GID_2":"IND.34.45_1","NAME_2":"Kaushambi","VARNAME_2":"","NL_NAME_2":"","TYPE_2":"District","ENGTYPE_2":"District","CC_2":"","HASC_2":"IN.UP.KS"}},
{"type":"Feature","geometry":{"type":"Polygon","coordinates":[[[84.04878235,26.55033112],[84.08177948,26.64286041],[84.2722168,26.59936142],[84.40737152,26.63805962],[84.29802704,26.7532711],[84.2339859,26.73953056],[84.2410965,26.86243057],[84.16892242,26.83451843],[84.05200195,26.89170074],[84.02072144,27.09548187],[83.94082642,27.08962059],[83.98512268,27.1817627],[83.89804077,27.27898979],[83.78579712,27.24815941],[83.82184601,27.21397972],[83.7721405,27.16850281],[83.81645966,27.17865944],[83.72054291,27.05763054],[83.759758,27.00377083],[83.71882629,26.95638084],[83.61319733,26.95817947],[83.53759003,26.89280128],[83.6222229,26.66020966],[83.83341217,26.76000977],[84.04878235,26.55033112]]]},"properties":{"GID_0":"IND","NAME_0":"India","GID_1":"IND.34_1","NAME_1":"Uttar Pradesh","NL_NAME_1":"","GID_2":"IND.34.46_1","NAME_2":"Kushinagar","VARNAME_2":"","NL_NAME_2":"","TYPE_2":"District","ENGTYPE_2":"District","CC_2":"","HASC_2":"IN.UP.KU"}},
{"type":"Feature","geometry":{"type":"Polygon","coordinates":[[[80.30172729,27.68439102],[80.5091095,27.81396294],[80.59559631,27.75550079],[80.63041687,27.84465027],[80.81796265,27.79644966],[80.96752167,27.91128922],[80.97725677,27.83395958],[81.1341629,27.81252289],[81.29271698,27.68646049],[81.29071808,27.92422295],[81.02464294,28.29496002],[81.07267761,28.39166069],[80.59204102,28.67972565],[80.50780487,28.67089081],[80.51934052,28.55172348],[80.32369232,28.68923187],[80.29203796,28.62248039],[80.42350769,28.51682091],[80.28956604,28.45928955],[80.3585968,28.34147835],[80.23483276,28.05954933],[80.01476288,27.92471123],[80.05245209,27.77613068],[80.22299957,27.77589035],[80.30172729,27.68439102]]]},"properties":{"GID_0":"IND","NAME_0":"India","GID_1":"IND.34_1","NAME_1":"Uttar Pradesh","NL_NAME_1":"","GID_2":"IND.34.47_1","NAME_2":"Lakhimpur Kheri","VARNAME_2":"Kheri","NL_NAME_2":"","TYPE_2":"District","ENGTYPE_2":"District","CC_2":"","HASC_2":"IN.UP.LK"}},
{"type":"Feature","geometry":{"type":"Polygon","coordinates":[[[78.981987,24.44724083],[78.90859222,24.46677017],[78.96639252,24.49694824],[78.87306976,24.64694977],[78.74946594,24.60498047],[78.78054047,24.81497192],[78.62204742,24.96490097],[78.64192963,25.06149101],[78.56259155,25.22602272],[78.44291687,25.12877083],[78.32776642,25.08876991],[78.32753754,24.9995594],[78.16532898,24.84817123],[78.26799774,24.66959953],[78.21653748,24.53164291],[78.26074982,24.45393944],[78.36094666,24.38578987],[78.3259964,24.32961845],[78.38237,24.2739296],[78.50537109,24.39394951],[78.66912079,24.24501991],[78.76027679,24.25848961],[78.79168701,24.18024063],[78.87886047,24.22305107],[78.9868927,24.42324066],[78.981987,24.44724083]]]},"properties":{"GID_0":"IND","NAME_0":"India","GID_1":"IND.34_1","NAME_1":"Uttar Pradesh","NL_NAME_1":"","GID_2":"IND.34.48_1","NAME_2":"Lalitpur","VARNAME_2":"","NL_NAME_2":"","TYPE_2":"District","ENGTYPE_2":"District","CC_2":"","HASC_2":"IN.UP.LA"}},
{"type":"Feature","geometry":{"type":"Polygon","coordinates":[[[80.99054718,26.53985023],[81.04176331,26.5067215],[81.15645599,26.59737968],[81.20684052,26.78720093],[81.08421326,26.84281921],[81.08592987,26.91961098],[80.9628067,27.06078148],[81.04605865,27.09045982],[80.91924286,27.16426086],[80.81732941,27.10668945],[80.63690186,27.08395004],[80.55066681,27.01618004],[80.59033966,26.98925972],[80.55117035,26.94172096],[80.59958649,26.94939995],[80.74607849,26.77902985],[80.68300629,26.76518059],[80.68782806,26.69087029],[80.83329773,26.66809082],[80.99054718,26.53985023]]]},"properties":{"GID_0":"IND","NAME_0":"India","GID_1":"IND.34_1","NAME_1":"Uttar Pradesh","NL_NAME_1":"","GID_2":"IND.34.49_1","NAME_2":"Lucknow","VARNAME_2":"","NL_NAME_2":"","TYPE_2":"District","ENGTYPE_2":"District","CC_2":"","HASC_2":"IN.UP.LU"}},
{"type":"Feature","geometry":{"type":"Polygon","coordinates":[[[83.89804077,27.27898979],[83.92359924,27.31643105],[83.83058929,27.32135963],[83.85850525,27.35096169],[83.61673737,27.46942329],[83.39093018,27.47949028],[83.39019012,27.37572098],[83.29430389,27.33551407],[83.15969086,27.22561073],[83.15918732,27.14875031],[83.11360168,27.1624794],[83.1231308,27.05031967],[83.21115875,26.99735069],[83.30362701,26.90493011],[83.32653046,26.95741081],[83.42037201,26.96203041],[83.53759003,26.89280128],[83.61319733,26.95817947],[83.71882629,26.95638084],[83.759758,27.00377083],[83.72054291,27.05763054],[83.81645966,27.17865944],[83.7721405,27.16850281],[83.82184601,27.21397972],[83.78579712,27.24815941],[83.89804077,27.27898979]]]},"properties":{"GID_0":"IND","NAME_0":"India","GID_1":"IND.34_1","NAME_1":"Uttar Pradesh","NL_NAME_1":"","GID_2":"IND.34.50_1","NAME_2":"Maharajganj","VARNAME_2":"","NL_NAME_2":"","TYPE_2":"District","ENGTYPE_2":"District","CC_2":"","HASC_2":"IN.UP.MG"}},
{"type":"Feature","geometry":{"type":"Polygon","coordinates":[[[79.27651978,25.32703018],[79.34458923,25.33444977],[79.35829926,25.26351929],[79.49040222,25.2703495],[79.38006592,25.15372086],[79.48987579,25.08275032],[79.56552124,25.17755127],[79.5978775,25.13143158],[79.855896,25.09850121],[79.84713745,25.24020004],[80.09609222,25.35157967],[80.11295319,25.41206169],[80.01927185,25.44089127],[79.97457123,25.54056168],[80.01767731,25.59315109],[79.94680786,25.64730263],[79.80515289,25.50270081],[79.7060318,25.57131958],[79.63439178,25.48904991],[79.38111115,25.52686119],[79.27651978,25.32703018]]]},"properties":{"GID_0":"IND","NAME_0":"India","GID_1":"IND.34_1","NAME_1":"Uttar Pradesh","NL_NAME_1":"","GID_2":"IND.34.51_1","NAME_2":"Mahoba","VARNAME_2":"","NL_NAME_2":"","TYPE_2":"District","ENGTYPE_2":"District","CC_2":"","HASC_2":"IN.UP.MH"}},
{"type":"Feature","geometry":{"type":"Polygon","coordinates":[[[78.79879761,26.96442986],[78.92315674,26.99028969],[78.9909668,26.9363308],[79.17488861,27.01186943],[79.31788635,26.96619034],[79.42449951,27.07261276],[79.38520813,27.20160294],[79.24120331,27.3365612],[79.09990692,27.43825912],[78.94993591,27.42515945],[78.88114166,27.47543144],[78.82705688,27.36692047],[78.71160889,27.34964943],[78.681427,27.26922035],[78.81336212,27.1485405],[78.75798035,27.11330032],[78.79879761,26.96442986]]]},"properties":{"GID_0":"IND","NAME_0":"India","GID_1":"IND.34_1","NAME_1":"Uttar Pradesh","NL_NAME_1":"","GID_2":"IND.34.52_1","NAME_2":"Mainpuri","VARNAME_2":"","NL_NAME_2":"","TYPE_2":"District","ENGTYPE_2":"District","CC_2":"","HASC_2":"IN.UP.MP"}},
{"type":"Feature","geometry":{"type":"MultiPolygon","coordinates":[[[[77.95308685,27.29799843],[77.95427704,27.26975822],[77.97151184,27.28375816],[77.95308685,27.29799843]]],[[[77.63913727,27.24712944],[77.77507782,27.23957062],[77.83922577,27.29603958],[77.8637619,27.25430107],[77.87420654,27.30128288],[77.92614746,27.24006081],[77.95108795,27.29954529],[77.89034271,27.58753967],[77.78502655,27.68996048],[77.82556152,27.76094818],[77.73191071,27.93279266],[77.63492584,27.97051048],[77.51921082,27.93188095],[77.32924652,27.85198975],[77.27577972,27.80654907],[77.33513641,27.53002167],[77.4318924,27.39915848],[77.61411285,27.34338951],[77.63913727,27.24712944]]]]},"properties":{"GID_0":"IND","NAME_0":"India","GID_1":"IND.34_1","NAME_1":"Uttar Pradesh","NL_NAME_1":"","GID_2":"IND.34.53_1","NAME_2":"Mathura","VARNAME_2":"Muttra","NL_NAME_2":"","TYPE_2":"District","ENGTYPE_2":"District","CC_2":"","HASC_2":"IN.UP.MT"}},
{"type":"Feature","geometry":{"type":"Polygon","coordinates":[[[83.33734894,25.81675911],[83.63957977,25.89665031],[83.72389984,25.85861969],[83.78877258,25.9889183],[83.68049622,26.01202011],[83.67372894,26.07790947],[83.78652954,26.11028099],[83.80219269,26.19322968],[83.73764801,26.26461029],[83.62565613,26.22570038],[83.49887848,26.28004074],[83.39749146,26.09770966],[83.25511932,26.12864113],[83.19758606,26.05724907],[83.17034912,25.89792824],[83.33734894,25.81675911]]]},"properties":{"GID_0":"IND","NAME_0":"India","GID_1":"IND.34_1","NAME_1":"Uttar Pradesh","NL_NAME_1":"","GID_2":"IND.34.54_1","NAME_2":"Mau","VARNAME_2":"","NL_NAME_2":"","TYPE_2":"District","ENGTYPE_2":"District","CC_2":"","HASC_2":""}},
{"type":"Feature","geometry":{"type":"Polygon","coordinates":[[[77.44921112,28.93123055],[77.68244171,28.88060951],[77.67917633,28.76840019],[77.85736847,28.80031013],[77.86199188,28.86938286],[78.10498047,28.86217117],[78.04762268,28.9428997],[78.0945816,29.08925819],[78.12554932,29.25918007],[77.77082825,29.18597984],[77.57964325,29.26694107],[77.47808838,29.20230484],[77.44921112,28.93123055]]]},"properties":{"GID_0":"IND","NAME_0":"India","GID_1":"IND.34_1","NAME_1":"Uttar Pradesh","NL_NAME_1":"","GID_2":"IND.34.55_1","NAME_2":"Meerut","VARNAME_2":"","NL_NAME_2":"","TYPE_2":"District","ENGTYPE_2":"District","CC_2":"","HASC_2":"IN.UP.ME"}},
{"type":"Feature","geometry":{"type":"Polygon","coordinates":[[[82.51843262,24.67834091],[82.57460785,24.83256912],[82.65096283,24.7868309],[82.80034637,24.85378075],[82.94680023,24.83957291],[83.00242615,24.90743065],[83.00882721,24.8166008],[83.099617,24.81837082],[83.0509491,25.06014252],[83.12142944,25.06015968],[83.17536926,25.17744064],[83.02571869,25.24382973],[82.83927917,25.1692009],[82.77587128,25.20727921],[82.81156158,25.25881958],[82.66356659,25.25086975],[82.44241333,25.2233696],[82.38214111,25.2641201],[82.33724976,25.21216965],[82.26819611,25.27674294],[82.26051331,25.18504143],[82.29837799,25.0244503],[82.12718201,24.90479088],[82.1000061,24.80994987],[82.19596863,24.82452965],[82.17288208,24.73957062],[82.24365997,24.77575111],[82.22992706,24.66963959],[82.29641724,24.67001152],[82.29393005,24.61374092],[82.40917206,24.59782982],[82.42015076,24.70525169],[82.51843262,24.67834091]]]},"properties":{"GID_0":"IND","NAME_0":"India","GID_1":"IND.34_1","NAME_1":"Uttar Pradesh","NL_NAME_1":"","GID_2":"IND.34.56_1","NAME_2":"Mirzapur","VARNAME_2":"","NL_NAME_2":"","TYPE_2":"District","ENGTYPE_2":"District","CC_2":"","HASC_2":"IN.UP.MI"}},
{"type":"Feature","geometry":{"type":"Polygon","coordinates":[[[78.59851074,28.80741119],[78.65351868,28.76664162],[78.62045288,28.67515945],[78.69703674,28.60853004],[78.66937256,28.48913193],[78.92357635,28.51722908],[78.82743073,28.68670082],[78.96437073,28.76931953],[78.8724823,28.96670914],[78.9608078,29.16159821],[78.90040588,29.15061951],[78.85262299,29.26131058],[78.75863647,29.28667068],[78.65786743,29.17932129],[78.67430878,28.90682983],[78.59851074,28.80741119]]]},"properties":{"GID_0":"IND","NAME_0":"India","GID_1":"IND.34_1","NAME_1":"Uttar Pradesh","NL_NAME_1":"","GID_2":"IND.34.57_1","NAME_2":"Moradabad","VARNAME_2":"","NL_NAME_2":"","TYPE_2":"District","ENGTYPE_2":"District","CC_2":"","HASC_2":"IN.UP.MO"}},
{"type":"Feature","geometry":{"type":"Polygon","coordinates":[[[77.47808838,29.20230484],[77.57964325,29.26694107],[77.77082825,29.18597984],[78.12554932,29.25918007],[77.98802185,29.54586029],[77.94081879,29.71459961],[77.81108093,29.67248917],[77.64993286,29.56644058],[77.47704315,29.63768959],[77.40924835,29.35884666],[77.2442627,29.28161049],[77.47808838,29.20230484]]]},"properties":{"GID_0":"IND","NAME_0":"India","GID_1":"IND.34_1","NAME_1":"Uttar Pradesh","NL_NAME_1":"","GID_2":"IND.34.58_1","NAME_2":"Muzaffarnagar","VARNAME_2":"","NL_NAME_2":"","TYPE_2":"District","ENGTYPE_2":"District","CC_2":"","HASC_2":"IN.UP.MU"}},
{"type":"Feature","geometry":{"type":"Polygon","coordinates":[[[79.63075256,28.85885811],[79.66098022,28.7495594],[79.58827972,28.62204933],[79.74613953,28.45639038],[79.6607132,28.39735985],[79.67414856,28.26913071],[79.71353149,28.18560982],[79.79155731,28.17455101],[79.82045746,28.24542046],[79.85190582,28.14413071],[79.94460297,28.12285042],[79.94168091,28.33422089],[80.11766052,28.39363098],[80.17708588,28.35083961],[80.23058319,28.45870018],[80.28956604,28.45928955],[80.42350769,28.51682091],[80.29203796,28.62248039],[80.32369232,28.68923187],[80.07238007,28.82974434],[79.96782684,28.71562004],[79.85404968,28.84428978],[79.78336334,28.80541992],[79.77446747,28.89183044],[79.63075256,28.85885811]]]},"properties":{"GID_0":"IND","NAME_0":"India","GID_1":"IND.34_1","NAME_1":"Uttar Pradesh","NL_NAME_1":"","GID_2":"IND.34.59_1","NAME_2":"Pilibhit","VARNAME_2":"","NL_NAME_2":"","TYPE_2":"District","ENGTYPE_2":"District","CC_2":"","HASC_2":"IN.UP.PI"}},
{"type":"Feature","geometry":{"type":"Polygon","coordinates":[[[81.32791138,25.81431961],[81.39541626,25.76647186],[81.37467194,25.69260979],[81.54947662,25.57407951],[81.60562134,25.59649086],[81.60027313,25.67115021],[81.71840668,25.62861061],[81.68840027,25.67082977],[81.78439331,25.75255966],[81.88111115,25.71455956],[82.00453949,25.7491703],[82.05271149,25.66273117],[82.14723969,25.68258095],[82.16963959,25.82831955],[82.38562012,25.91300011],[82.33879852,25.96333122],[82.42324066,26.01235008],[82.04454803,26.06315994],[81.87587738,26.08433151],[81.77783966,26.03031158],[81.61022186,26.18255806],[81.50958252,26.04064941],[81.58682251,25.97031975],[81.43383789,25.92786026],[81.3262558,25.87422752],[81.32791138,25.81431961]]]},"properties":{"GID_0":"IND","NAME_0":"India","GID_1":"IND.34_1","NAME_1":"Uttar Pradesh","NL_NAME_1":"","GID_2":"IND.34.60_1","NAME_2":"Pratapgarh","VARNAME_2":"Bela cum Pratapgarh, Partabgarh, Partapgarh","NL_NAME_2":"","TYPE_2":"District","ENGTYPE_2":"District","CC_2":"","HASC_2":"IN.UP.PR"}},
{"type":"Feature","geometry":{"type":"Polygon","coordinates":[[[81.32791138,25.81431961],[81.3262558,25.87422752],[81.43383789,25.92786026],[81.29825592,26.04510117],[81.41371918,26.38756943],[81.33515167,26.53215218],[81.36305237,26.57934952],[81.30654144,26.54375076],[81.15645599,26.59737968],[81.04176331,26.5067215],[80.99054718,26.53985023],[81.04167175,26.37812805],[80.9601059,26.31150055],[80.83686829,26.37602997],[80.87091064,26.28312111],[80.6671524,26.126091],[80.80253601,26.03755951],[81.01030731,26.06796265],[81.32791138,25.81431961]]]},"properties":{"GID_0":"IND","NAME_0":"India","GID_1":"IND.34_1","NAME_1":"Uttar Pradesh","NL_NAME_1":"","GID_2":"IND.34.61_1","NAME_2":"Rae Bareli","VARNAME_2":"Rai Bareli, Rai Bareilly","NL_NAME_2":"","TYPE_2":"District","ENGTYPE_2":"District","CC_2":"","HASC_2":"IN.UP.RB"}},
{"type":"Feature","geometry":{"type":"Polygon","coordinates":[[[78.90943146,28.48554039],[78.98927307,28.39088058],[79.38018036,28.76673126],[79.39565277,28.88544083],[79.35967255,28.97047997],[79.15827942,29.02287865],[79.13080597,29.1293602],[79.02696228,29.17226982],[79.0005722,29.11655045],[78.9608078,29.16159821],[78.8724823,28.96670914],[78.96437073,28.76931953],[78.82743073,28.68670082],[78.92357635,28.51722908],[78.90943146,28.48554039]]]},"properties":{"GID_0":"IND","NAME_0":"India","GID_1":"IND.34_1","NAME_1":"Uttar Pradesh","NL_NAME_1":"","GID_2":"IND.34.62_1","NAME_2":"Rampur","VARNAME_2":"","NL_NAME_2":"","TYPE_2":"District","ENGTYPE_2":"District","CC_2":"","HASC_2":"IN.UP.RA"}},
{"type":"Feature","geometry":{"type":"Polygon","coordinates":[[[77.47704315,29.63768959],[77.64993286,29.56644058],[77.81108093,29.67248917],[77.70301819,29.88975906],[77.78643799,30.09996986],[77.93148041,30.24695969],[77.56305695,30.40448952],[77.57489014,30.38451958],[77.41442871,30.10713005],[77.27040863,30.04833984],[77.21112823,29.94071007],[77.13218689,29.69948006],[77.47704315,29.63768959]]]},"properties":{"GID_0":"IND","NAME_0":"India","GID_1":"IND.34_1","NAME_1":"Uttar Pradesh","NL_NAME_1":"","GID_2":"IND.34.63_1","NAME_2":"Saharanpur","VARNAME_2":"","NL_NAME_2":"","TYPE_2":"District","ENGTYPE_2":"District","CC_2":"","HASC_2":"IN.UP.SA"}},
{"type":"Feature","geometry":{"type":"Polygon","coordinates":[[[78.2805481,28.40904045],[78.31181335,28.29512978],[78.47582245,28.1300602],[78.57904053,28.08793831],[78.64350128,28.33580017],[78.90943146,28.48554039],[78.92357635,28.51722908],[78.66937256,28.48913193],[78.69703674,28.60853004],[78.62045288,28.67515945],[78.65351868,28.76664162],[78.59851074,28.80741119],[78.38668823,28.77577972],[78.41768646,28.48509026],[78.2805481,28.40904045]]]},"properties":{"GID_0":"IND","NAME_0":"India","GID_1":"IND.34_1","NAME_1":"Uttar Pradesh","NL_NAME_1":"","GID_2":"IND.34.64_1","NAME_2":"Sambhal","VARNAME_2":"","NL_NAME_2":"","TYPE_2":"District","ENGTYPE_2":"District","CC_2":"","HASC_2":""}},
{"type":"Feature","geometry":{"type":"Polygon","coordinates":[[[82.92016602,26.92510033],[82.8600769,26.94421005],[82.81852722,26.86078072],[82.96868896,26.71395111],[82.87921143,26.61388016],[82.89373779,26.5443306],[83.061409,26.4111805],[83.08735657,26.48714066],[83.19595337,26.52740097],[83.0759964,26.70400047],[83.13581085,26.74957275],[83.09055328,26.81134033],[83.12763214,26.89081001],[83.2075119,26.88770103],[83.21115875,26.99735069],[83.1231308,27.05031967],[83.00074768,26.91896057],[82.92016602,26.92510033]]]},"properties":{"GID_0":"IND","NAME_0":"India","GID_1":"IND.34_1","NAME_1":"Uttar Pradesh","NL_NAME_1":"","GID_2":"IND.34.65_1","NAME_2":"Sant Kabir Nagar","VARNAME_2":"","NL_NAME_2":"","TYPE_2":"District","ENGTYPE_2":"District","CC_2":"","HASC_2":"IN.UP.SK"}},
{"type":"Feature","geometry":{"type":"Polygon","coordinates":[[[82.68514252,25.39728165],[82.32167816,25.53923035],[82.27526093,25.49072075],[82.34468842,25.42184067],[82.18696594,25.22402191],[82.26051331,25.18504143],[82.26819611,25.27674294],[82.33724976,25.21216965],[82.38214111,25.2641201],[82.44241333,25.2233696],[82.66356659,25.25086975],[82.68514252,25.39728165]]]},"properties":{"GID_0":"IND","NAME_0":"India","GID_1":"IND.34_1","NAME_1":"Uttar Pradesh","NL_NAME_1":"","GID_2":"IND.34.66_1","NAME_2":"Sant Ravi Das Nagar","VARNAME_2":"","NL_NAME_2":"","TYPE_2":"District","ENGTYPE_2":"District","CC_2":"","HASC_2":"IN.UP.SR"}},
{"type":"Feature","geometry":{"type":"Polygon","coordinates":[[[79.34008026,27.65833092],[79.49195099,27.59506989],[79.64315033,27.64682961],[79.64788055,27.51258087],[79.70638275,27.47912025],[79.67816162,27.6393795],[79.7274704,27.72501945],[79.85111237,27.65565109],[80.05245209,27.77613068],[80.01476288,27.92471123],[80.23483276,28.05954933],[80.3585968,28.34147835],[80.28956604,28.45928955],[80.23058319,28.45870018],[80.17708588,28.35083961],[80.11766052,28.39363098],[79.94168091,28.33422089],[79.94460297,28.12285042],[79.85190582,28.14413071],[79.82045746,28.24542046],[79.79155731,28.17455101],[79.71353149,28.18560982],[79.67414856,28.26913071],[79.62069702,28.09210968],[79.48690033,28.02652931],[79.47612762,27.84861946],[79.36470032,27.82304001],[79.34008026,27.65833092]]]},"properties":{"GID_0":"IND","NAME_0":"India","GID_1":"IND.34_1","NAME_1":"Uttar Pradesh","NL_NAME_1":"","GID_2":"IND.34.67_1","NAME_2":"Shahjahanpur","VARNAME_2":"Shahajahanpur","NL_NAME_2":"","TYPE_2":"District","ENGTYPE_2":"District","CC_2":"","HASC_2":"IN.UP.SJ"}},
{"type":"Feature","geometry":{"type":"Polygon","coordinates":[[[77.1423111,29.30151176],[77.2442627,29.28161049],[77.40924835,29.35884666],[77.47704315,29.63768959],[77.13218689,29.69948006],[77.08561707,29.60079956],[77.12413788,29.45294189],[77.1423111,29.30151176]]]},"properties":{"GID_0":"IND","NAME_0":"India","GID_1":"IND.34_1","NAME_1":"Uttar Pradesh","NL_NAME_1":"","GID_2":"IND.34.68_1","NAME_2":"Shamli","VARNAME_2":"","NL_NAME_2":"","TYPE_2":"District","ENGTYPE_2":"District","CC_2":"","HASC_2":""}},
{"type":"Feature","geometry":{"type":"Polygon","coordinates":[[[82.19798279,27.84752083],[82.06965637,27.92339325],[81.97011566,27.92881584],[81.90402222,27.85368347],[81.80397034,27.90544701],[81.69476318,27.98941994],[81.6500473,27.9932766],[81.61414337,27.94371223],[81.48383331,27.94105339],[81.58904266,27.68692207],[81.55706024,27.65718842],[81.51698303,27.72940254],[81.43672943,27.67402077],[81.68340302,27.49818993],[81.68121338,27.39196968],[81.76454926,27.36935997],[81.71346283,27.33213043],[81.80565643,27.27185059],[81.84426117,27.33390999],[81.91307068,27.32723045],[81.93385315,27.4429512],[82.06539917,27.41179848],[82.01560211,27.59349823],[82.19798279,27.84752083]]]},"properties":{"GID_0":"IND","NAME_0":"India","GID_1":"IND.34_1","NAME_1":"Uttar Pradesh","NL_NAME_1":"","GID_2":"IND.34.69_1","NAME_2":"Shravasti","VARNAME_2":"","NL_NAME_2":"","TYPE_2":"District","ENGTYPE_2":"District","CC_2":"","HASC_2":"IN.UP.SV"}},
{"type":"Feature","geometry":{"type":"Polygon","coordinates":[[[83.1231308,27.05031967],[83.11360168,27.1624794],[83.15918732,27.14875031],[83.15969086,27.22561073],[83.29430389,27.33551407],[83.19021606,27.45401573],[82.73703766,27.50453568],[82.75019836,27.41368294],[82.56807709,27.43054008],[82.48307037,27.36388969],[82.48873138,27.24469185],[82.55974579,27.19330025],[82.43060303,27.18144035],[82.48641968,27.16104126],[82.60661316,27.00836182],[82.71930695,27.02317047],[82.8112793,26.93705177],[82.89224243,26.99658012],[82.92016602,26.92510033],[83.00074768,26.91896057],[83.1231308,27.05031967]]]},"properties":{"GID_0":"IND","NAME_0":"India","GID_1":"IND.34_1","NAME_1":"Uttar Pradesh","NL_NAME_1":"","GID_2":"IND.34.70_1","NAME_2":"Siddharth Nagar","VARNAME_2":"Sidharthnagar","NL_NAME_2":"","TYPE_2":"District","ENGTYPE_2":"District","CC_2":"","HASC_2":"IN.UP.SN"}},
{"type":"Feature","geometry":{"type":"Polygon","coordinates":[[[80.91924286,27.16426086],[80.96031189,27.24531174],[81.0569458,27.22676086],[81.10743713,27.27983093],[81.20121765,27.24317169],[81.28349304,27.36209106],[81.33696747,27.25932121],[81.40194702,27.34165955],[81.29305267,27.54256058],[81.29271698,27.68646049],[81.1341629,27.81252289],[80.97725677,27.83395958],[80.96752167,27.91128922],[80.81796265,27.79644966],[80.63041687,27.84465027],[80.59559631,27.75550079],[80.5091095,27.81396294],[80.30172729,27.68439102],[80.31739044,27.52878952],[80.49115753,27.33065033],[80.48853302,27.26174927],[80.56112671,27.2975502],[80.74019623,27.23184967],[80.81732941,27.10668945],[80.91924286,27.16426086]]]},"properties":{"GID_0":"IND","NAME_0":"India","GID_1":"IND.34_1","NAME_1":"Uttar Pradesh","NL_NAME_1":"","GID_2":"IND.34.71_1","NAME_2":"Sitapur","VARNAME_2":"","NL_NAME_2":"","TYPE_2":"District","ENGTYPE_2":"District","CC_2":"","HASC_2":"IN.UP.SI"}},
{"type":"Feature","geometry":{"type":"Polygon","coordinates":[[[82.51843262,24.67834091],[82.66555023,24.69986153],[82.79637146,24.59976006],[82.80076599,24.55268097],[82.71253204,24.5562191],[82.70716095,24.38517952],[82.76058197,24.37304115],[82.76413727,24.29243088],[82.72036743,24.1389904],[82.65738678,24.13479805],[82.76625824,24.07786751],[82.74199677,24.02140045],[82.8077774,23.96305847],[82.93881989,23.87586975],[83.08660126,23.87817192],[83.18956757,23.92110062],[83.32356262,24.1013298],[83.37593842,24.31454086],[83.45139313,24.36474991],[83.393013,24.50119019],[83.49816895,24.52705956],[83.5171814,24.54916954],[83.51264954,24.68341064],[83.38680267,24.78421974],[83.17896271,24.71622086],[83.099617,24.81837082],[83.00882721,24.8166008],[83.00242615,24.90743065],[82.94680023,24.83957291],[82.80034637,24.85378075],[82.65096283,24.7868309],[82.57460785,24.83256912],[82.51843262,24.67834091]]]},"properties":{"GID_0":"IND","NAME_0":"India","GID_1":"IND.34_1","NAME_1":"Uttar Pradesh","NL_NAME_1":"","GID_2":"IND.34.72_1","NAME_2":"Sonbhadra","VARNAME_2":"Sonebhadra","NL_NAME_2":"","TYPE_2":"District","ENGTYPE_2":"District","CC_2":"","HASC_2":"IN.UP.SO"}},
{"type":"Feature","geometry":{"type":"Polygon","coordinates":[[[82.67111206,26.25896072],[82.43911743,26.29004097],[82.37285614,26.38220024],[82.21156311,26.4113903],[81.90188599,26.51111031],[81.92487335,26.38904953],[81.80091095,26.33057976],[82.04374695,26.15492058],[82.04454803,26.06315994],[82.42324066,26.01235008],[82.51474762,26.0043602],[82.43579865,26.13626099],[82.56069183,26.13462067],[82.59162903,26.1996212],[82.67310333,26.15465927],[82.67111206,26.25896072]]]},"properties":{"GID_0":"IND","NAME_0":"India","GID_1":"IND.34_1","NAME_1":"Uttar Pradesh","NL_NAME_1":"","GID_2":"IND.34.73_1","NAME_2":"Sultanpur","VARNAME_2":"","NL_NAME_2":"","TYPE_2":"District","ENGTYPE_2":"District","CC_2":"","HASC_2":"IN.UP.SU"}},
{"type":"Feature","geometry":{"type":"Polygon","coordinates":[[[80.99054718,26.53985023],[80.83329773,26.66809082],[80.68782806,26.69087029],[80.68300629,26.76518059],[80.74607849,26.77902985],[80.59958649,26.94939995],[80.55117035,26.94172096],[80.59033966,26.98925972],[80.55066681,27.01618004],[80.436409,26.97196007],[80.40619659,26.89277077],[80.27593994,27.03559113],[80.21105194,26.97068977],[80.10531616,27.00062943],[80.04210663,26.92465019],[80.13188934,26.73785019],[80.2946701,26.6110096],[80.30056763,26.53084946],[80.52417755,26.36259842],[80.55800629,26.23163033],[80.6671524,26.126091],[80.87091064,26.28312111],[80.83686829,26.37602997],[80.9601059,26.31150055],[81.04167175,26.37812805],[80.99054718,26.53985023]]]},"properties":{"GID_0":"IND","NAME_0":"India","GID_1":"IND.34_1","NAME_1":"Uttar Pradesh","NL_NAME_1":"","GID_2":"IND.34.74_1","NAME_2":"Unnao","VARNAME_2":"Unnao Nagar, Unao","NL_NAME_2":"","TYPE_2":"District","ENGTYPE_2":"District","CC_2":"","HASC_2":"IN.UP.UN"}},
{"type":"Feature","geometry":{"type":"Polygon","coordinates":[[[83.02571869,25.24382973],[83.01233673,25.30862808],[83.16718292,25.35406113],[83.18239594,25.42144966],[83.12216949,25.45190811],[83.17111969,25.51279259],[83.08052826,25.49422073],[83.0636673,25.55331993],[82.72580719,25.54835129],[82.68514252,25.39728165],[82.66356659,25.25086975],[82.81156158,25.25881958],[82.77587128,25.20727921],[82.83927917,25.1692009],[83.02571869,25.24382973]]]},"properties":{"GID_0":"IND","NAME_0":"India","GID_1":"IND.34_1","NAME_1":"Uttar Pradesh","NL_NAME_1":"","GID_2":"IND.34.75_1","NAME_2":"Varanasi","VARNAME_2":"Benares","NL_NAME_2":"","TYPE_2":"District","ENGTYPE_2":"District","CC_2":"","HASC_2":"IN.UP.VA"}},
{"type":"Feature","geometry":{"type":"Polygon","coordinates":[[[80.05954742,29.5255909],[79.88327026,29.70750046],[79.73530579,29.69581032],[79.70783234,29.81274033],[79.49510956,29.87757111],[79.45675659,29.98853111],[79.36157227,29.93296051],[79.21501923,29.98348999],[79.05705261,29.86699295],[79.11030579,29.72397041],[79.02410889,29.59147072],[79.21055603,29.52725983],[79.32830048,29.61483002],[79.46644592,29.5001812],[79.60235596,29.56029129],[79.72151184,29.44049072],[79.83925629,29.44038963],[80.05954742,29.5255909]]]},"properties":{"GID_0":"IND","NAME_0":"India","GID_1":"IND.35_1","NAME_1":"Uttarakhand","NL_NAME_1":"","GID_2":"IND.35.1_1","NAME_2":"Almora","VARNAME_2":"","NL_NAME_2":"","TYPE_2":"District","ENGTYPE_2":"District","CC_2":"","HASC_2":"IN.UT.AL"}},
{"type":"Feature","geometry":{"type":"Polygon","coordinates":[[[79.88327026,29.70750046],[79.81186676,29.78816986],[79.97592163,29.76799965],[80.02622223,29.79776192],[79.96334839,29.85565186],[80.00356293,29.89478111],[80.14672852,29.91093063],[80.05825806,30.02452087],[80.10505676,30.22989082],[79.9793396,30.32006073],[79.78553772,30.28846169],[79.79334259,30.02297974],[79.47384644,30.02954292],[79.45675659,29.98853111],[79.49510956,29.87757111],[79.70783234,29.81274033],[79.73530579,29.69581032],[79.88327026,29.70750046]]]},"properties":{"GID_0":"IND","NAME_0":"India","GID_1":"IND.35_1","NAME_1":"Uttarakhand","NL_NAME_1":"","GID_2":"IND.35.2_1","NAME_2":"Bageshwar","VARNAME_2":"","NL_NAME_2":"","TYPE_2":"District","ENGTYPE_2":"District","CC_2":"","HASC_2":"IN.UT.BA"}},
{"type":"Feature","geometry":{"type":"Polygon","coordinates":[[[79.21501923,29.98348999],[79.36157227,29.93296051],[79.45675659,29.98853111],[79.47384644,30.02954292],[79.79334259,30.02297974],[79.78553772,30.28846169],[79.9793396,30.32006073],[80.02770233,30.60703087],[79.96582031,30.71087074],[80.08893585,30.72795105],[80.086586,30.79186058],[79.85202789,30.98023987],[79.74214935,31.00679016],[79.58724213,30.94309044],[79.39235687,31.0798111],[79.24942017,30.95992088],[79.21080017,30.82518959],[79.26626587,30.7322998],[79.33258057,30.61461067],[79.02139282,30.31434059],[79.07813263,30.30476952],[79.0255127,30.22941017],[79.13080597,30.16900063],[79.21501923,29.98348999]]]},"properties":{"GID_0":"IND","NAME_0":"India","GID_1":"IND.35_1","NAME_1":"Uttarakhand","NL_NAME_1":"","GID_2":"IND.35.3_1","NAME_2":"Chamoli","VARNAME_2":"Chamoli cum Gopeshwar","NL_NAME_2":"","TYPE_2":"District","ENGTYPE_2":"District","CC_2":"","HASC_2":"IN.UT.CL"}},
{"type":"Feature","geometry":{"type":"Polygon","coordinates":[[[80.15992737,29.11291885],[80.27340698,29.14202309],[80.24991608,29.22061539],[80.2990036,29.20503044],[80.31864166,29.31339645],[80.24745941,29.43839264],[80.05954742,29.5255909],[79.83925629,29.44038963],[79.88902283,29.35944939],[79.78631592,29.3408699],[79.8015976,29.28676033],[79.91142273,29.22619057],[79.86702728,29.16398048],[79.96589661,29.12278175],[79.95957184,29.05801964],[80.06926727,29.1285305],[80.15992737,29.11291885]]]},"properties":{"GID_0":"IND","NAME_0":"India","GID_1":"IND.35_1","NAME_1":"Uttarakhand","NL_NAME_1":"","GID_2":"IND.35.4_1","NAME_2":"Champawat","VARNAME_2":"","NL_NAME_2":"","TYPE_2":"District","ENGTYPE_2":"District","CC_2":"","HASC_2":"IN.UT.CP"}},
{"type":"Feature","geometry":{"type":"Polygon","coordinates":[[[77.93148041,30.24695969],[78.18110657,29.95006752],[78.29902649,30.11815071],[78.22434235,30.18577003],[78.26980591,30.3004303],[78.12612152,30.35604286],[78.2277832,30.43283081],[77.9270401,30.51125908],[78.00183868,30.61774063],[78.0750885,30.72363281],[77.97432709,30.85378075],[77.99241638,30.94919968],[77.9405365,30.97920036],[77.79102325,30.92613029],[77.68828583,30.76866913],[77.77905273,30.66377068],[77.72952271,30.59838295],[77.81064606,30.53318024],[77.56305695,30.40448952],[77.93148041,30.24695969]]]},"properties":{"GID_0":"IND","NAME_0":"India","GID_1":"IND.35_1","NAME_1":"Uttarakhand","NL_NAME_1":"","GID_2":"IND.35.5_1","NAME_2":"Dehradun","VARNAME_2":"","NL_NAME_2":"","TYPE_2":"District","ENGTYPE_2":"District","CC_2":"","HASC_2":"IN.UT.DD"}},
{"type":"Feature","geometry":{"type":"Polygon","coordinates":[[[79.02410889,29.59147072],[79.11030579,29.72397041],[79.05705261,29.86699295],[79.21501923,29.98348999],[79.13080597,30.16900063],[79.0255127,30.22941017],[79.07813263,30.30476952],[79.02139282,30.31434059],[78.9679718,30.29450989],[78.7933197,30.22776031],[78.67073822,30.2455101],[78.5770874,30.05909157],[78.44233704,30.07415962],[78.39315796,30.14389038],[78.29902649,30.11815071],[78.18110657,29.95006752],[78.26183319,29.92300987],[78.33174133,29.79618073],[78.48757935,29.7413826],[78.6052475,29.5617981],[78.89601898,29.45618057],[79.02410889,29.59147072]]]},"properties":{"GID_0":"IND","NAME_0":"India","GID_1":"IND.35_1","NAME_1":"Uttarakhand","NL_NAME_1":"","GID_2":"IND.35.6_1","NAME_2":"Garhwal","VARNAME_2":"Garhwal","NL_NAME_2":"","TYPE_2":"District","ENGTYPE_2":"District","CC_2":"","HASC_2":""}},
{"type":"Feature","geometry":{"type":"Polygon","coordinates":[[[78.18110657,29.95006752],[77.93148041,30.24695969],[77.78643799,30.09996986],[77.70301819,29.88975906],[77.81108093,29.67248917],[77.94081879,29.71459961],[77.98802185,29.54586029],[78.33174133,29.79618073],[78.26183319,29.92300987],[78.18110657,29.95006752]]]},"properties":{"GID_0":"IND","NAME_0":"India","GID_1":"IND.35_1","NAME_1":"Uttarakhand","NL_NAME_1":"","GID_2":"IND.35.7_1","NAME_2":"Hardwar","VARNAME_2":"Hardwar","NL_NAME_2":"","TYPE_2":"District","ENGTYPE_2":"District","CC_2":"","HASC_2":"IN.UT.HA"}},
{"type":"Feature","geometry":{"type":"Polygon","coordinates":[[[78.83580017,29.37228775],[78.9508667,29.37602615],[79.26841736,29.24367905],[79.2350769,29.18935966],[79.40744781,29.05401039],[79.64064789,29.07038116],[79.85054016,28.98808289],[79.95957184,29.05801964],[79.96589661,29.12278175],[79.86702728,29.16398048],[79.91142273,29.22619057],[79.8015976,29.28676033],[79.78631592,29.3408699],[79.88902283,29.35944939],[79.83925629,29.44038963],[79.72151184,29.44049072],[79.60235596,29.56029129],[79.46644592,29.5001812],[79.32830048,29.61483002],[79.21055603,29.52725983],[79.02410889,29.59147072],[78.89601898,29.45618057],[78.83580017,29.37228775]]]},"properties":{"GID_0":"IND","NAME_0":"India","GID_1":"IND.35_1","NAME_1":"Uttarakhand","NL_NAME_1":"","GID_2":"IND.35.8_1","NAME_2":"Nainital","VARNAME_2":"","NL_NAME_2":"","TYPE_2":"District","ENGTYPE_2":"District","CC_2":"","HASC_2":"IN.UT.NA"}},
{"type":"Feature","geometry":{"type":"Polygon","coordinates":[[[80.24745941,29.43839264],[80.40949249,29.5949192],[80.36585999,29.74015236],[80.408638,29.79444504],[80.49720001,29.79746628],[80.59215546,29.94844437],[80.73981476,29.99951553],[80.89901733,30.21225548],[81.01999664,30.25068283],[80.81128693,30.31998062],[80.58419037,30.48722267],[80.52648926,30.45430946],[80.23425293,30.56787109],[80.18049622,30.66986084],[80.22807312,30.7580204],[80.15727234,30.81275177],[80.086586,30.79186058],[80.08893585,30.72795105],[79.96582031,30.71087074],[80.02770233,30.60703087],[79.9793396,30.32006073],[80.10505676,30.22989082],[80.05825806,30.02452087],[80.14672852,29.91093063],[80.00356293,29.89478111],[79.96334839,29.85565186],[80.02622223,29.79776192],[79.97592163,29.76799965],[79.81186676,29.78816986],[79.88327026,29.70750046],[80.05954742,29.5255909],[80.24745941,29.43839264]]]},"properties":{"GID_0":"IND","NAME_0":"India","GID_1":"IND.35_1","NAME_1":"Uttarakhand","NL_NAME_1":"","GID_2":"IND.35.9_1","NAME_2":"Pithoragarh","VARNAME_2":"","NL_NAME_2":"","TYPE_2":"District","ENGTYPE_2":"District","CC_2":"","HASC_2":"IN.UT.PI"}},
{"type":"Feature","geometry":{"type":"Polygon","coordinates":[[[79.02139282,30.31434059],[79.33258057,30.61461067],[79.26626587,30.7322998],[79.0185318,30.81213188],[78.89750671,30.68507957],[79.04682159,30.43301964],[78.96675873,30.37457085],[78.9679718,30.29450989],[79.02139282,30.31434059]]]},"properties":{"GID_0":"IND","NAME_0":"India","GID_1":"IND.35_1","NAME_1":"Uttarakhand","NL_NAME_1":"","GID_2":"IND.35.10_1","NAME_2":"Rudraprayag","VARNAME_2":"","NL_NAME_2":"","TYPE_2":"District","ENGTYPE_2":"District","CC_2":"","HASC_2":"IN.UT.RP"}},
{"type":"Feature","geometry":{"type":"Polygon","coordinates":[[[78.9679718,30.29450989],[78.96675873,30.37457085],[79.04682159,30.43301964],[78.89750671,30.68507957],[79.0185318,30.81213188],[78.9852829,30.86775017],[78.86448669,30.88279915],[78.83512115,30.7444191],[78.5776062,30.69293976],[78.53063202,30.53490067],[78.43766785,30.62053108],[78.3995285,30.47396278],[78.2639389,30.61728096],[78.00183868,30.61774063],[77.9270401,30.51125908],[78.2277832,30.43283081],[78.12612152,30.35604286],[78.26980591,30.3004303],[78.22434235,30.18577003],[78.29902649,30.11815071],[78.39315796,30.14389038],[78.44233704,30.07415962],[78.5770874,30.05909157],[78.67073822,30.2455101],[78.7933197,30.22776031],[78.9679718,30.29450989]]]},"properties":{"GID_0":"IND","NAME_0":"India","GID_1":"IND.35_1","NAME_1":"Uttarakhand","NL_NAME_1":"","GID_2":"IND.35.11_1","NAME_2":"Tehri Garhwal","VARNAME_2":"Tehri|Narendranagar|Tehri Garwal","NL_NAME_2":"","TYPE_2":"District","ENGTYPE_2":"District","CC_2":"","HASC_2":"IN.UT.TG"}},
{"type":"Feature","geometry":{"type":"Polygon","coordinates":[[[80.07238007,28.82974434],[80.15992737,29.11291885],[80.06926727,29.1285305],[79.95957184,29.05801964],[79.85054016,28.98808289],[79.64064789,29.07038116],[79.40744781,29.05401039],[79.2350769,29.18935966],[79.26841736,29.24367905],[78.9508667,29.37602615],[78.83580017,29.37228775],[78.71412659,29.31933022],[78.75863647,29.28667068],[78.85262299,29.26131058],[78.90040588,29.15061951],[78.9608078,29.16159821],[79.0005722,29.11655045],[79.02696228,29.17226982],[79.13080597,29.1293602],[79.15827942,29.02287865],[79.35967255,28.97047997],[79.39565277,28.88544083],[79.63075256,28.85885811],[79.77446747,28.89183044],[79.78336334,28.80541992],[79.85404968,28.84428978],[79.96782684,28.71562004],[80.07238007,28.82974434]]]},"properties":{"GID_0":"IND","NAME_0":"India","GID_1":"IND.35_1","NAME_1":"Uttarakhand","NL_NAME_1":"","GID_2":"IND.35.12_1","NAME_2":"Udham Singh Nagar","VARNAME_2":"","NL_NAME_2":"","TYPE_2":"District","ENGTYPE_2":"District","CC_2":"","HASC_2":"IN.UT.US"}},
{"type":"Feature","geometry":{"type":"Polygon","coordinates":[[[78.00183868,30.61774063],[78.2639389,30.61728096],[78.3995285,30.47396278],[78.43766785,30.62053108],[78.53063202,30.53490067],[78.5776062,30.69293976],[78.83512115,30.7444191],[78.86448669,30.88279915],[78.9852829,30.86775017],[79.0185318,30.81213188],[79.26626587,30.7322998],[79.21080017,30.82518959],[79.24942017,30.95992088],[79.39235687,31.0798111],[79.05677795,31.47225952],[78.90688324,31.25918961],[78.99658203,31.11533928],[78.87139893,31.10732079],[78.79503632,31.20503998],[78.47010803,31.20375061],[78.29836273,31.28820992],[78.01423645,31.15493965],[77.88748932,31.15470123],[77.80060577,31.06208038],[77.8171463,30.95356941],[77.73457336,30.95956993],[77.79102325,30.92613029],[77.9405365,30.97920036],[77.99241638,30.94919968],[77.97432709,30.85378075],[78.0750885,30.72363281],[78.00183868,30.61774063]]]},"properties":{"GID_0":"IND","NAME_0":"India","GID_1":"IND.35_1","NAME_1":"Uttarakhand","NL_NAME_1":"","GID_2":"IND.35.13_1","NAME_2":"Uttarkashi","VARNAME_2":"","NL_NAME_2":"","TYPE_2":"District","ENGTYPE_2":"District","CC_2":"","HASC_2":"IN.UT.UT"}},
{"type":"Feature","geometry":{"type":"Polygon","coordinates":[[[89.11857605,26.52285957],[89.53676605,26.47537994],[89.61649323,26.39538956],[89.8507309,26.46757126],[89.8332901,26.41229057],[89.87062073,26.45989037],[89.8600769,26.70137405],[89.62376404,26.71867561],[89.65090942,26.77643013],[89.37892914,26.86242485],[89.26225281,26.8139019],[89.10095978,26.84406471],[89.04519653,26.62882996],[89.11857605,26.52285957]]]},"properties":{"GID_0":"IND","NAME_0":"India","GID_1":"IND.36_1","NAME_1":"West Bengal","NL_NAME_1":"","GID_2":"IND.36.1_1","NAME_2":"Alipurduar","VARNAME_2":"","NL_NAME_2":"","TYPE_2":"District","ENGTYPE_2":"District","CC_2":"","HASC_2":""}},
{"type":"Feature","geometry":{"type":"Polygon","coordinates":[[[86.60692596,22.79577827],[86.92215729,22.62309265],[87.08265686,22.7347908],[87.05776215,22.8459301],[87.35521698,22.94944191],[87.52030945,22.92711067],[87.6264267,22.89295959],[87.64125061,22.98450089],[87.70973969,23.00757027],[87.74463654,23.10491943],[87.44230652,23.40294075],[87.20923615,23.55337906],[86.89406586,23.63799095],[86.85138702,23.56712914],[86.89176178,23.49069023],[86.81491852,23.46429062],[86.84162903,23.39357758],[86.70609283,23.1169796],[86.69927979,22.86910057],[86.60692596,22.79577827]]]},"properties":{"GID_0":"IND","NAME_0":"India","GID_1":"IND.36_1","NAME_1":"West Bengal","NL_NAME_1":"","GID_2":"IND.36.2_1","NAME_2":"Bankura","VARNAME_2":"","NL_NAME_2":"","TYPE_2":"District","ENGTYPE_2":"District","CC_2":"","HASC_2":"IN.WB.BN"}},
{"type":"Feature","geometry":{"type":"Polygon","coordinates":[[[87.96166992,23.80130959],[87.90724945,23.70960999],[87.95947266,23.62803078],[87.89792633,23.53767967],[87.70684052,23.61676025],[87.4486084,23.60815811],[87.3500061,23.7183094],[87.15080261,23.74574089],[87.0845108,23.80526924],[86.90688324,23.87951088],[86.88226318,23.81447983],[86.79283905,23.83138084],[86.79567719,23.69347954],[86.89406586,23.63799095],[87.20923615,23.55337906],[87.44230652,23.40294075],[87.74463654,23.10491943],[87.70973969,23.00757027],[87.77636719,22.93245125],[87.99597168,22.95531082],[88.16851807,23.15410995],[88.35193634,23.11429977],[88.4160614,23.20947075],[88.32581329,23.31307983],[88.38577271,23.50175095],[88.13413239,23.64978981],[88.23206329,23.70848083],[88.19345856,23.76274109],[88.05766296,23.7183609],[88.00276947,23.84325981],[87.96166992,23.80130959]]]},"properties":{"GID_0":"IND","NAME_0":"India","GID_1":"IND.36_1","NAME_1":"West Bengal","NL_NAME_1":"","GID_2":"IND.36.3_1","NAME_2":"Barddhaman","VARNAME_2":"","NL_NAME_2":"","TYPE_2":"District","ENGTYPE_2":"District","CC_2":"","HASC_2":"IN.WB.BR"}},
{"type":"Feature","geometry":{"type":"Polygon","coordinates":[[[87.96166992,23.80130959],[87.84255981,23.90493011],[87.89383698,24.15027809],[88.02213287,24.24491119],[87.95217133,24.35354042],[87.96969604,24.46875763],[87.88732147,24.56270981],[87.76940918,24.58176041],[87.81002045,24.40662003],[87.75627899,24.30359268],[87.64173126,24.24986076],[87.68956757,24.1498394],[87.56938171,24.15565109],[87.57615662,24.08526039],[87.49359894,24.11520958],[87.45796967,23.98142052],[87.23265076,24.02459908],[87.29258728,23.89014053],[87.24822235,23.90701103],[87.24272919,23.82616043],[87.13581848,23.86813927],[87.15364838,23.79845047],[87.0845108,23.80526924],[87.15080261,23.74574089],[87.3500061,23.7183094],[87.4486084,23.60815811],[87.70684052,23.61676025],[87.89792633,23.53767967],[87.95947266,23.62803078],[87.90724945,23.70960999],[87.96166992,23.80130959]]]},"properties":{"GID_0":"IND","NAME_0":"India","GID_1":"IND.36_1","NAME_1":"West Bengal","NL_NAME_1":"","GID_2":"IND.36.4_1","NAME_2":"Birbhum","VARNAME_2":"","NL_NAME_2":"","TYPE_2":"District","ENGTYPE_2":"District","CC_2":"","HASC_2":"IN.WB.BI"}},
{"type":"Feature","geometry":{"type":"Polygon","coordinates":[[[88.44425201,25.19618988],[88.80583954,25.17054939],[88.84490967,25.21120071],[88.92301941,25.16500664],[89.0093689,25.2983551],[88.84010315,25.36387062],[88.81059265,25.5232029],[88.6629715,25.47376823],[88.45778656,25.59544373],[88.45732117,25.59599876],[88.44644165,25.59714699],[88.31735992,25.51248169],[88.17759705,25.28907967],[88.43824005,25.3126297],[88.44425201,25.19618988]]]},"properties":{"GID_0":"IND","NAME_0":"India","GID_1":"IND.36_1","NAME_1":"West Bengal","NL_NAME_1":"","GID_2":"IND.36.5_1","NAME_2":"Dakshin Dinajpur","VARNAME_2":"Dinajpur(South)","NL_NAME_2":"","TYPE_2":"District","ENGTYPE_2":"District","CC_2":"","HASC_2":"IN.WB.DD"}},
{"type":"Feature","geometry":{"type":"Polygon","coordinates":[[[88.1054306,26.53940773],[88.10621643,26.53601456],[88.10614777,26.53562355],[88.23120117,26.55198288],[88.179039,26.49057961],[88.23664856,26.4493103],[88.33489227,26.49660683],[88.40907288,26.63376617],[88.47728729,26.87555122],[88.60410309,26.87918091],[88.65865326,26.9607029],[88.76091766,26.9244709],[88.79161072,26.98976135],[88.86981201,26.96397591],[88.86998749,27.10914612],[88.74694061,27.14536476],[88.52075195,27.17818069],[88.4319458,27.08160973],[88.27813721,27.13083076],[88.1366272,27.11687851],[88.01696777,27.21887207],[87.99417114,27.10520744],[88.13748169,26.98526764],[88.19049835,26.7714119],[88.1054306,26.53940773]]]},"properties":{"GID_0":"IND","NAME_0":"India","GID_1":"IND.36_1","NAME_1":"West Bengal","NL_NAME_1":"","GID_2":"IND.36.6_1","NAME_2":"Darjiling","VARNAME_2":"","NL_NAME_2":"","TYPE_2":"District","ENGTYPE_2":"District","CC_2":"","HASC_2":"IN.WB.DA"}},
{"type":"Feature","geometry":{"type":"Polygon","coordinates":[[[87.91593933,22.41739082],[87.88083649,22.43805504],[87.92333221,22.43499947],[87.94638824,22.40611076],[87.99388123,22.23879051],[88.04915619,22.22000122],[88.09519196,22.30233955],[88.1173172,22.4656601],[88.27065277,22.55175972],[88.32888794,22.55214119],[88.35968018,22.62973976],[88.35214996,22.64686966],[88.01072693,22.68014145],[87.98486328,22.77631187],[87.93666077,22.62640953],[87.85115051,22.59397125],[87.8822403,22.50556946],[87.87362671,22.44453049],[87.90422058,22.41460037],[87.91593933,22.41739082]]]},"properties":{"GID_0":"IND","NAME_0":"India","GID_1":"IND.36_1","NAME_1":"West Bengal","NL_NAME_1":"","GID_2":"IND.36.7_1","NAME_2":"Haora","VARNAME_2":"","NL_NAME_2":"","TYPE_2":"District","ENGTYPE_2":"District","CC_2":"","HASC_2":"IN.WB.HR"}},
{"type":"Feature","geometry":{"type":"Polygon","coordinates":[[[88.35214996,22.64686966],[88.33101654,22.77210045],[88.40808105,22.94227028],[88.50428772,23.09122086],[88.44941711,23.13742065],[88.4690094,23.21920967],[88.4160614,23.20947075],[88.35193634,23.11429977],[88.16851807,23.15410995],[87.99597168,22.95531082],[87.77636719,22.93245125],[87.70973969,23.00757027],[87.64125061,22.98450089],[87.6264267,22.89295959],[87.52030945,22.92711067],[87.51539612,22.86328125],[87.73931122,22.77273941],[87.85115051,22.59397125],[87.93666077,22.62640953],[87.98486328,22.77631187],[88.01072693,22.68014145],[88.35214996,22.64686966]]]},"properties":{"GID_0":"IND","NAME_0":"India","GID_1":"IND.36_1","NAME_1":"West Bengal","NL_NAME_1":"","GID_2":"IND.36.8_1","NAME_2":"Hugli","VARNAME_2":"","NL_NAME_2":"","TYPE_2":"District","ENGTYPE_2":"District","CC_2":"","HASC_2":"IN.WB.HG"}},
{"type":"Feature","geometry":{"type":"Polygon","coordinates":[[[89.11857605,26.52285957],[89.04519653,26.62882996],[89.10095978,26.84406471],[88.92150879,26.99381638],[88.86981201,26.96397591],[88.79161072,26.98976135],[88.76091766,26.9244709],[88.65865326,26.9607029],[88.60410309,26.87918091],[88.47728729,26.87555122],[88.40907288,26.63376617],[88.43725586,26.54414177],[88.55995941,26.45711136],[88.62069702,26.47106934],[88.73425293,26.35379601],[88.86532593,26.39176178],[88.96961212,26.54578972],[89.11857605,26.52285957]]]},"properties":{"GID_0":"IND","NAME_0":"India","GID_1":"IND.36_1","NAME_1":"West Bengal","NL_NAME_1":"","GID_2":"IND.36.9_1","NAME_2":"Jalpaiguri","VARNAME_2":"","NL_NAME_2":"","TYPE_2":"District","ENGTYPE_2":"District","CC_2":"","HASC_2":"IN.WB.JA"}},
{"type":"Feature","geometry":{"type":"Polygon","coordinates":[[[88.99397278,26.32003403],[88.90904236,26.38013649],[88.95579529,26.46029663],[89.09568024,26.39154053],[89.15532684,26.13870811],[89.34848785,26.01048088],[89.42378235,26.04701042],[89.55799103,25.96461868],[89.65000153,26.06448364],[89.59384918,26.10224152],[89.60738373,26.17923737],[89.66062164,26.17563057],[89.63379669,26.23034668],[89.67971802,26.23449898],[89.67425537,26.16704559],[89.71930695,26.16640663],[89.70253754,26.17712021],[89.70061493,26.18346405],[89.76196289,26.3170681],[89.8332901,26.41229057],[89.8507309,26.46757126],[89.61649323,26.39538956],[89.53676605,26.47537994],[89.11857605,26.52285957],[88.96961212,26.54578972],[88.86532593,26.39176178],[88.73425293,26.35379601],[88.66620636,26.26273918],[88.79347229,26.31007385],[88.84026337,26.23140907],[88.89820099,26.28874397],[89.05567932,26.24366951],[88.99397278,26.32003403]]]},"properties":{"GID_0":"IND","NAME_0":"India","GID_1":"IND.36_1","NAME_1":"West Bengal","NL_NAME_1":"","GID_2":"IND.36.10_1","NAME_2":"Koch Bihar","VARNAME_2":"","NL_NAME_2":"","TYPE_2":"District","ENGTYPE_2":"District","CC_2":"","HASC_2":"IN.WB.KB"}},
{"type":"Feature","geometry":{"type":"Polygon","coordinates":[[[88.40731049,22.55647087],[88.35968018,22.62973976],[88.32888794,22.55214119],[88.27065277,22.55175972],[88.35894775,22.4949398],[88.40731049,22.55647087]]]},"properties":{"GID_0":"IND","NAME_0":"India","GID_1":"IND.36_1","NAME_1":"West Bengal","NL_NAME_1":"","GID_2":"IND.36.11_1","NAME_2":"Kolkata","VARNAME_2":"Calcutta","NL_NAME_2":"","TYPE_2":"District","ENGTYPE_2":"District","CC_2":"","HASC_2":"IN.WB.KO"}},
{"type":"Feature","geometry":{"type":"Polygon","coordinates":[[[88.2853775,24.8884697],[88.33312225,24.87044525],[88.45381165,25.03560066],[88.44425201,25.19618988],[88.43824005,25.3126297],[88.17759705,25.28907967],[88.10249329,25.27177048],[88.07041168,25.48050117],[87.92604828,25.53621292],[87.78132629,25.44465065],[87.78398132,25.33242989],[87.85652161,25.2777729],[87.83664703,25.19926071],[87.7875824,25.2204895],[87.7765274,25.09127045],[87.9699707,24.92358017],[87.89701843,24.85435295],[87.96032715,24.67976189],[88.0112381,24.66879082],[88.17498779,24.86025047],[88.13968658,24.93612862],[88.22621918,24.95979118],[88.2853775,24.8884697]]]},"properties":{"GID_0":"IND","NAME_0":"India","GID_1":"IND.36_1","NAME_1":"West Bengal","NL_NAME_1":"","GID_2":"IND.36.12_1","NAME_2":"Maldah","VARNAME_2":"","NL_NAME_2":"","TYPE_2":"District","ENGTYPE_2":"District","CC_2":"","HASC_2":"IN.WB.MA"}},
{"type":"Feature","geometry":{"type":"Polygon","coordinates":[[[88.19345856,23.76274109],[88.35154724,23.8245697],[88.41474915,23.79784966],[88.44415283,23.85087013],[88.47322083,23.81736946],[88.46248627,23.88421059],[88.50778961,23.8926506],[88.45555115,23.92244148],[88.54685974,24.03633118],[88.62174988,23.97817993],[88.70186615,24.09433556],[88.7463913,24.14717102],[88.72241974,24.29984856],[88.55500031,24.29648972],[88.44632721,24.37866783],[88.33300781,24.38319016],[88.0112381,24.66879082],[87.96032715,24.67976189],[87.89701843,24.85435295],[87.83970642,24.7381897],[87.9033432,24.71455956],[87.88732147,24.56270981],[87.96969604,24.46875763],[87.95217133,24.35354042],[88.02213287,24.24491119],[87.89383698,24.15027809],[87.84255981,23.90493011],[87.96166992,23.80130959],[88.00276947,23.84325981],[88.05766296,23.7183609],[88.19345856,23.76274109]]]},"properties":{"GID_0":"IND","NAME_0":"India","GID_1":"IND.36_1","NAME_1":"West Bengal","NL_NAME_1":"","GID_2":"IND.36.13_1","NAME_2":"Murshidabad","VARNAME_2":"","NL_NAME_2":"","TYPE_2":"District","ENGTYPE_2":"District","CC_2":"","HASC_2":"IN.WB.MU"}},
{"type":"Feature","geometry":{"type":"Polygon","coordinates":[[[88.40808105,22.94227028],[88.65612793,22.8709507],[88.70894623,23.23291016],[88.77469635,23.23446274],[88.69624329,23.30223274],[88.74559784,23.30784416],[88.80042267,23.4976368],[88.74342346,23.48056984],[88.56215668,23.63718414],[88.57534027,23.86243629],[88.6675415,23.86959457],[88.7695694,23.98190689],[88.70186615,24.09433556],[88.62174988,23.97817993],[88.54685974,24.03633118],[88.45555115,23.92244148],[88.50778961,23.8926506],[88.46248627,23.88421059],[88.47322083,23.81736946],[88.44415283,23.85087013],[88.41474915,23.79784966],[88.35154724,23.8245697],[88.19345856,23.76274109],[88.23206329,23.70848083],[88.13413239,23.64978981],[88.38577271,23.50175095],[88.32581329,23.31307983],[88.4160614,23.20947075],[88.4690094,23.21920967],[88.44941711,23.13742065],[88.50428772,23.09122086],[88.40808105,22.94227028]]]},"properties":{"GID_0":"IND","NAME_0":"India","GID_1":"IND.36_1","NAME_1":"West Bengal","NL_NAME_1":"","GID_2":"IND.36.14_1","NAME_2":"Nadia","VARNAME_2":"","NL_NAME_2":"","TYPE_2":"District","ENGTYPE_2":"District","CC_2":"","HASC_2":"IN.WB.NA"}},
{"type":"Feature","geometry":{"type":"MultiPolygon","coordinates":[[[[88.83472443,21.6072216],[88.84278107,21.55388832],[88.90361023,21.55583382],[88.83472443,21.6072216]]],[[[88.77194214,21.65306282],[88.72956848,21.6399498],[88.7519455,21.57666588],[88.79805756,21.59166527],[88.77194214,21.65306282]]],[[[89.01072693,21.65061951],[88.95096588,21.70100975],[89,21.60167122],[89.01072693,21.65061951]],[[88.96576691,21.64153481],[88.95520782,21.6770916],[88.9908371,21.61499977],[88.96576691,21.64153481]]],[[[88.80665588,21.70667267],[88.7583313,21.68250084],[88.74111176,21.68944359],[88.73055267,21.68472099],[88.75944519,21.66305542],[88.79416656,21.66444397],[88.79694366,21.65527725],[88.80665588,21.70667267]]],[[[88.86847687,21.9220295],[88.90727234,21.92953682],[88.90249634,22.01166916],[88.76172638,22.01490784],[88.80029297,21.97045326],[88.75332642,21.98527908],[88.75250244,21.95611191],[88.77555847,21.94333076],[88.78722382,21.95499992],[88.79055786,21.94166946],[88.86847687,21.9220295]]],[[[88.74539185,21.97973824],[88.73332977,21.92472076],[88.7993927,21.92592812],[88.80578613,21.93647957],[88.78890228,21.94071388],[88.78645325,21.95265007],[88.77584076,21.94145012],[88.75070953,21.95485115],[88.74539185,21.97973824]]],[[[88.83655548,21.91789246],[88.88804626,21.81222153],[88.92305756,21.8244381],[88.9227829,21.83555984],[88.93916321,21.85000038],[88.92166901,21.85388947],[88.90693665,21.87888908],[88.91500092,21.88083267],[88.91777802,21.86055756],[88.93916321,21.8536129],[88.94721985,21.84056282],[88.95694733,21.86972237],[88.94333649,21.88472176],[88.95888519,21.86972237],[88.95555878,21.85388947],[88.97666931,21.86750031],[88.91517639,21.92818069],[88.89006805,21.91465569],[88.83655548,21.91789246]]],[[[89.05430603,21.61780357],[89.09518433,21.64658546],[89.05885315,21.7220726],[89.00979614,21.70487022],[89.05430603,21.61780357]]],[[[88.88305664,21.74527931],[88.92082977,21.63222122],[88.9402771,21.69527817],[88.88305664,21.74527931]]],[[[88.84490204,21.61999893],[88.83167267,21.76610947],[88.76251221,21.70137024],[88.81500244,21.71000099],[88.84490204,21.61999893]]],[[[88.74888611,21.76501083],[88.71219635,21.80722046],[88.69499969,21.74389076],[88.71111298,21.69017982],[88.74777985,21.65833092],[88.75499725,21.66563988],[88.73077393,21.68203163],[88.72929382,21.68675613],[88.74121857,21.69075966],[88.75778198,21.68366432],[88.76275635,21.69293022],[88.73586273,21.71929169],[88.77666473,21.72083282],[88.74888611,21.76501083]]],[[[88.99967194,21.78546906],[88.95111084,21.75777817],[89.00428009,21.71607208],[88.99967194,21.78546906]]],[[[88.85610962,21.86528015],[88.83499908,21.78166771],[88.91333008,21.72777939],[88.85610962,21.86528015]]],[[[88.94139099,21.84722137],[88.92444611,21.8358326],[88.93888855,21.81666756],[88.91416931,21.75555992],[88.95888519,21.77083397],[88.94042206,21.7823658],[88.9402771,21.79305458],[88.97666931,21.82055664],[88.9539032,21.82529259],[88.94139099,21.84722137]]],[[[88.95532227,21.84774971],[88.97962189,21.81726456],[88.97523499,21.80259514],[88.95392609,21.80329514],[88.94281769,21.78560066],[88.97093964,21.77506256],[89.02976227,21.83276558],[88.98924255,21.8681221],[89.03096008,21.86278152],[88.97737885,21.89346695],[88.97912598,21.86744118],[88.95532227,21.84774971]]],[[[88.78916931,21.87861061],[88.79499817,21.79138947],[88.82971954,21.86222076],[88.78916931,21.87861061]]],[[[88.70861053,21.81055641],[88.75776672,21.78111076],[88.77722168,21.82167053],[88.71805573,21.90722275],[88.70861053,21.81055641]]],[[[88.9102478,22.33291817],[88.94326782,22.31065178],[88.93923187,22.41855049],[88.95777893,22.3647213],[88.99861145,22.42972183],[88.92002106,22.56542015],[88.89476776,22.55846977],[88.93000031,22.39138985],[88.896698,22.38142967],[88.9102478,22.33291817]]],[[[88.89389038,22.37055969],[88.88804626,22.37833214],[88.92166901,22.40139008],[88.88889313,22.55417061],[88.84361267,22.5067997],[88.86773682,22.48786736],[88.85612488,22.42278099],[88.88218689,22.40363693],[88.87660217,22.38691711],[88.89389038,22.37055969]]],[[[88.82051849,22.36309433],[88.84923553,22.36454201],[88.8628006,22.35828018],[88.8713913,22.35889244],[88.87628937,22.35531044],[88.8483429,22.43056488],[88.69019318,22.52298164],[88.67681122,22.59155083],[88.6906662,22.52441216],[88.76888275,22.51359177],[88.76638794,22.56083488],[88.85292816,22.43303108],[88.84281158,22.50787354],[88.86888885,22.54583549],[88.89638519,22.56333351],[88.93760681,22.56993294],[88.95800018,22.61647987],[88.80702209,22.75067329],[88.9319458,22.64554977],[88.96231842,22.69510841],[88.91098022,22.75786209],[88.96852875,22.84347534],[88.84777832,23.00549316],[88.99599457,23.21449661],[88.77469635,23.23446274],[88.70894623,23.23291016],[88.65612793,22.8709507],[88.40808105,22.94227028],[88.33101654,22.77210045],[88.35214996,22.64686966],[88.35968018,22.62973976],[88.40731049,22.55647087],[88.52218628,22.54445076],[88.59422302,22.61020088],[88.70365906,22.42871284],[88.82051849,22.36309433]]],[[[89.02481079,21.93172836],[89.07800293,21.98693275],[89.01547241,22.06293106],[88.98516846,22.05522346],[88.96808624,22.01436043],[88.99935913,22.00710487],[88.97556305,21.99139214],[88.99243927,21.97363091],[89.03250122,22.00208282],[89.02481079,21.93172836]]],[[[88.81185913,22.06075478],[88.780159,22.03783226],[88.8318634,22.02697563],[88.81185913,22.06075478]]],[[[88.83602905,22.07283211],[88.83895874,22.02368927],[88.89060211,22.04833031],[88.83602905,22.07283211]]],[[[88.94996643,22.18919182],[88.91971588,22.16111183],[88.89393616,22.16969872],[88.94034576,22.12797737],[88.91271973,21.99435997],[89.01257324,21.90199471],[89.01352692,21.9791069],[88.99223328,21.97000313],[88.97249603,21.98779106],[88.96221924,22.01722145],[88.97709656,22.03839302],[88.96146393,22.04899788],[88.96325684,22.05741119],[88.92394257,22.02420235],[88.98491669,22.12712288],[88.94996643,22.18919182]]],[[[88.7758255,22.09358978],[88.74978638,22.05589867],[88.83621216,22.06633949],[88.7758255,22.09358978]]],[[[88.81790161,22.12302971],[88.80590057,22.08475304],[88.86723328,22.08222008],[88.83844757,22.09019279],[88.86794281,22.08502007],[88.84572601,22.11942101],[88.81790161,22.12302971]]],[[[88.98610687,22.10170364],[88.96350861,22.04927444],[88.97840881,22.03988075],[88.98447418,22.05666733],[89.01472473,22.06444359],[89.0255661,22.05265999],[89.0270462,22.07930946],[89.03822327,22.05339241],[89.01464844,22.11400795],[89.05047607,22.1306324],[89.00366974,22.19913483],[88.98610687,22.10170364]]],[[[88.84053802,22.12470245],[88.9227829,22.10000229],[88.88072968,22.16747284],[88.84053802,22.12470245]]],[[[88.76145172,22.08918571],[88.80307007,22.12973213],[88.85612488,22.14472771],[88.85912323,22.20446777],[88.84474945,22.18919182],[88.82805634,22.20804024],[88.83827209,22.16703224],[88.74916077,22.13500023],[88.70471954,22.06500053],[88.76145172,22.08918571]]],[[[88.81259918,22.28339195],[88.79505157,22.27607536],[88.79156494,22.2584362],[88.75293732,22.23145294],[88.74724579,22.19862938],[88.83405304,22.16685295],[88.82749939,22.19498634],[88.81822968,22.19558907],[88.81498718,22.20541954],[88.80554199,22.20835304],[88.79846954,22.22597313],[88.82567596,22.24144173],[88.82624817,22.26459312],[88.81551361,22.26398659],[88.81259918,22.28339195]]],[[[88.80544281,22.21244049],[88.81687927,22.20530128],[88.82012939,22.19616127],[88.82824707,22.20972252],[88.83480072,22.20885086],[88.8442688,22.19031715],[88.8544693,22.206213],[88.88194275,22.20055962],[88.88227844,22.21159935],[88.84946442,22.20978928],[88.84194946,22.21174049],[88.83943176,22.21552658],[88.85835266,22.24444389],[88.87583923,22.2528038],[88.85894775,22.2435894],[88.84101105,22.21426392],[88.85889435,22.21086121],[88.87844086,22.2137928],[88.88485718,22.21098137],[88.88343811,22.20005226],[88.86618042,22.19414711],[88.87317657,22.17051125],[88.89746094,22.17799187],[88.9196701,22.16631126],[88.88723755,22.26490974],[88.84416962,22.2902813],[88.88761139,22.26593208],[88.90177917,22.22407532],[88.95407867,22.22524071],[88.93598938,22.30094337],[88.91110992,22.30582809],[88.89157104,22.34308243],[88.87055206,22.35778236],[88.81999969,22.35972404],[88.8041687,22.32972145],[88.81223297,22.31583214],[88.80652618,22.28574944],[88.81545258,22.28297234],[88.81664276,22.27167892],[88.82730103,22.26545143],[88.82956696,22.25372124],[88.82842255,22.24190521],[88.81855011,22.23093987],[88.80053711,22.2262516],[88.80544281,22.21244049]]],[[[88.98475647,22.38243294],[88.94721985,22.25555992],[88.97251892,22.20971107],[89.01972198,22.20555305],[89.06218719,22.12842941],[89.09626007,22.15501213],[88.98475647,22.38243294]]]]},"properties":{"GID_0":"IND","NAME_0":"India","GID_1":"IND.36_1","NAME_1":"West Bengal","NL_NAME_1":"","GID_2":"IND.36.15_1","NAME_2":"North 24 Parganas","VARNAME_2":"","NL_NAME_2":"","TYPE_2":"District","ENGTYPE_2":"District","CC_2":"","HASC_2":"IN.WB.PN"}},
{"type":"Feature","geometry":{"type":"Polygon","coordinates":[[[87.09464264,21.86034012],[87.17085266,21.97261047],[87.23484802,21.95438004],[87.27156067,21.80340004],[87.43930817,21.76436043],[87.44632721,21.88451958],[87.51125336,21.94638062],[87.47566986,22.07484055],[87.66809845,22.10357285],[87.72611237,22.18791008],[87.71972656,22.3179512],[87.64359283,22.3293705],[87.65413666,22.45751953],[87.69268036,22.50629997],[87.8822403,22.50556946],[87.85115051,22.59397125],[87.73931122,22.77273941],[87.51539612,22.86328125],[87.52030945,22.92711067],[87.35521698,22.94944191],[87.05776215,22.8459301],[87.08265686,22.7347908],[86.92215729,22.62309265],[86.60692596,22.79577827],[86.55510712,22.70788002],[86.65170288,22.57579041],[86.78407288,22.54424095],[86.7514801,22.45067978],[86.88623047,22.29412079],[86.88568115,22.25212097],[86.72278595,22.21524811],[86.71544647,22.14349174],[87.01761627,22.04128075],[86.99793243,21.90750122],[87.09464264,21.86034012]]]},"properties":{"GID_0":"IND","NAME_0":"India","GID_1":"IND.36_1","NAME_1":"West Bengal","NL_NAME_1":"","GID_2":"IND.36.16_1","NAME_2":"Pashchim Medinipur","VARNAME_2":"Paschim Medinipur","NL_NAME_2":"","TYPE_2":"District","ENGTYPE_2":"District","CC_2":"","HASC_2":"IN.WB.WM"}},
{"type":"Feature","geometry":{"type":"Polygon","coordinates":[[[87.48203278,21.60870361],[87.78971863,21.69499969],[87.9291687,21.80055618],[88.05305481,22.0102787],[87.96335602,22.10347748],[88.06223297,22.01305962],[88.18888855,22.09916687],[88.13555908,22.1847229],[88.00861359,22.20138931],[87.94000244,22.2602787],[87.91593933,22.41739082],[87.90422058,22.41460037],[87.87362671,22.44453049],[87.8822403,22.50556946],[87.69268036,22.50629997],[87.65413666,22.45751953],[87.64359283,22.3293705],[87.71972656,22.3179512],[87.72611237,22.18791008],[87.66809845,22.10357285],[87.47566986,22.07484055],[87.51125336,21.94638062],[87.44632721,21.88451958],[87.43930817,21.76436043],[87.48203278,21.60870361]]]},"properties":{"GID_0":"IND","NAME_0":"India","GID_1":"IND.36_1","NAME_1":"West Bengal","NL_NAME_1":"","GID_2":"IND.36.17_1","NAME_2":"Purba Medinipur","VARNAME_2":"Purba Medinipur","NL_NAME_2":"","TYPE_2":"District","ENGTYPE_2":"District","CC_2":"","HASC_2":"IN.WB.EM"}},
{"type":"Feature","geometry":{"type":"Polygon","coordinates":[[[85.88916016,23.1517601],[86.03692627,23.14361],[86.23448181,22.99336815],[86.5402832,22.9872303],[86.43282318,22.92340279],[86.4126358,22.78643036],[86.55510712,22.70788002],[86.60692596,22.79577827],[86.69927979,22.86910057],[86.70609283,23.1169796],[86.84162903,23.39357758],[86.81491852,23.46429062],[86.89176178,23.49069023],[86.85138702,23.56712914],[86.89406586,23.63799095],[86.79567719,23.69347954],[86.46642303,23.6296196],[86.38092804,23.58436012],[86.30000305,23.42006111],[86.1455307,23.47307014],[86.14476776,23.56777191],[86.04686737,23.58386993],[86.04722595,23.49364281],[85.87757874,23.4758606],[85.86089325,23.42818069],[85.89569092,23.37059021],[85.83155823,23.19511986],[85.88916016,23.1517601]]]},"properties":{"GID_0":"IND","NAME_0":"India","GID_1":"IND.36_1","NAME_1":"West Bengal","NL_NAME_1":"","GID_2":"IND.36.18_1","NAME_2":"Puruliya","VARNAME_2":"","NL_NAME_2":"","TYPE_2":"District","ENGTYPE_2":"District","CC_2":"","HASC_2":"IN.WB.PU"}},
{"type":"Feature","geometry":{"type":"MultiPolygon","coordinates":[[[[88.23166656,21.64110947],[88.19555664,21.68194389],[88.20317841,21.72187996],[88.18138885,21.68610954],[88.2097168,21.60194016],[88.21283722,21.62308121],[88.23166656,21.64110947]]],[[[88.53721619,21.63862038],[88.55000305,21.56361008],[88.58750153,21.60194206],[88.53721619,21.63862038]]],[[[88.30931091,21.69219017],[88.3152771,21.60805511],[88.35807037,21.64750099],[88.30931091,21.69219017]]],[[[88.66233063,21.95251083],[88.71559143,22.00086021],[88.65293884,22.01913071],[88.66233063,21.95251083]]],[[[88.74669647,22.19556236],[88.65286255,22.16339111],[88.66496277,22.0226593],[88.73826599,22.01567459],[88.68283081,22.08023071],[88.78864288,22.16813469],[88.77251434,22.17837715],[88.76634979,22.18917656],[88.74669647,22.19556236]]],[[[88.29110718,21.59527969],[88.31027985,21.67638969],[88.21744537,21.76214981],[88.19777679,21.68861008],[88.23683167,21.64489937],[88.21639252,21.61638832],[88.24277496,21.59666634],[88.24054718,21.57361031],[88.25749969,21.55999947],[88.29110718,21.59527969]]],[[[88.38195038,21.66722107],[88.40194702,21.59555626],[88.39499664,21.75500107],[88.38195038,21.66722107]]],[[[88.56243134,21.70505905],[88.51727295,21.71195984],[88.54638672,21.63666725],[88.56243134,21.70505905]]],[[[88.11555481,21.62583351],[88.17094421,21.74510193],[88.13525391,21.87746239],[88.03666687,21.67500114],[88.11555481,21.62583351]]],[[[88.54457092,21.8103199],[88.51944733,21.7191658],[88.57250214,21.73555565],[88.54457092,21.8103199]]],[[[88.42180634,21.81109047],[88.38265991,21.77910042],[88.42276001,21.71982002],[88.44268799,21.79965019],[88.42963409,21.79958725],[88.42180634,21.81109047]]],[[[88.30583191,21.75158119],[88.33222961,21.71043968],[88.3779068,21.76860237],[88.35272217,21.85424232],[88.3454895,21.85506248],[88.33732605,21.8602066],[88.3236618,21.86044693],[88.3151474,21.85759735],[88.31154633,21.85363007],[88.31535339,21.84465981],[88.30773163,21.83030128],[88.2600708,21.8065052],[88.30583191,21.75158119]]],[[[88.59749603,21.86222076],[88.6397171,21.78499985],[88.65344238,21.86802101],[88.59749603,21.86222076]]],[[[88.40484619,21.79929924],[88.4182663,21.81161118],[88.42402649,21.81240082],[88.46308136,21.79036522],[88.48916626,21.83889008],[88.45201874,21.9048481],[88.40484619,21.79929924]]],[[[88.09519196,22.30233955],[88.06972504,22.21194458],[88.16555786,22.19889069],[88.21055603,22.14944458],[88.16333008,21.87944412],[88.26568604,21.73003006],[88.25166321,21.80194283],[88.28193665,21.76110077],[88.25897217,21.807621],[88.31382751,21.84660721],[88.29931641,21.85938072],[88.26059723,21.85786057],[88.25489807,21.8713398],[88.26973724,21.88519287],[88.26197815,21.85869026],[88.30059052,21.86132622],[88.30979919,21.87768364],[88.30893707,21.85639954],[88.32565308,21.86215019],[88.3370285,21.86161041],[88.34523773,21.8569603],[88.35357666,21.85715485],[88.34998322,21.92738914],[88.39067078,21.79898071],[88.37581635,21.96972084],[88.40694427,21.88472176],[88.46089172,22.01157951],[88.47355652,21.89534187],[88.55461884,22.03570938],[88.4942627,21.87909126],[88.52805328,21.85305595],[88.57054138,21.90360832],[88.54624939,21.97348976],[88.57833099,21.88944435],[88.60666656,21.91305733],[88.59658051,22.06726646],[88.63665771,22.04528999],[88.57274628,22.18910027],[88.61928558,22.10884094],[88.67246246,22.20119858],[88.63934326,22.20812035],[88.63091278,22.22204971],[88.66633606,22.33917427],[88.63504028,22.21640015],[88.73194122,22.19555473],[88.74055481,22.21472168],[88.74623871,22.20290756],[88.74611664,22.20471191],[88.74867249,22.21869087],[88.74861145,22.22139168],[88.74555206,22.23111153],[88.79079437,22.25970268],[88.79270935,22.2761898],[88.80467224,22.28324127],[88.8104248,22.31682968],[88.80528259,22.32440948],[88.80284882,22.32983017],[88.82051849,22.36309433],[88.70365906,22.42871284],[88.59422302,22.61020088],[88.52218628,22.54445076],[88.40731049,22.55647087],[88.35894775,22.4949398],[88.27065277,22.55175972],[88.1173172,22.4656601],[88.09519196,22.30233955]]]]},"properties":{"GID_0":"IND","NAME_0":"India","GID_1":"IND.36_1","NAME_1":"West Bengal","NL_NAME_1":"","GID_2":"IND.36.19_1","NAME_2":"South 24 Parganas","VARNAME_2":"","NL_NAME_2":"","TYPE_2":"District","ENGTYPE_2":"District","CC_2":"","HASC_2":"IN.WB.PS"}},
{"type":"Feature","geometry":{"type":"Polygon","coordinates":[[[88.44644165,25.59714699],[88.45376587,25.66501045],[88.26426697,25.81182098],[88.11441803,25.79802322],[88.08705902,25.91368294],[88.1871109,26.0240612],[88.18579865,26.15125084],[88.35012817,26.22034645],[88.45162964,26.37047768],[88.52482605,26.35983849],[88.48519897,26.46035004],[88.37234497,26.48840714],[88.35488892,26.44711304],[88.33489227,26.49660683],[88.23664856,26.4493103],[88.27955627,26.33553123],[87.96405792,26.15197945],[87.97219086,26.08485031],[87.91293335,26.0909729],[87.84211731,26.04448128],[87.81787109,25.93301964],[87.81828308,25.88148117],[88.04862976,25.69057083],[88.07041168,25.48050117],[88.10249329,25.27177048],[88.17759705,25.28907967],[88.31735992,25.51248169],[88.44644165,25.59714699]]]},"properties":{"GID_0":"IND","NAME_0":"India","GID_1":"IND.36_1","NAME_1":"West Bengal","NL_NAME_1":"","GID_2":"IND.36.20_1","NAME_2":"Uttar Dinajpur","VARNAME_2":"","NL_NAME_2":"","TYPE_2":"District","ENGTYPE_2":"District","CC_2":"","HASC_2":"IN.WB.UD"}}
]}