{"type":"FeatureCollection", "features": [
{"type":"Feature","geometry":{"type":"MultiPolygon","coordinates":[[[[93.848053,7.24028],[93.806946,7.233611],[93.802513,7.201391],[93.686111,7.19],[93.655563,7.125281],[93.663033,7.006646],[93.693886,7.01514],[93.745277,6.961945],[93.828316,6.754256],[93.850906,6.816051],[93.882568,6.792778],[93.902138,6.812967],[93.897224,6.902156],[93.945503,6.95583],[93.913902,7],[93.947807,6.998874],[93.887779,7.08639],[93.882767,7.203611],[93.848053,7.24028]]],[[[93.713058,7.443611],[93.71389,7.392779],[93.6325,7.370555],[93.648331,7.2425],[93.755745,7.359843],[93.713058,7.443611]]],[[[93.379997,8.024722],[93.326668,8.0025],[93.317223,7.933611],[93.358055,7.941665],[93.356392,7.88889],[93.422501,7.907223],[93.46167,7.872222],[93.464996,7.930001],[93.379997,8.024722]]],[[[93.547287,8.028052],[93.550766,7.99623],[93.532501,8.025],[93.507233,7.984721],[93.577499,7.928333],[93.582771,7.99167],[93.547287,8.028052]]],[[[93.526489,8.231271],[93.453888,8.173611],[93.485001,8.051944],[93.529861,8.07868],[93.485275,8.044443],[93.500832,7.997219],[93.5084,8.033815],[93.550278,8.036111],[93.503052,8.14818],[93.54528,8.197781],[93.526489,8.231271]]],[[[93.126274,8.355864],[93.094719,8.339167],[93.087219,8.269444],[93.120834,8.222501],[93.199448,8.193891],[93.126389,8.276388],[93.126274,8.355864]]],[[[93.615997,8.573626],[93.622856,8.42162],[93.642426,8.468536],[93.615997,8.573626]]],[[[92.787781,9.244166],[92.720833,9.21361],[92.731667,9.124377],[92.830551,9.138695],[92.825531,9.192131],[92.854362,9.209159],[92.824303,9.195842],[92.787781,9.244166]]],[[[92.515831,10.897641],[92.510559,10.86917],[92.499512,10.890694],[92.456947,10.861391],[92.397499,10.760555],[92.376114,10.781667],[92.38028,10.6675],[92.420563,10.61472],[92.385277,10.532222],[92.434723,10.548333],[92.513054,10.511667],[92.569443,10.57889],[92.539795,10.610556],[92.596779,10.678326],[92.587708,10.786945],[92.515831,10.897641]]],[[[92.641457,11.51014],[92.613632,11.47418],[92.622948,11.405332],[92.587105,11.400479],[92.600792,11.3464],[92.690872,11.37034],[92.649345,11.407248],[92.685791,11.436611],[92.641457,11.51014]]],[[[92.218933,11.592323],[92.214546,11.529451],[92.269829,11.522507],[92.270729,11.584091],[92.218933,11.592323]]],[[[92.539757,11.60332],[92.530182,11.554127],[92.569397,11.588422],[92.539757,11.60332]]],[[[93.020836,11.843331],[93.049988,11.812221],[93.07222,11.835562],[93.020836,11.843331]]],[[[92.969536,12.03368],[92.925537,11.99579],[93.042671,11.882261],[93.009453,12.018891],[92.969536,12.03368]]],[[[92.991364,12.108928],[92.95961,12.106483],[92.992775,12.043617],[92.991364,12.108928]]],[[[93.027779,12.156941],[93.004166,12.113334],[92.955605,12.142192],[93.007263,12.10723],[93.007019,12.075776],[93.045525,12.04537],[93.027779,12.156941]]],[[[93.068604,12.211334],[93.037186,12.133361],[93.074646,12.08363],[93.095001,12.142422],[93.068604,12.211334]]],[[[92.700867,12.235609],[92.655121,12.18169],[92.661987,12.215507],[92.623611,12.102781],[92.611046,11.87126],[92.562401,11.946474],[92.513519,11.848001],[92.546402,11.834947],[92.561562,11.69485],[92.588135,11.717883],[92.608398,11.634029],[92.644386,11.63629],[92.608231,11.619721],[92.617859,11.56282],[92.64727,11.572363],[92.646889,11.522021],[92.711281,11.477318],[92.756653,11.665071],[92.721458,11.68632],[92.694572,11.622729],[92.666206,11.653901],[92.708199,11.670119],[92.701897,11.70713],[92.755074,11.701056],[92.788551,11.901219],[92.784492,11.936051],[92.746254,11.931821],[92.718193,11.824522],[92.680077,11.81858],[92.724426,11.850859],[92.728081,11.994791],[92.768753,11.99904],[92.739243,12.040917],[92.761948,12.020555],[92.783607,12.04694],[92.735275,12.065278],[92.736214,12.106604],[92.7575,12.176391],[92.721153,12.180281],[92.703712,12.16543],[92.700867,12.235609]]],[[[92.730614,12.242454],[92.723442,12.188842],[92.76368,12.18218],[92.762299,12.229374],[92.732887,12.210252],[92.730614,12.242454]]],[[[92.901672,12.25585],[92.870842,12.244692],[92.879234,12.208278],[92.913277,12.22281],[92.901672,12.25585]]],[[[93.077774,12.261945],[93.063332,12.229166],[93.100746,12.203941],[93.105988,12.260204],[93.08667,12.237219],[93.077774,12.261945]]],[[[92.941399,12.280802],[92.934448,12.310561],[92.926735,12.280581],[92.901466,12.288221],[92.922089,12.230951],[92.941399,12.280802]]],[[[92.776573,12.310281],[92.781723,12.28508],[92.742287,12.24554],[92.769867,12.236852],[92.767738,12.18659],[92.739166,12.09475],[92.741676,12.078101],[92.764679,12.06332],[92.822586,12.165453],[92.850586,12.157321],[92.846603,12.19768],[92.880508,12.195137],[92.858887,12.245831],[92.889313,12.265942],[92.866379,12.305611],[92.830322,12.30028],[92.809959,12.31276],[92.796082,12.303895],[92.776573,12.310281]]],[[[93.839699,12.32082],[93.826683,12.24486],[93.850204,12.269443],[93.832008,12.241241],[93.861679,12.23377],[93.862503,12.266043],[93.880699,12.236642],[93.839699,12.32082]]],[[[92.852905,12.408831],[92.883987,12.374156],[92.888786,12.4076],[92.852905,12.408831]]],[[[92.95536,12.41469],[92.956253,12.43549],[92.919334,12.364615],[92.95536,12.41469]]],[[[92.898888,12.915831],[92.873543,12.881161],[92.841728,12.875607],[92.842247,12.891039],[92.810959,12.897452],[92.791908,12.889854],[92.782219,12.807499],[92.760834,12.859445],[92.737778,12.81028],[92.723915,12.827084],[92.732887,12.674411],[92.768883,12.672121],[92.77916,12.7131],[92.788643,12.67448],[92.785431,12.619247],[92.753326,12.670781],[92.684486,12.608141],[92.707497,12.596946],[92.720436,12.30031],[92.754768,12.295681],[92.771523,12.319691],[92.795097,12.306144],[92.809692,12.314871],[92.832428,12.302559],[92.895119,12.320345],[92.830276,12.427779],[92.794197,12.438181],[92.7911,12.469722],[92.796509,12.43796],[92.899017,12.415629],[92.834679,12.494781],[92.914528,12.405893],[92.915321,12.443711],[92.957939,12.46771],[92.932137,12.480721],[92.968422,12.496669],[92.980515,12.709729],[92.898888,12.915831]]],[[[92.695656,12.991959],[92.67012,12.918037],[92.636871,12.919539],[92.670578,12.912283],[92.664543,12.8806],[92.629883,12.882731],[92.663162,12.879142],[92.668159,12.782572],[92.721497,12.888345],[92.695656,12.991959]]],[[[93.006737,12.9969],[92.972206,12.96914],[92.959747,12.988912],[92.974243,12.94533],[92.95195,12.940539],[92.982826,12.934481],[93.006737,12.9969]]],[[[93.029442,13.573334],[93.010117,13.54196],[92.987778,13.573061],[92.988892,13.527777],[92.917503,13.53639],[92.929443,13.501667],[92.871666,13.471391],[92.884163,13.429722],[92.843063,13.402222],[92.866943,13.385561],[92.839439,13.374721],[92.822502,13.277222],[92.854439,13.257221],[92.809723,13.153055],[92.847496,13.139159],[92.809998,13.126929],[92.78833,13.018331],[92.825066,13.012708],[92.794136,12.985611],[92.794197,12.914382],[92.842781,12.891871],[92.842972,12.8763],[92.872932,12.88323],[92.854439,12.92743],[92.882301,12.982724],[92.906937,12.985028],[92.912682,12.946451],[92.938522,12.971276],[92.89431,13.056531],[92.936676,13.084713],[92.934776,13.042802],[92.974617,13.012861],[92.965828,13.035],[93.003899,13.028589],[93.034882,13.080991],[93.066673,13.2725],[93.012497,13.276666],[93.009453,13.320002],[92.964783,13.324521],[92.950539,13.343901],[92.969429,13.36052],[92.986778,13.329011],[93.003334,13.353334],[93.032784,13.345275],[93.041664,13.367221],[93.065834,13.303056],[93.090591,13.335933],[93.055275,13.382222],[93.02829,13.373181],[93.070831,13.40611],[93.021111,13.431121],[93.029442,13.573334]]],[[[93.015831,13.676112],[92.976669,13.655],[93.027779,13.62694],[93.015831,13.676112]]]]},"properties":{"ID_0":105,"ISO":"IND","NAME_0":"India","ID_1":1,"NAME_1":"Andaman and Nicobar","NL_NAME_1":"","VARNAME_1":"Andaman & Nicobar Islands|Andaman et Nicobar|Iihas de Andama e Nicobar|Inseln Andamanen und Nikobare","TYPE_1":"Union Territor","ENGTYPE_1":"Union Territory","filename":"","filename_1":"","filename_2":"","filename_3":"","filename_4":""}},
{"type":"Feature","geometry":{"type":"MultiPolygon","coordinates":[[[[80.149025,13.618473],[80.13903,13.607079],[80.120415,13.605694],[80.158195,13.590973],[80.126526,13.58486],[80.141808,13.544861],[80.167641,13.58986],[80.149025,13.618473]]],[[[82.332077,16.724861],[82.285393,16.697639],[82.258751,16.690111],[82.257072,16.651251],[82.31208,16.60236],[82.309586,16.651251],[82.318474,16.628752],[82.368187,16.722919],[82.33625,16.69125],[82.332077,16.724861]]],[[[82.299515,16.714333],[82.342918,16.737917],[82.365692,16.902081],[82.357918,16.963753],[82.325417,16.990143],[82.359306,16.944311],[82.354309,16.851528],[82.311806,16.840139],[82.249031,16.93042],[82.368462,17.11875],[82.607635,17.296249],[83.21347,17.590973],[83.295418,17.675138],[83.263474,17.710972],[83.306526,17.68819],[83.344307,17.724861],[83.457359,17.920694],[83.529587,17.949306],[83.572639,18.018194],[84.12458,18.309305],[84.125687,18.35153],[84.356247,18.556805],[84.761017,19.071312],[84.730217,19.089306],[84.719032,19.095844],[84.702087,19.15115],[84.591843,19.12384],[84.654533,19.052311],[84.612717,19.054831],[84.587692,19.012991],[84.566139,19.065039],[84.471657,18.98122],[84.415131,19.013861],[84.42939,18.913683],[84.365318,18.896259],[84.387627,18.877668],[84.351448,18.8832],[84.362411,18.851061],[84.336021,18.866711],[84.332222,18.792023],[84.081779,18.74464],[84.027061,18.8022],[83.870178,18.81843],[83.787041,19.008369],[83.739563,18.978441],[83.780067,18.907721],[83.745827,18.918173],[83.705742,18.985241],[83.723251,19.0119],[83.623283,19.153631],[83.578766,19.049789],[83.546432,19.07383],[83.531387,19.005421],[83.495399,19.011091],[83.505386,19.064772],[83.459396,19.069672],[83.455482,18.94558],[83.408852,18.996191],[83.305267,18.989681],[83.32901,18.916908],[83.345757,18.9571],[83.380226,18.923283],[83.346611,18.92687],[83.411339,18.859341],[83.396301,18.830709],[83.279503,18.7896],[83.266098,18.75701],[83.219391,18.76582],[83.205063,18.71586],[83.132957,18.772449],[83.009682,18.63653],[83.008041,18.588421],[83.053947,18.58647],[83.032478,18.54789],[83.089333,18.53791],[83.015411,18.444429],[83.05983,18.428633],[83.053391,18.375299],[82.902748,18.355911],[82.884613,18.41276],[82.799171,18.439402],[82.767052,18.331079],[82.658836,18.28661],[82.626877,18.228741],[82.580742,18.2701],[82.60051,18.36871],[82.535156,18.389561],[82.553772,18.437651],[82.474007,18.536833],[82.36129,18.40991],[82.38443,18.36911],[82.334442,18.317133],[82.393013,18.30644],[82.306099,18.19566],[82.364296,18.134859],[82.333366,18.14238],[82.329773,18.040411],[82.297897,18.06196],[82.258156,18.03487],[82.26725,17.986441],[82.113266,18.057821],[82.024658,18.05788],[81.703171,17.86113],[81.663063,17.87693],[81.611153,17.815363],[81.384972,17.806593],[81.254036,17.81213],[81.159569,17.852631],[81.073601,17.786291],[81.032448,17.78973],[80.943993,18.08102],[80.973679,18.16815],[80.862022,18.132669],[80.867493,18.207258],[80.82959,18.234119],[80.797928,18.1663],[80.734558,18.171713],[80.733269,18.21879],[80.788277,18.249781],[80.744621,18.302181],[80.72654,18.408991],[80.488388,18.62672],[80.338791,18.588209],[80.26754,18.71797],[80.188957,18.675581],[80.158081,18.69594],[80.110817,18.676189],[79.894012,18.830839],[79.939003,18.858892],[79.934486,19.0217],[79.916107,19.047359],[79.859589,19.03463],[79.858047,19.104111],[79.943207,19.170601],[79.920166,19.22641],[79.973053,19.40102],[79.940208,19.46451],[79.785423,19.59359],[79.639717,19.575001],[79.598053,19.503771],[79.542656,19.548523],[79.470421,19.497452],[79.243866,19.612553],[79.222939,19.467791],[79.177788,19.460691],[79.102867,19.52795],[78.954552,19.55183],[78.968956,19.649233],[78.858803,19.656311],[78.845627,19.75835],[78.716446,19.7668],[78.603653,19.817501],[78.526268,19.821659],[78.493919,19.79315],[78.319511,19.915468],[78.294128,19.84955],[78.338997,19.83918],[78.367737,19.78108],[78.345276,19.71357],[78.269722,19.66313],[78.310989,19.604179],[78.279106,19.558201],[78.308891,19.456409],[78.182167,19.41177],[78.170059,19.23633],[78.051132,19.24176],[77.948921,19.34128],[77.860878,19.30213],[77.905708,19.26722],[77.867386,19.25526],[77.84655,19.19698],[77.848137,19.09008],[77.80265,19.101961],[77.79718,19.05131],[77.761688,19.06204],[77.757393,19.028551],[77.767357,18.981421],[77.853729,18.952278],[77.8405,18.911301],[77.881577,18.908531],[77.942551,18.82229],[77.837463,18.807461],[77.786438,18.68412],[77.757629,18.70709],[77.732857,18.676001],[77.736511,18.55481],[77.65757,18.527201],[77.648811,18.55262],[77.597267,18.547541],[77.601067,18.474211],[77.546196,18.463383],[77.585213,18.44545],[77.52594,18.427351],[77.555206,18.417852],[77.519501,18.349253],[77.566917,18.317949],[77.549957,18.291349],[77.60302,18.278],[77.564308,18.20055],[77.600563,18.0994],[77.545746,18.053761],[77.653397,17.969353],[77.616577,17.902868],[77.585167,17.90823],[77.596687,17.870451],[77.51088,17.801441],[77.562027,17.74711],[77.450348,17.691299],[77.439926,17.58147],[77.501617,17.54088],[77.52742,17.573221],[77.589828,17.562759],[77.591728,17.532681],[77.685623,17.50565],[77.684013,17.472851],[77.652763,17.50325],[77.610611,17.444233],[77.510147,17.427259],[77.528023,17.37211],[77.451599,17.370491],[77.454506,17.27589],[77.380356,17.21977],[77.398811,17.208778],[77.359993,17.161621],[77.462639,17.104071],[77.49939,17.00732],[77.4534,16.909033],[77.471138,16.779131],[77.437538,16.783211],[77.423416,16.714531],[77.466797,16.711941],[77.465042,16.678282],[77.416573,16.662811],[77.469391,16.646912],[77.464172,16.584209],[77.391441,16.565201],[77.415321,16.51783],[77.366287,16.48411],[77.235176,16.468081],[77.342949,16.379721],[77.494492,16.37579],[77.591606,16.337511],[77.592278,16.29011],[77.487556,16.249821],[77.511169,16.21719],[77.483627,16.15855],[77.509453,15.92086],[77.180626,15.950063],[77.076797,15.90974],[77.02227,15.83178],[77.063889,15.82317],[77.047089,15.725012],[77.124977,15.659051],[77.116203,15.62511],[77.081436,15.652841],[77.029282,15.633839],[77.026596,15.49999],[76.97039,15.490922],[77.027397,15.435181],[77.061577,15.32186],[77.109688,15.327282],[77.164146,15.25907],[77.120903,15.221241],[77.1632,15.161331],[77.078819,15.00001],[77.041008,15.005482],[77.046883,15.029212],[76.876701,15.028679],[76.796936,15.09076],[76.774223,15.071381],[76.763771,14.96987],[76.864456,14.96402],[76.865479,14.9376],[76.84874,14.804031],[76.78035,14.779262],[76.798073,14.734591],[76.760178,14.602011],[76.870201,14.46844],[76.973396,14.478281],[76.941566,14.399542],[76.883141,14.390291],[76.879097,14.34639],[76.950111,14.294029],[76.924858,14.272181],[76.943466,14.23631],[77.10508,14.213282],[77.152153,14.337741],[77.231956,14.31107],[77.281143,14.331111],[77.279587,14.27609],[77.359261,14.26933],[77.383789,14.191821],[77.415703,14.211962],[77.385658,14.32487],[77.499367,14.26051],[77.500443,14.150961],[77.409721,14.16972],[77.347733,14.124341],[77.344536,14.096011],[77.395447,14.103441],[77.326187,14.02294],[77.383362,14.007359],[77.375656,13.969111],[77.430641,13.96878],[77.397057,13.880541],[77.348343,13.896541],[77.353783,13.982321],[77.313492,14.02482],[77.147339,13.991622],[77.121101,14.04218],[77.023697,14.053259],[77.019829,14.172702],[76.941643,14.189312],[76.891426,14.158999],[76.883682,14.131032],[76.926979,14.12721],[76.975006,14.06527],[76.931099,14.022732],[77.035843,13.925591],[76.968391,13.81439],[76.993927,13.74151],[77.026367,13.771441],[77.060043,13.738861],[77.16658,13.754669],[77.162247,13.820741],[77.123886,13.84939],[77.162491,13.85698],[77.177032,13.9174],[77.178802,13.85984],[77.233841,13.894932],[77.250443,13.839471],[77.42453,13.83513],[77.408661,13.799252],[77.457451,13.79705],[77.444817,13.695761],[77.476486,13.6776],[77.487343,13.706792],[77.521523,13.68787],[77.519669,13.74385],[77.556076,13.71646],[77.595596,13.743579],[77.621246,13.727402],[77.610466,13.75544],[77.649086,13.77584],[77.708748,13.732739],[77.71286,13.79052],[77.827721,13.86062],[77.818291,13.934881],[77.886986,13.931182],[77.911606,13.897241],[77.966431,13.950552],[77.978027,13.89335],[77.942467,13.880231],[77.94458,13.819971],[77.985161,13.86167],[78.037827,13.85285],[78.041153,13.886729],[78.113533,13.840891],[78.118233,13.7769],[78.084923,13.733492],[78.105377,13.684401],[78.058342,13.66697],[78.080727,13.635341],[78.155762,13.64871],[78.193939,13.616159],[78.183273,13.55638],[78.227692,13.587221],[78.390762,13.5781],[78.355156,13.355071],[78.397377,13.332332],[78.366997,13.32004],[78.471748,13.30792],[78.520798,13.255591],[78.555656,13.29943],[78.577469,13.26205],[78.540947,13.187251],[78.569077,13.156483],[78.508751,13.11959],[78.527962,13.09736],[78.504578,13.052762],[78.451576,13.031532],[78.457901,12.963242],[78.422653,12.9686],[78.454239,12.853162],[78.435829,12.90067],[78.378342,12.895191],[78.345428,12.928061],[78.303101,12.8472],[78.241096,12.847421],[78.22065,12.75259],[78.227226,12.715172],[78.18985,12.68131],[78.264427,12.69184],[78.36834,12.61184],[78.454781,12.61202],[78.457657,12.66225],[78.509811,12.69878],[78.484352,12.734781],[78.547676,12.685591],[78.545547,12.743911],[78.646713,12.91902],[78.613663,12.97889],[78.651108,13.017932],[78.693756,13.004392],[78.702446,13.056151],[78.876038,13.08616],[78.88192,13.019762],[78.924637,13.018641],[78.893463,13.035092],[78.914383,13.067761],[78.979591,13.07651],[79.069069,13.014151],[79.152702,13.007293],[79.218323,13.135551],[79.26741,13.141201],[79.307938,13.096911],[79.354576,13.129771],[79.347771,13.163019],[79.42379,13.187461],[79.445503,13.216771],[79.410843,13.212162],[79.425026,13.281341],[79.374603,13.30304],[79.428879,13.323562],[79.535782,13.31107],[79.580261,13.245371],[79.668533,13.281931],[79.688751,13.20741],[79.722832,13.221851],[79.744377,13.194911],[79.784897,13.22348],[79.721291,13.27224],[79.925507,13.33594],[79.961861,13.45128],[80.036041,13.48448],[79.994133,13.5296],[80.069443,13.537591],[80.1521,13.47888],[80.230331,13.47685],[80.27597,13.389142],[80.312126,13.369381],[80.312996,13.427916],[80.268471,13.417362],[80.280975,13.438195],[80.236526,13.487922],[80.115417,13.507641],[80.050957,13.588192],[80.106796,13.70931],[80.108749,13.64208],[80.126236,13.611531],[80.138474,13.612916],[80.147636,13.659584],[80.12986,13.723751],[80.147087,13.724311],[80.31514,13.433751],[80.236252,13.63986],[80.244858,13.819584],[80.122086,14.114584],[80.199028,14.587083],[80.093201,14.810142],[80.059303,14.81986],[80.088753,14.811532],[80.04792,15.07735],[80.081253,15.185971],[80.045967,15.209309],[80.078194,15.189027],[80.08847,15.21931],[80.079865,15.315973],[80.200691,15.465416],[80.270416,15.673196],[80.430969,15.8057],[80.686813,15.882641],[80.80542,15.84264],[80.813469,15.739582],[80.780693,15.78042],[80.822083,15.712916],[80.966805,15.731806],[81.012085,15.770139],[81.004303,15.84042],[81.145691,15.97375],[81.230972,16.23514],[81.392639,16.342083],[81.37986,16.359859],[81.345703,16.33069],[81.365135,16.359859],[81.382919,16.361811],[81.405418,16.343748],[81.54097,16.359032],[81.720413,16.310141],[82.30986,16.56764],[82.267914,16.564028],[82.299576,16.59181],[82.259865,16.586805],[82.292358,16.608749],[82.256531,16.642639],[82.257637,16.690113],[82.174637,16.725109],[82.217682,16.75169],[82.220421,16.718309],[82.293701,16.74304],[82.299515,16.714333]]]]},"properties":{"ID_0":105,"ISO":"IND","NAME_0":"India","ID_1":2,"NAME_1":"Andhra Pradesh","NL_NAME_1":"","VARNAME_1":"","TYPE_1":"State","ENGTYPE_1":"State","filename":"","filename_1":"","filename_2":"","filename_3":"","filename_4":""}},
{"type":"Feature","geometry":{"type":"Polygon","coordinates":[[[95.237633,26.686291],[95.302582,26.656021],[95.428856,26.700041],[95.532776,26.831209],[95.611519,26.821213],[95.673363,26.910221],[95.730812,26.887491],[95.807938,27.020451],[95.936249,27.052992],[96.03643,27.196051],[96.234329,27.28488],[96.470749,27.312462],[96.522331,27.29397],[96.612541,27.36937],[96.712547,27.38073],[96.802361,27.354431],[96.885101,27.26796],[96.875633,27.19356],[97.071518,27.109171],[97.146431,27.10284],[97.171738,27.13681],[96.91185,27.462709],[96.937683,27.53006],[96.897583,27.620802],[97.028572,27.749121],[97.09642,27.749929],[97.102463,27.793421],[97.256477,27.909531],[97.308708,27.92996],[97.321167,27.889511],[97.389023,27.896379],[97.378067,27.986151],[97.415161,28.02408],[97.37352,28.070238],[97.307747,28.077101],[97.330803,28.162971],[97.400566,28.2005],[97.282066,28.27626],[97.17392,28.299061],[97.092567,28.369692],[96.996498,28.316231],[96.898666,28.3859],[96.774376,28.374071],[96.751053,28.421713],[96.664566,28.465771],[96.458267,28.419222],[96.399406,28.3445],[96.370941,28.3943],[96.263771,28.41338],[96.372963,28.48704],[96.325676,28.53401],[96.494057,28.638191],[96.47274,28.68821],[96.585938,28.721588],[96.615997,28.77858],[96.537453,28.884121],[96.518829,28.970989],[96.477402,28.99404],[96.5252,29.079281],[96.346703,29.032269],[96.166527,28.90593],[96.145248,28.937489],[96.184853,28.988119],[96.114502,29.077602],[96.260201,29.16016],[96.346359,29.17103],[96.392807,29.2565],[96.363152,29.285631],[96.243568,29.235123],[96.080536,29.463345],[95.957108,29.382668],[95.880852,29.391491],[95.796486,29.33633],[95.777626,29.3564],[95.638023,29.24984],[95.598732,29.261862],[95.5858,29.217993],[95.53772,29.214001],[95.546806,29.128651],[95.49633,29.14031],[95.447426,29.036013],[95.266556,29.05765],[95.250763,29.10988],[95.121758,29.116251],[94.997498,29.173012],[95.022797,29.130621],[94.871803,29.18429],[94.797989,29.16461],[94.777382,29.241119],[94.628159,29.348591],[94.557899,29.22891],[94.431183,29.226822],[94.356926,29.15259],[94.287727,29.148149],[94.214691,29.084089],[94.155136,28.954762],[93.994911,28.84137],[94.001427,28.775539],[93.926132,28.671801],[93.84404,28.70739],[93.775177,28.668518],[93.731567,28.68928],[93.533836,28.65885],[93.491119,28.683962],[93.474197,28.65365],[93.445671,28.676041],[93.336906,28.64016],[93.275917,28.504829],[93.182663,28.439991],[93.231522,28.400711],[93.218979,28.333731],[93.023666,28.3032],[93.000359,28.230791],[92.964523,28.26181],[92.895256,28.204611],[92.826469,28.172035],[92.799637,28.20223],[92.686989,28.125799],[92.662933,28.062771],[92.739487,27.98941],[92.554253,27.818298],[92.501328,27.841501],[92.454933,27.803263],[92.40686,27.822088],[92.307388,27.77924],[92.264023,27.857931],[92.210396,27.85899],[92.055397,27.75913],[91.983856,27.769991],[91.918762,27.715101],[91.860527,27.736933],[91.824211,27.81035],[91.709572,27.81329],[91.661957,27.85824],[91.543892,27.855555],[91.639595,27.7652],[91.557739,27.633467],[91.56678,27.575041],[91.647408,27.48473],[91.690086,27.50275],[91.720016,27.47036],[91.939377,27.46063],[92.018761,27.479746],[92.058792,27.3272],[92.120613,27.287571],[92.039597,27.266672],[92.069649,27.22364],[92.023376,27.162334],[92.033745,27.064816],[92.103287,27.00775],[92.107887,26.89382],[92.585213,26.961863],[92.645462,26.98745],[92.658928,27.038521],[92.872437,27.0077],[93.019371,26.91683],[93.675781,26.971071],[93.7724,27.062302],[93.835022,27.074991],[93.798241,27.137161],[93.95652,27.29476],[94.157211,27.478048],[94.259056,27.5226],[94.211113,27.610842],[94.252228,27.64093],[94.276031,27.593349],[94.367493,27.57675],[94.431038,27.603081],[94.45974,27.557711],[94.839386,27.703541],[94.860863,27.739479],[95.316559,27.87113],[95.384338,27.842022],[95.515953,27.881788],[95.606743,27.957769],[95.977463,27.9685],[95.758217,27.73111],[95.796471,27.688061],[95.787117,27.623409],[95.881332,27.55323],[95.849342,27.430321],[95.888657,27.444071],[95.893059,27.40604],[95.916847,27.443159],[95.977783,27.435499],[96.018356,27.367901],[95.893967,27.263012],[95.80629,27.29174],[95.590088,27.229521],[95.516182,27.268631],[95.459709,27.21343],[95.457787,27.135641],[95.348602,27.104761],[95.24823,27.030252],[95.195518,27.04295],[95.233856,26.890841],[95.184502,26.86483],[95.244919,26.787331],[95.216141,26.735319],[95.237633,26.686291]]]},"properties":{"ID_0":105,"ISO":"IND","NAME_0":"India","ID_1":3,"NAME_1":"Arunachal Pradesh","NL_NAME_1":"","VARNAME_1":"Agence de la Frontire du Nord-Est(French-obsolete)|North East Frontier Agency","TYPE_1":"State","ENGTYPE_1":"State","filename":"","filename_1":"","filename_2":"","filename_3":"","filename_4":""}},
{"type":"Feature","geometry":{"type":"Polygon","coordinates":[[[95.195518,27.04295],[95.24823,27.030252],[95.348602,27.104761],[95.457787,27.135641],[95.459709,27.21343],[95.516182,27.268631],[95.590088,27.229521],[95.80629,27.29174],[95.893967,27.263012],[96.018356,27.367901],[95.977783,27.435499],[95.916847,27.443159],[95.893059,27.40604],[95.888657,27.444071],[95.849342,27.430321],[95.881332,27.55323],[95.787117,27.623409],[95.796471,27.688061],[95.758217,27.73111],[95.977463,27.9685],[95.606743,27.957769],[95.515953,27.881788],[95.384338,27.842022],[95.316559,27.87113],[94.860863,27.739479],[94.839386,27.703541],[94.45974,27.557711],[94.431038,27.603081],[94.367493,27.57675],[94.276031,27.593349],[94.252228,27.64093],[94.211113,27.610842],[94.259056,27.5226],[94.157211,27.478048],[93.95652,27.29476],[93.798241,27.137161],[93.835022,27.074991],[93.7724,27.062302],[93.675781,26.971071],[93.019371,26.91683],[92.872437,27.0077],[92.658928,27.038521],[92.645462,26.98745],[92.585213,26.961863],[92.107887,26.89382],[92.045517,26.847542],[91.85778,26.914028],[91.801971,26.85206],[91.687248,26.805094],[91.623802,26.821323],[91.492767,26.789764],[91.408348,26.835562],[91.336319,26.779652],[91.096596,26.819803],[91.053978,26.779472],[90.723022,26.76755],[90.559937,26.801018],[90.422096,26.898148],[90.364021,26.89805],[90.311699,26.850851],[90.214821,26.853701],[90.188721,26.770573],[90.055237,26.72933],[89.862389,26.737003],[89.856941,26.703781],[89.870621,26.45989],[89.827278,26.396473],[89.857292,26.38446],[89.782013,26.353279],[89.758659,26.28933],[89.717827,26.3057],[89.737457,26.271101],[89.704811,26.269901],[89.728767,26.238201],[89.697227,26.21723],[89.732033,26.21229],[89.694839,26.189072],[89.718758,26.166048],[89.797539,26.086161],[89.791557,26.017651],[89.813072,26.041971],[89.82296,25.984909],[89.839577,26.01046],[89.875397,25.97611],[89.828201,25.94356],[89.890358,25.940229],[89.814529,25.81698],[89.885208,25.629829],[89.870102,25.544222],[90.017296,25.602192],[89.892616,25.735001],[89.955246,25.77446],[89.94458,25.824478],[90.008316,25.84683],[90.004738,25.878681],[90.118652,25.96126],[90.18251,25.94445],[90.36499,26.010321],[90.428627,25.98904],[90.477287,26.015261],[90.534462,25.958021],[90.512543,25.89624],[90.582458,25.959791],[90.629013,25.937429],[90.624809,25.898899],[90.686043,25.950809],[90.747437,25.957321],[90.74054,25.915211],[90.778061,25.908291],[90.809891,25.95216],[90.88298,25.95175],[90.919113,25.913311],[90.942749,25.947571],[90.967453,25.88718],[91.029221,25.888048],[91.000786,25.82225],[91.19648,25.859011],[91.179932,25.77632],[91.223877,25.723419],[91.275627,25.746941],[91.333557,25.83884],[91.525406,25.87289],[91.474762,25.871231],[91.575836,26.03311],[91.632156,26.022409],[91.611153,25.93992],[91.669312,25.90539],[91.720177,25.954071],[91.731262,26.05921],[91.819313,26.11874],[91.875786,26.097731],[91.870163,26.052191],[91.922096,25.999531],[91.991066,26.041033],[92.297318,26.079149],[92.156319,25.944799],[92.163696,25.911791],[92.225479,25.907049],[92.153107,25.81275],[92.160698,25.67186],[92.385101,25.753563],[92.501709,25.622931],[92.557617,25.611988],[92.572502,25.560421],[92.653458,25.59218],[92.644699,25.537441],[92.567413,25.46747],[92.59816,25.471651],[92.609093,25.416571],[92.654282,25.435341],[92.78437,25.332539],[92.764648,25.24935],[92.80442,25.21933],[92.666908,25.177061],[92.621643,25.117701],[92.524666,25.14003],[92.542946,25.0996],[92.484299,25.108061],[92.463257,25.037128],[92.425903,25.03182],[92.428497,24.97258],[92.489273,24.954359],[92.491798,24.874022],[92.391472,24.849941],[92.298378,24.92005],[92.240517,24.899191],[92.298271,24.736551],[92.250908,24.657089],[92.230995,24.504091],[92.272499,24.379351],[92.212852,24.24931],[92.296608,24.25173],[92.422379,24.253111],[92.436569,24.15243],[92.480873,24.141321],[92.531517,24.17742],[92.550636,24.245899],[92.611588,24.253349],[92.624283,24.332651],[92.690666,24.354801],[92.765198,24.520849],[92.828987,24.377769],[92.911537,24.412901],[93.000496,24.403271],[93.039169,24.411131],[93.061119,24.574833],[93.106979,24.583561],[93.075417,24.59623],[93.104706,24.675343],[93.075867,24.71039],[93.109787,24.80974],[93.152946,24.78978],[93.197357,24.81126],[93.262413,24.95137],[93.24884,25.018801],[93.335777,25.09584],[93.388718,25.24592],[93.474022,25.30928],[93.461868,25.434698],[93.331741,25.54681],[93.705482,25.848631],[93.687683,25.909441],[93.773018,25.966021],[93.795761,25.81435],[93.979393,25.91968],[93.954887,26.00733],[94.004807,26.173271],[94.108047,26.326401],[94.175507,26.344219],[94.186546,26.46051],[94.276741,26.55884],[94.316513,26.462931],[94.399452,26.53232],[94.407867,26.61433],[94.462502,26.63546],[94.467941,26.669821],[94.545059,26.710901],[94.574692,26.691021],[94.604149,26.739281],[94.686607,26.73259],[94.802208,26.806061],[94.886223,26.932461],[94.928162,26.952101],[95.021347,26.9254],[95.195518,27.04295]]]},"properties":{"ID_0":105,"ISO":"IND","NAME_0":"India","ID_1":4,"NAME_1":"Assam","NL_NAME_1":"","VARNAME_1":"","TYPE_1":"State","ENGTYPE_1":"State","filename":"","filename_1":"","filename_2":"","filename_3":"","filename_4":""}},
{"type":"Feature","geometry":{"type":"Polygon","coordinates":[[[88.106148,26.535624],[88.097404,26.437443],[88.032555,26.364632],[87.929306,26.417948],[87.890633,26.48642],[87.851219,26.436214],[87.792213,26.468916],[87.76886,26.412096],[87.680237,26.435095],[87.608414,26.380602],[87.469093,26.440065],[87.371292,26.407755],[87.343414,26.347515],[87.268387,26.373611],[87.258705,26.41086],[87.165016,26.403816],[87.093918,26.450016],[87.07428,26.585466],[87.017715,26.531815],[86.935097,26.516493],[86.896416,26.461716],[86.8358,26.438698],[86.7677,26.458458],[86.733521,26.422045],[86.54422,26.538115],[86.33004,26.619154],[86.219612,26.58811],[86.030739,26.666422],[85.852119,26.568415],[85.853317,26.609516],[85.734619,26.654316],[85.736717,26.795616],[85.636688,26.871902],[85.336319,26.741415],[85.216148,26.757923],[85.179115,26.811914],[85.197708,26.866594],[85.024445,26.855433],[85.062416,26.886705],[84.969826,26.916033],[84.964485,26.960276],[84.831886,27.019304],[84.795723,26.995569],[84.644852,27.047197],[84.693062,27.214802],[84.622017,27.338207],[84.293411,27.385042],[84.256248,27.4519],[84.21064,27.442333],[84.153015,27.516615],[84.110718,27.521515],[84.054184,27.442581],[83.870247,27.428507],[83.908409,27.384296],[83.858505,27.350962],[83.828957,27.32276],[83.916687,27.325331],[83.897957,27.25943],[83.978783,27.200439],[83.939423,27.092993],[84.020721,27.095482],[83.990761,27.06859],[84.040817,27.04468],[84.024902,26.94272],[84.052002,26.891701],[84.140839,26.887581],[84.131653,26.85569],[84.168922,26.834518],[84.241096,26.862431],[84.233986,26.739531],[84.298027,26.753271],[84.325661,26.684258],[84.402237,26.671223],[84.414398,26.627171],[84.272217,26.599361],[84.081779,26.64286],[84.04776,26.543489],[83.902206,26.51808],[83.902283,26.450251],[84.010986,26.44846],[84.072006,26.38447],[84.171356,26.37398],[84.159348,26.245901],[84.112953,26.261921],[84.079369,26.22121],[84.01152,26.240683],[84.018143,26.145121],[84.167267,26.025471],[84.166229,25.991501],[84.296333,25.946989],[84.351387,25.959341],[84.423317,25.892422],[84.528641,25.877741],[84.526978,25.83433],[84.620216,25.79409],[84.600533,25.76063],[84.6306,25.72834],[84.555626,25.736408],[84.55233,25.684031],[84.535866,25.72649],[84.52459,25.684351],[84.488388,25.677851],[84.448776,25.714491],[84.401878,25.699501],[84.380013,25.74869],[84.331291,25.744572],[84.318588,25.67194],[84.285576,25.66153],[84.202911,25.66964],[84.148232,25.730961],[84.094391,25.720381],[84.076508,25.637531],[83.917053,25.558491],[83.810226,25.465919],[83.838371,25.43689],[83.761932,25.387911],[83.69458,25.396099],[83.622383,25.329521],[83.539467,25.31765],[83.349609,25.19894],[83.318176,25.017321],[83.343872,25.010483],[83.386803,24.78422],[83.479843,24.737831],[83.49752,24.651661],[83.541412,24.626181],[83.498169,24.52706],[83.71669,24.50495],[83.868042,24.532881],[83.933006,24.551743],[83.99221,24.638033],[84.046738,24.612289],[84.109779,24.4814],[84.146057,24.5403],[84.17926,24.51042],[84.188301,24.555321],[84.257141,24.53075],[84.292976,24.56599],[84.326347,24.50272],[84.293213,24.450823],[84.493538,24.287041],[84.521523,24.376261],[84.572479,24.41234],[84.658257,24.393742],[84.678917,24.456343],[84.795326,24.529491],[84.832626,24.51148],[84.834396,24.45252],[84.880173,24.462801],[84.898033,24.372129],[84.968567,24.37595],[85.076157,24.439871],[85.089417,24.3792],[85.16938,24.42947],[85.150673,24.46287],[85.281967,24.4972],[85.282516,24.52669],[85.486481,24.550751],[85.518303,24.524549],[85.576576,24.60301],[85.664703,24.58193],[85.649529,24.68704],[85.696663,24.713472],[85.73674,24.822651],[85.877777,24.800291],[85.950302,24.732119],[86.050583,24.779541],[86.03907,24.74132],[86.086578,24.746321],[86.124443,24.70516],[86.133293,24.60354],[86.322861,24.584091],[86.279137,24.462002],[86.452209,24.368629],[86.505722,24.5177],[86.602921,24.605068],[86.668396,24.56064],[86.777122,24.619761],[86.800293,24.564602],[86.911179,24.538679],[86.930092,24.64282],[87.050468,24.60677],[87.078568,24.82225],[87.158119,24.885632],[87.146767,25.024311],[87.211357,25.0896],[87.291107,25.08927],[87.323456,25.223091],[87.47216,25.19467],[87.481506,25.295172],[87.539749,25.281618],[87.58007,25.348391],[87.60688,25.31138],[87.684151,25.310131],[87.707787,25.256409],[87.78331,25.246178],[87.787582,25.22049],[87.836647,25.199261],[87.822777,25.234341],[87.856522,25.277773],[87.783981,25.33243],[87.759102,25.405041],[87.781326,25.444651],[87.863472,25.465389],[87.879219,25.51597],[87.926048,25.536213],[88.02755,25.486141],[88.070412,25.480501],[88.072853,25.503901],[88.021027,25.586922],[88.04863,25.690571],[87.898468,25.76976],[87.910507,25.81481],[87.8834,25.828609],[87.910912,25.851749],[87.822838,25.871468],[87.803757,25.912149],[87.842117,26.044481],[87.912933,26.090973],[87.968132,26.081362],[87.964058,26.151979],[88.013069,26.140871],[88.069832,26.175718],[88.291916,26.35391],[88.23761,26.375378],[88.267906,26.421753],[88.179039,26.49058],[88.231201,26.551983],[88.145393,26.510971],[88.106148,26.535624]]]},"properties":{"ID_0":105,"ISO":"IND","NAME_0":"India","ID_1":5,"NAME_1":"Bihar","NL_NAME_1":"","VARNAME_1":"","TYPE_1":"State","ENGTYPE_1":"State","filename":"","filename_1":"","filename_2":"","filename_3":"","filename_4":""}},
{"type":"Feature","geometry":{"type":"Polygon","coordinates":[[[76.819809,30.685829],[76.828186,30.76379],[76.759338,30.79904],[76.690628,30.76008],[76.726303,30.69591],[76.819809,30.685829]]]},"properties":{"ID_0":105,"ISO":"IND","NAME_0":"India","ID_1":6,"NAME_1":"Chandigarh","NL_NAME_1":"","VARNAME_1":"","TYPE_1":"Union Territor","ENGTYPE_1":"Union Territory","filename":"","filename_1":"","filename_2":"","filename_3":"","filename_4":""}},
{"type":"Feature","geometry":{"type":"Polygon","coordinates":[[[84.002502,22.520861],[84.005051,22.569563],[84.080391,22.636551],[84.220612,22.668911],[84.225357,22.735161],[84.285286,22.763371],[84.32946,22.85955],[84.369888,22.8645],[84.389053,22.93874],[84.370537,22.975071],[84.217056,22.976473],[84.189926,23.02372],[84.148003,22.963869],[84.129379,23.081541],[84.033676,23.138441],[84.070251,23.32999],[84.043388,23.37401],[84.006531,23.3528],[83.965828,23.38121],[84.022667,23.544241],[84.007027,23.632311],[83.937889,23.622431],[83.935257,23.56304],[83.774887,23.599501],[83.714729,23.682541],[83.729401,23.75473],[83.695389,23.820669],[83.561211,23.862951],[83.506706,24.02824],[83.447586,24.04248],[83.425369,24.083761],[83.323563,24.10133],[83.189568,23.921101],[83.086601,23.878172],[82.93882,23.87587],[82.807777,23.963058],[82.656517,23.907862],[82.652023,23.856501],[82.527351,23.82408],[82.544518,23.794189],[82.516197,23.784231],[82.460022,23.811399],[82.226143,23.806932],[82.203888,23.852991],[82.162407,23.81996],[82.045403,23.820589],[82.000732,23.86314],[81.916443,23.87299],[81.782661,23.81184],[81.719063,23.840429],[81.661598,23.925598],[81.610512,23.906973],[81.598442,23.85368],[81.687286,23.72135],[81.569733,23.58865],[81.607048,23.506889],[81.628227,23.49037],[81.736031,23.56743],[81.827179,23.51129],[81.916359,23.532091],[81.97612,23.413111],[82.015976,23.42351],[82.045738,23.377871],[82.09848,23.397701],[82.110901,23.355841],[82.18586,23.32539],[82.142487,23.227701],[82.151077,23.141741],[82.115883,23.1038],[81.938103,23.07781],[81.940247,22.95709],[81.856346,22.89086],[81.769402,22.873508],[81.762726,22.663589],[81.74054,22.648069],[81.722946,22.67621],[81.656548,22.632002],[81.615791,22.539021],[81.519066,22.539982],[81.396553,22.44132],[81.378738,22.505301],[81.322937,22.52433],[81.303963,22.48175],[81.275467,22.499441],[81.218391,22.451651],[81.180046,22.49015],[81.109993,22.44112],[81.113846,22.29438],[81.084679,22.24675],[81.019447,22.229191],[81.015793,22.13271],[80.971756,22.121481],[81.004272,22.070021],[80.978851,22.048311],[80.950523,22.11301],[80.90609,22.114441],[80.845772,21.960899],[80.818443,21.956791],[80.841171,21.856453],[80.811203,21.747492],[80.742973,21.757961],[80.726326,21.73103],[80.730217,21.472052],[80.656532,21.330772],[80.672951,21.298288],[80.635307,21.250139],[80.457298,21.17284],[80.433319,21.097151],[80.455559,20.93211],[80.54184,20.93392],[80.545532,20.765369],[80.580116,20.683641],[80.481598,20.6171],[80.511902,20.585119],[80.622322,20.603863],[80.586021,20.395611],[80.617767,20.333681],[80.510826,20.269611],[80.382957,20.24172],[80.413986,20.190231],[80.393837,20.14402],[80.498032,20.13892],[80.546158,20.06571],[80.520378,19.93088],[80.443703,19.952671],[80.406296,19.932501],[80.407677,19.905903],[80.482651,19.898899],[80.49752,19.86875],[80.394707,19.794579],[80.478088,19.772409],[80.469162,19.824661],[80.542427,19.819271],[80.539673,19.774599],[80.66584,19.692211],[80.656853,19.612261],[80.827606,19.562672],[80.892067,19.465681],[80.787933,19.426701],[80.845009,19.36091],[80.749237,19.286741],[80.688606,19.283489],[80.67189,19.326448],[80.610153,19.30714],[80.567818,19.400921],[80.383347,19.23914],[80.386673,19.18902],[80.324852,19.141533],[80.267723,18.987329],[80.267639,18.928789],[80.348503,18.82394],[80.242157,18.759748],[80.26754,18.71797],[80.338791,18.588209],[80.488388,18.62672],[80.72654,18.408991],[80.744621,18.302181],[80.788277,18.249781],[80.733269,18.21879],[80.734558,18.171713],[80.797928,18.1663],[80.82959,18.234119],[80.867493,18.207258],[80.862022,18.132669],[80.973679,18.16815],[80.943993,18.08102],[81.032448,17.78973],[81.073601,17.786291],[81.159569,17.852631],[81.254036,17.81213],[81.384972,17.806593],[81.393829,17.885139],[81.437256,17.875938],[81.47731,17.97002],[81.527962,18.259081],[81.658669,18.311098],[81.658096,18.339291],[81.744911,18.34535],[81.7621,18.41131],[81.857941,18.51306],[81.9086,18.564228],[81.946907,18.559151],[81.954529,18.58671],[81.885376,18.65033],[81.947441,18.62882],[81.967682,18.690613],[82.078583,18.712082],[82.081413,18.755871],[82.161148,18.79096],[82.172729,18.895288],[82.239563,18.91046],[82.194092,19.060221],[82.212112,19.090549],[82.159782,19.12648],[82.151726,19.265463],[82.183167,19.3197],[82.140831,19.361919],[82.18306,19.41761],[82.119308,19.423901],[82.092079,19.50984],[82.022392,19.501802],[82.05983,19.783098],[81.980148,19.79578],[81.960373,19.854738],[81.849632,19.908051],[81.866539,20.036039],[81.941353,20.102251],[82.024406,20.01004],[82.057899,20.04987],[82.178467,19.978083],[82.230629,19.998081],[82.339447,19.829962],[82.44239,19.902983],[82.593498,19.86454],[82.58506,19.771049],[82.645737,19.825371],[82.702713,19.831039],[82.707489,19.990219],[82.598366,19.98564],[82.390862,20.059589],[82.378929,20.14463],[82.42923,20.282963],[82.393776,20.335522],[82.429169,20.425753],[82.324013,20.553881],[82.368233,20.62406],[82.335129,20.758518],[82.346619,20.883848],[82.459053,20.823841],[82.485672,20.903511],[82.622307,21.03657],[82.635941,21.14945],[82.788849,21.139273],[82.95607,21.175489],[83.119843,21.101061],[83.190102,21.135529],[83.218353,21.26012],[83.274559,21.285671],[83.27002,21.375038],[83.402657,21.348431],[83.334633,21.49555],[83.380722,21.612751],[83.441231,21.649273],[83.452759,21.60519],[83.484543,21.625563],[83.419746,21.67502],[83.484131,21.741552],[83.467178,21.78274],[83.490913,21.814541],[83.536568,21.79393],[83.531242,21.8319],[83.584473,21.843601],[83.600479,21.910841],[83.535172,21.963501],[83.538368,22.05538],[83.600319,22.06551],[83.559166,22.103861],[83.645752,22.224588],[83.7528,22.242861],[83.861008,22.343781],[84.004211,22.367661],[84.041557,22.464109],[83.976097,22.502211],[84.002502,22.520861]]]},"properties":{"ID_0":105,"ISO":"IND","NAME_0":"India","ID_1":7,"NAME_1":"Chhattisgarh","NL_NAME_1":"","VARNAME_1":"","TYPE_1":"State","ENGTYPE_1":"State","filename":"","filename_1":"","filename_2":"","filename_3":"","filename_4":""}},
{"type":"Feature","geometry":{"type":"Polygon","coordinates":[[[73.216316,20.122],[73.196098,20.156113],[73.229156,20.184299],[73.180176,20.208609],[73.142181,20.20439],[73.128029,20.15712],[73.072449,20.16345],[73.076859,20.229801],[73.179543,20.289862],[73.1614,20.31719],[73.112869,20.304941],[73.107376,20.36071],[73.044167,20.291113],[73.019836,20.317398],[72.984093,20.271681],[72.924591,20.27866],[72.970428,20.21233],[72.973228,20.1308],[73.017479,20.134958],[73.052811,20.067671],[73.060638,20.09906],[73.185867,20.0529],[73.216316,20.122]]]},"properties":{"ID_0":105,"ISO":"IND","NAME_0":"India","ID_1":8,"NAME_1":"Dadra and Nagar Haveli","NL_NAME_1":"","VARNAME_1":"DAdra et Nagar Haveli|Dadra e Nagar Haveli","TYPE_1":"Union Territor","ENGTYPE_1":"Union Territory","filename":"","filename_1":"","filename_2":"","filename_3":"","filename_4":""}},
{"type":"Feature","geometry":{"type":"MultiPolygon","coordinates":[[[[72.860138,20.470961],[72.830406,20.44042],[72.821533,20.37108],[72.845078,20.40712],[72.875526,20.38105],[72.837059,20.422331],[72.860138,20.470961]]],[[[70.962639,20.729382],[70.892082,20.708191],[70.99736,20.71347],[70.962639,20.729382]]],[[[70.854416,20.753471],[70.896179,20.824793],[70.816963,20.8512],[70.900238,20.8857],[70.886986,20.94521],[70.741661,20.990101],[70.673752,20.763472],[70.803749,20.700695],[70.816528,20.71903],[70.822357,20.690969],[70.870407,20.718719],[70.840347,20.728451],[70.854561,20.752083],[70.854416,20.753471]]]]},"properties":{"ID_0":105,"ISO":"IND","NAME_0":"India","ID_1":9,"NAME_1":"Daman and Diu","NL_NAME_1":"","VARNAME_1":"","TYPE_1":"Union Territor","ENGTYPE_1":"Union Territory","filename":"","filename_1":"","filename_2":"","filename_3":"","filename_4":""}},
{"type":"Feature","geometry":{"type":"Polygon","coordinates":[[[77.337738,28.50897],[77.2938,28.56673],[77.336182,28.60887],[77.323486,28.715872],[77.284897,28.71246],[77.196922,28.79528],[77.217323,28.835279],[77.186867,28.866819],[77.139198,28.841669],[77.075851,28.884512],[77.03154,28.83679],[76.942307,28.820681],[76.933907,28.63765],[76.877937,28.63763],[76.837616,28.55699],[76.879372,28.50905],[77.005547,28.514441],[77.006096,28.54278],[77.072479,28.520281],[77.165771,28.408461],[77.240616,28.42886],[77.242653,28.4846],[77.337738,28.50897]]]},"properties":{"ID_0":105,"ISO":"IND","NAME_0":"India","ID_1":10,"NAME_1":"Delhi","NL_NAME_1":"","VARNAME_1":"","TYPE_1":"Union Territor","ENGTYPE_1":"Union Territory","filename":"","filename_1":"","filename_2":"","filename_3":"","filename_4":""}},
{"type":"Feature","geometry":{"type":"Polygon","coordinates":[[[74.12603,15.65029],[73.998703,15.61113],[73.945366,15.741522],[73.882446,15.749351],[73.865486,15.797529],[73.833038,15.737752],[73.680138,15.724371],[73.75486,15.617361],[73.731247,15.590417],[73.76458,15.49458],[73.80542,15.49486],[73.787636,15.461528],[73.896797,15.41486],[73.782639,15.410416],[73.894859,15.331811],[73.948471,15.145972],[73.911804,15.084028],[74.05014,14.988195],[74.042923,14.918471],[74.097359,14.895659],[74.175392,14.908919],[74.172157,14.95101],[74.211838,14.92142],[74.270119,14.966641],[74.302338,15.03986],[74.289566,15.14313],[74.321907,15.18407],[74.257523,15.257629],[74.341652,15.292931],[74.256332,15.48952],[74.287277,15.526],[74.254311,15.56583],[74.255257,15.65421],[74.213249,15.64903],[74.190132,15.680981],[74.12603,15.65029]]]},"properties":{"ID_0":105,"ISO":"IND","NAME_0":"India","ID_1":11,"NAME_1":"Goa","NL_NAME_1":"","VARNAME_1":"Ga","TYPE_1":"State","ENGTYPE_1":"State","filename":"","filename_1":"","filename_2":"","filename_3":"","filename_4":""}},
{"type":"Feature","geometry":{"type":"MultiPolygon","coordinates":[[[[70.870407,20.718719],[70.854561,20.752083],[70.840347,20.728451],[70.870407,20.718719]]],[[[72.676529,21.155701],[72.665138,21.142084],[72.675697,21.105143],[72.689026,21.089861],[72.710419,21.140694],[72.676529,21.155701]]],[[[72.722641,21.665972],[72.716797,21.64459],[72.750969,21.652916],[72.722641,21.665972]]],[[[69.62764,22.459583],[69.588196,22.43708],[69.636528,22.40653],[69.657082,22.428194],[69.62764,22.459583]]],[[[69.136803,22.477638],[69.093483,22.461531],[69.084862,22.420959],[69.136803,22.477638]]],[[[69.918747,22.553196],[69.862358,22.527081],[69.941528,22.517916],[69.918747,22.553196]]],[[[70.009033,22.593201],[69.957916,22.54958],[70.027084,22.567917],[70.009033,22.593201]]],[[[68.558197,23.313751],[68.567917,23.281248],[68.538193,23.27125],[68.574028,23.24514],[68.612076,23.296532],[68.558197,23.313751]]],[[[68.506813,23.456541],[68.502907,23.429312],[68.526527,23.438194],[68.506813,23.456541]]],[[[68.472862,23.480419],[68.412651,23.432081],[68.474586,23.459864],[68.458191,23.417917],[68.483749,23.402916],[68.472862,23.480419]]],[[[68.358467,23.80514],[68.33403,23.710972],[68.318466,23.718201],[68.306252,23.68125],[68.282082,23.670694],[68.280151,23.66264],[68.274307,23.660419],[68.269577,23.64958],[68.231247,23.642916],[68.259308,23.645962],[68.280418,23.652088],[68.311813,23.650141],[68.260139,23.63986],[68.255959,23.64514],[68.233749,23.641251],[68.223198,23.647081],[68.210136,23.640417],[68.204582,23.64764],[68.197906,23.596531],[68.250137,23.590694],[68.277092,23.632643],[68.306808,23.630701],[68.277916,23.63125],[68.274307,23.59181],[68.314857,23.583197],[68.38958,23.685972],[68.390419,23.654306],[68.426247,23.794861],[68.397919,23.784861],[68.358467,23.80514]]],[[[68.307907,23.82375],[68.267639,23.772362],[68.274033,23.70125],[68.285698,23.754583],[68.291252,23.72764],[68.324303,23.734308],[68.307907,23.82375]]],[[[68.496529,23.830973],[68.447906,23.806532],[68.437363,23.739311],[68.476807,23.74069],[68.465416,23.775419],[68.48764,23.737082],[68.516808,23.75458],[68.496529,23.830973]]],[[[68.395691,23.878197],[68.377907,23.87431],[68.377083,23.857916],[68.344307,23.83931],[68.330139,23.787361],[68.355141,23.810972],[68.401527,23.790417],[68.379585,23.838196],[68.405418,23.793192],[68.41153,23.820972],[68.426529,23.810421],[68.439308,23.839031],[68.420692,23.868473],[68.395691,23.878197]]],[[[68.449303,23.938473],[68.352913,23.900694],[68.350136,23.84597],[68.377357,23.87653],[68.393471,23.880421],[68.417076,23.87236],[68.422363,23.894861],[68.442093,23.870422],[68.444031,23.91931],[68.458748,23.930691],[68.449303,23.938473]]],[[[68.535416,23.945972],[68.525696,23.892641],[68.48597,23.88987],[68.517082,23.856527],[68.588753,23.916811],[68.558472,23.923195],[68.535416,23.945972]]],[[[68.482086,23.99264],[68.428192,23.93792],[68.448761,23.94014],[68.462914,23.932083],[68.443466,23.848471],[68.518471,23.924305],[68.482086,23.99264]]],[[[68.430138,23.99542],[68.395973,23.965416],[68.359863,23.97764],[68.334587,23.917641],[68.277084,23.914862],[68.259018,23.875141],[68.317642,23.879301],[68.248749,23.85376],[68.287361,23.839308],[68.212914,23.834583],[68.234306,23.77486],[68.192642,23.73097],[68.237923,23.68125],[68.266808,23.691807],[68.265686,23.792921],[68.303749,23.824583],[68.337639,23.819305],[68.344856,23.901251],[68.412918,23.927361],[68.430138,23.99542]]],[[[74.322777,23.062691],[74.246033,23.188259],[74.207542,23.192051],[74.182991,23.15222],[74.127022,23.17885],[74.133781,23.269451],[74.044472,23.296091],[73.971031,23.377138],[73.894272,23.337139],[73.83213,23.446751],[73.783066,23.43461],[73.764717,23.458578],[73.726143,23.412663],[73.704216,23.455782],[73.632751,23.452393],[73.660736,23.622902],[73.577271,23.655361],[73.513489,23.616812],[73.508537,23.703331],[73.420486,23.779331],[73.362648,23.78743],[73.362076,23.86187],[73.424683,23.931061],[73.373466,24.128139],[73.245827,24.01071],[73.198936,24.05146],[73.223816,24.098221],[73.114166,24.13859],[73.082687,24.18498],[73.144958,24.307858],[73.180626,24.301491],[73.231476,24.36466],[73.169968,24.35067],[73.084961,24.39447],[73.094383,24.494728],[73.000343,24.470631],[72.96328,24.383739],[72.991463,24.363972],[72.923912,24.326323],[72.868118,24.36581],[72.732536,24.361271],[72.69725,24.457211],[72.544579,24.506851],[72.507713,24.409931],[72.464676,24.40712],[72.44249,24.50425],[72.386322,24.500511],[72.357933,24.552511],[72.29512,24.538441],[72.250999,24.58016],[72.353783,24.618101],[72.165398,24.6145],[72.0849,24.652752],[72.085251,24.697008],[72.05249,24.70579],[71.944191,24.62678],[71.876472,24.675159],[71.858391,24.60417],[71.811768,24.62182],[71.798988,24.670521],[71.66156,24.633261],[71.616592,24.670681],[71.488319,24.673851],[71.383057,24.621681],[71.351036,24.653219],[71.297737,24.607641],[71.10714,24.680651],[71.020477,24.63051],[70.998268,24.54134],[71.007568,24.442242],[71.11895,24.431049],[71.131767,24.4018],[71.047188,24.34734],[70.959747,24.346241],[70.885139,24.290751],[70.894104,24.257097],[70.805763,24.222727],[70.574249,24.252333],[70.572067,24.344549],[70.61187,24.400539],[70.574867,24.420315],[70.119041,24.290699],[70.059303,24.192802],[70.000641,24.166395],[69.724579,24.175097],[69.600677,24.277847],[69.501167,24.25502],[69.310272,24.276688],[69.199768,24.235199],[69.092926,24.269083],[69.000534,24.22588],[68.947243,24.276627],[68.887543,24.19585],[68.847725,24.20838],[68.826355,24.308395],[68.772652,24.294136],[68.749245,23.962046],[68.546806,23.963194],[68.558746,23.924028],[68.58847,23.922358],[68.59597,23.941805],[68.619858,23.90653],[68.663193,23.91736],[68.515137,23.824862],[68.525139,23.759026],[68.603752,23.85014],[68.761253,23.87487],[68.489029,23.63542],[68.491806,23.500971],[68.558472,23.38707],[68.602364,23.359306],[68.605972,23.380974],[68.652359,23.302917],[68.668747,23.32542],[68.658752,23.303471],[68.72403,23.297083],[68.758186,23.33042],[68.725136,23.295694],[68.630142,23.295694],[68.671806,23.269873],[68.603752,23.242929],[68.630692,23.213194],[68.59903,23.240417],[68.591248,23.214312],[68.759308,23.080418],[69.197357,22.83847],[69.355698,22.828753],[69.469582,22.773748],[69.555138,22.79236],[69.600693,22.759027],[69.641251,22.766531],[69.633751,22.79542],[69.705139,22.727917],[69.79847,22.850695],[70.13208,22.924582],[70.090973,22.952641],[70.126526,22.946527],[70.112358,22.972639],[70.153198,23.029581],[70.123192,22.960695],[70.219307,22.956249],[70.197914,22.998472],[70.347641,22.930416],[70.386803,22.948195],[70.401253,23.030701],[70.493469,23.07514],[70.162918,22.551531],[69.97625,22.543194],[69.945969,22.528473],[69.957359,22.495417],[69.93486,22.51264],[69.914024,22.456249],[69.87014,22.446529],[69.83625,22.454029],[69.834305,22.500694],[69.797638,22.399858],[69.728203,22.473751],[69.671806,22.450701],[69.699303,22.395969],[69.575691,22.319031],[69.591248,22.36097],[69.561806,22.355694],[69.550697,22.404861],[69.498192,22.435694],[69.52375,22.385695],[69.488472,22.337917],[69.334297,22.33042],[69.319862,22.291248],[69.232635,22.257917],[69.157913,22.312916],[69.194031,22.42375],[69.069305,22.395695],[69.043747,22.432638],[69.06736,22.480141],[68.984581,22.414305],[68.935974,22.310139],[68.957367,22.237652],[69.231796,21.942921],[69.705971,21.538471],[69.724297,21.571251],[69.632637,21.64292],[69.696808,21.59292],[69.717361,21.60264],[69.675697,21.63875],[69.73764,21.650419],[69.764313,21.578751],[69.712906,21.528471],[69.805138,21.463751],[69.778198,21.457914],[70.099586,21.104582],[70.439026,20.85264],[70.673752,20.763472],[70.741661,20.990101],[70.886986,20.94521],[70.900238,20.8857],[70.816963,20.8512],[70.896179,20.824793],[70.854416,20.753471],[70.874863,20.726805],[70.919861,20.743471],[70.873749,20.709829],[70.888535,20.709032],[70.892082,20.708191],[70.962639,20.729382],[71.149033,20.757362],[71.377907,20.874029],[71.439583,20.869305],[71.514862,20.948195],[71.806808,21.037916],[71.819862,21.072083],[71.976807,21.12097],[72.010696,21.18597],[72.007637,21.132643],[72.113747,21.196527],[72.075974,21.302084],[72.109016,21.282921],[72.223198,21.438749],[72.305969,21.628469],[72.241249,21.787361],[72.182915,21.82375],[72.247086,21.790972],[72.26458,21.740417],[72.253197,21.897362],[72.220139,21.94792],[72.19014,21.93708],[72.147087,21.954861],[72.14653,21.983473],[72.190697,21.94236],[72.22097,21.956251],[72.230972,22.007641],[72.172363,22.041531],[72.232635,22.017639],[72.233192,22.053753],[72.278191,22.08042],[72.265419,22.105419],[72.30014,22.108749],[72.29792,22.063471],[72.241531,22.049583],[72.278473,21.932079],[72.323753,22.130136],[72.294304,22.202362],[72.343491,22.124861],[72.357643,22.192921],[72.375969,22.14986],[72.391525,22.167915],[72.356247,22.27125],[72.399582,22.199306],[72.416527,22.227362],[72.41375,22.297638],[72.372917,22.313751],[72.404305,22.351528],[72.36097,22.371531],[72.381531,22.38542],[72.412636,22.356251],[72.388748,22.310417],[72.435143,22.30125],[72.470695,22.23875],[72.49292,22.248194],[72.48597,22.197359],[72.542641,22.280972],[72.541252,22.243195],[72.635414,22.284582],[72.752083,22.23097],[72.84375,22.282364],[72.866806,22.24264],[72.919586,22.269583],[72.877907,22.223751],[72.808746,22.245972],[72.754028,22.173195],[72.647362,22.217085],[72.583191,22.201813],[72.502357,21.955141],[72.517639,21.857361],[72.569862,21.824308],[72.507362,21.70125],[72.537636,21.664305],[72.736252,21.689583],[72.835136,21.667921],[72.628197,21.61681],[72.597359,21.552361],[72.625687,21.492359],[72.683197,21.542919],[72.742638,21.545694],[72.674026,21.52042],[72.645142,21.43375],[72.696808,21.464581],[72.587357,21.275688],[72.609581,21.22986],[72.653198,21.226805],[72.618469,21.222639],[72.627083,21.07597],[72.659027,21.087931],[72.659859,21.13875],[72.667076,21.155418],[72.68264,21.158194],[72.720695,21.143194],[72.704308,21.07486],[72.770416,21.066805],[72.723198,21.049028],[72.752083,20.946529],[72.776802,20.91486],[72.793747,20.945143],[72.834587,20.781805],[72.88958,20.748196],[72.850983,20.742922],[72.897636,20.587084],[72.860138,20.470961],[72.837059,20.422331],[72.875526,20.38105],[72.845078,20.40712],[72.821533,20.37108],[72.755692,20.292084],[72.73764,20.136539],[72.835342,20.144642],[72.874542,20.225809],[72.970428,20.21233],[72.924591,20.27866],[72.984093,20.271681],[73.019836,20.317398],[73.044167,20.291113],[73.107376,20.36071],[73.112869,20.304941],[73.1614,20.31719],[73.179543,20.289862],[73.076859,20.229801],[73.072449,20.16345],[73.128029,20.15712],[73.142181,20.20439],[73.180176,20.208609],[73.229156,20.184299],[73.196098,20.156113],[73.216316,20.122],[73.289078,20.149563],[73.31115,20.207211],[73.429916,20.20623],[73.423431,20.352091],[73.39135,20.3902],[73.50074,20.540241],[73.402733,20.642599],[73.453697,20.71047],[73.482613,20.71723],[73.498436,20.653419],[73.538376,20.673861],[73.607307,20.636301],[73.670708,20.56234],[73.838287,20.615761],[73.822647,20.693821],[73.949532,20.74231],[73.906448,20.98315],[73.774857,21.01045],[73.742188,21.0555],[73.752609,21.11409],[73.659943,21.108379],[73.588303,21.1679],[73.613167,21.17606],[73.636398,21.13266],[73.822548,21.171921],[73.832138,21.26745],[73.948486,21.29755],[73.952843,21.40237],[74.048546,21.41943],[74.067162,21.481932],[74.110977,21.448101],[74.327721,21.49575],[74.309967,21.567322],[74.205238,21.529211],[74.181831,21.561769],[74.025558,21.55262],[73.860786,21.495823],[73.787613,21.62505],[73.898102,21.667271],[73.810516,21.823338],[74.146019,21.95406],[74.153847,21.98642],[74.097702,22.015459],[74.18071,22.086601],[74.130272,22.09771],[74.12278,22.2129],[74.075783,22.221878],[74.071983,22.360241],[74.111961,22.371613],[74.134293,22.332331],[74.191063,22.32193],[74.206802,22.36762],[74.294182,22.394468],[74.204613,22.437172],[74.190826,22.47788],[74.186676,22.444151],[74.144249,22.456711],[74.123001,22.420811],[74.078087,22.465643],[74.085266,22.508518],[74.034668,22.508369],[74.06675,22.5509],[74.15332,22.51742],[74.265358,22.644831],[74.384186,22.64357],[74.47892,22.858641],[74.451477,22.924],[74.400383,22.89938],[74.362022,22.93309],[74.341637,22.964691],[74.370796,22.980053],[74.322777,23.062691]]]]},"properties":{"ID_0":105,"ISO":"IND","NAME_0":"India","ID_1":12,"NAME_1":"Gujarat","NL_NAME_1":"","VARNAME_1":"Goudjerate|Gujerat|Gujerate","TYPE_1":"State","ENGTYPE_1":"State","filename":"","filename_1":"","filename_2":"","filename_3":"","filename_4":""}},
{"type":"Feature","geometry":{"type":"Polygon","coordinates":[[[77.57489,30.38452],[77.50985,30.44883],[77.486832,30.412613],[77.416443,30.408392],[77.450539,30.465231],[77.400612,30.418751],[77.346077,30.461901],[77.202606,30.480341],[77.111496,30.567289],[77.157486,30.59955],[77.151772,30.69051],[77.076843,30.744761],[77.0131,30.742208],[76.997963,30.814291],[76.953751,30.811211],[76.902161,30.897228],[76.852432,30.870689],[76.810188,30.93038],[76.769859,30.906391],[76.846786,30.792521],[76.828186,30.76379],[76.819809,30.685829],[76.834793,30.655821],[76.862228,30.679272],[76.858582,30.640631],[76.913429,30.599703],[76.888847,30.441111],[76.927299,30.388639],[76.880226,30.359701],[76.832458,30.433882],[76.808456,30.41186],[76.757866,30.43889],[76.70015,30.393612],[76.738533,30.35965],[76.715157,30.332911],[76.547638,30.264921],[76.532532,30.227131],[76.584,30.256531],[76.638916,30.20594],[76.601051,30.080231],[76.452087,30.10071],[76.410202,30.20229],[76.380997,30.183241],[76.390007,30.127541],[76.325882,30.14924],[76.348923,30.127661],[76.322899,30.108221],[76.203873,30.158901],[76.190613,30.13496],[76.254997,30.10458],[76.190918,30.016413],[76.203873,29.94412],[76.16629,29.928659],[76.242012,29.869028],[76.116386,29.7964],[76.077667,29.805773],[76.035652,29.746681],[75.87928,29.74707],[75.829018,29.812321],[75.771622,29.82539],[75.705933,29.80862],[75.697449,29.755211],[75.625359,29.77323],[75.568787,29.74262],[75.444267,29.80785],[75.33535,29.69385],[75.350449,29.659281],[75.317726,29.6707],[75.280563,29.610109],[75.296066,29.568081],[75.22348,29.546171],[75.221237,29.60655],[75.157837,29.66271],[75.23098,29.752068],[75.182343,29.838701],[75.154053,29.781019],[75.090179,29.806662],[75.084801,29.91514],[74.989929,29.856461],[74.915733,29.94916],[74.801178,29.992573],[74.690788,29.969271],[74.646973,29.904671],[74.519066,29.94335],[74.505028,29.907761],[74.553566,29.865641],[74.465263,29.78755],[74.472,29.74403],[74.6054,29.75288],[74.566536,29.563499],[74.614403,29.527111],[74.578911,29.45862],[74.529106,29.449539],[74.595779,29.328312],[74.641823,29.3312],[74.650177,29.37237],[74.756638,29.355961],[74.841133,29.40407],[74.927147,29.364639],[74.95311,29.28194],[75.039917,29.287149],[75.078079,29.23245],[75.179993,29.26862],[75.223457,29.234951],[75.319267,29.29344],[75.314926,29.23596],[75.395706,29.26194],[75.40065,29.18891],[75.361153,29.14262],[75.39621,29.128441],[75.380653,29.07032],[75.43026,29.06472],[75.434738,29.016541],[75.511101,29.01083],[75.467079,28.92625],[75.55571,28.614592],[75.61805,28.602209],[75.629097,28.545971],[75.778229,28.457611],[75.770317,28.407619],[75.922379,28.36891],[76.092888,28.155218],[76.027748,28.172722],[75.936089,28.093531],[75.98455,28.050741],[76.015648,28.088852],[76.035629,28.07398],[75.969986,28.030949],[75.963173,27.936951],[75.923622,27.93309],[75.977386,27.90926],[75.963081,27.864731],[76.088066,27.868448],[76.17292,27.807461],[76.223282,27.840931],[76.15387,27.992531],[76.213829,28.031681],[76.177338,28.059259],[76.251099,28.070921],[76.297157,28.025961],[76.341263,28.036051],[76.354599,28.074202],[76.297401,28.101049],[76.355606,28.12845],[76.279068,28.17872],[76.335907,28.177341],[76.37677,28.138071],[76.470993,28.154741],[76.497803,28.106621],[76.44857,28.09317],[76.497658,28.064732],[76.453728,28.049669],[76.538521,28.03912],[76.538193,27.970541],[76.660072,28.019051],[76.65123,28.09676],[76.791489,28.157242],[76.801369,28.211601],[76.850487,28.226669],[76.961761,28.144011],[76.918648,27.99761],[76.926643,27.834221],[76.884079,27.730909],[76.902626,27.65852],[76.970497,27.657143],[76.993538,27.741701],[77.079216,27.738411],[77.020668,27.77812],[77.038277,27.820042],[77.126526,27.776461],[77.15062,27.815559],[77.180656,27.808653],[77.168701,27.784901],[77.193848,27.821939],[77.231743,27.785801],[77.27578,27.806549],[77.339333,27.859591],[77.412392,27.859072],[77.412292,27.896158],[77.458488,27.8853],[77.468727,27.932911],[77.537338,27.957769],[77.468872,28.086012],[77.496368,28.15987],[77.542366,28.18166],[77.492119,28.185101],[77.48912,28.21199],[77.519119,28.20178],[77.541206,28.247742],[77.4673,28.26972],[77.495789,28.307041],[77.463753,28.338011],[77.49424,28.358261],[77.474556,28.413511],[77.337738,28.50897],[77.242653,28.4846],[77.240616,28.42886],[77.165771,28.408461],[77.072479,28.520281],[77.006096,28.54278],[77.005547,28.514441],[76.879372,28.50905],[76.837616,28.55699],[76.877937,28.63763],[76.933907,28.63765],[76.942307,28.820681],[77.03154,28.83679],[77.075851,28.884512],[77.139198,28.841669],[77.186867,28.866819],[77.221191,28.904133],[77.19014,28.955662],[77.214188,29.00596],[77.122047,29.105768],[77.153946,29.33548],[77.120033,29.349791],[77.139389,29.442101],[77.084908,29.53359],[77.143326,29.705971],[77.117043,29.770901],[77.270409,30.04834],[77.414429,30.10713],[77.423546,30.16848],[77.570351,30.31123],[77.57489,30.38452]]]},"properties":{"ID_0":105,"ISO":"IND","NAME_0":"India","ID_1":13,"NAME_1":"Haryana","NL_NAME_1":"","VARNAME_1":"","TYPE_1":"State","ENGTYPE_1":"State","filename":"","filename_1":"","filename_2":"","filename_3":"","filename_4":""}},
{"type":"Feature","geometry":{"type":"Polygon","coordinates":[[[78.410759,32.511742],[78.382431,32.529652],[78.31041,32.475929],[78.278519,32.507931],[78.296623,32.577511],[78.388817,32.62323],[78.371353,32.761829],[78.287659,32.737831],[78.295723,32.712811],[78.212936,32.669189],[78.152542,32.67902],[78.121498,32.642349],[78.093376,32.662151],[78.065331,32.624279],[78.033897,32.635609],[78.035797,32.591949],[77.982559,32.586529],[77.903252,32.6931],[77.915131,32.76606],[77.761429,32.86483],[77.790169,32.90543],[77.712486,32.971802],[77.665207,32.986031],[77.455223,32.86174],[77.387466,32.885521],[77.327896,32.819881],[77.173859,32.931129],[77.146187,32.914021],[77.136391,32.980461],[76.998466,32.989571],[76.917511,33.03368],[76.877197,33.114239],[76.803459,33.155689],[76.828346,33.246399],[76.778267,33.255711],[76.729866,33.179432],[76.627007,33.162479],[76.547478,33.20953],[76.391678,33.186691],[76.275002,33.103989],[76.237289,33.032589],[76.093689,33.004829],[75.94577,32.885139],[75.807953,32.92979],[75.794647,32.87019],[75.912483,32.757122],[75.923622,32.6437],[75.872543,32.576191],[75.850967,32.50787],[75.932167,32.416821],[75.84388,32.379311],[75.736397,32.273762],[75.622543,32.23468],[75.620216,32.185169],[75.661827,32.164669],[75.578758,32.08168],[75.689819,32.061531],[75.894547,31.9498],[75.971466,31.814548],[75.921829,31.817181],[76.153496,31.414013],[76.135033,31.361759],[76.172829,31.30674],[76.296097,31.319201],[76.336662,31.35302],[76.315842,31.402378],[76.363136,31.441351],[76.448273,31.30599],[76.431137,31.282841],[76.466713,31.310211],[76.518112,31.26231],[76.53717,31.283951],[76.53495,31.25535],[76.570503,31.280149],[76.601616,31.25091],[76.580612,31.216352],[76.625946,31.227091],[76.590393,31.182859],[76.589317,31.127701],[76.625732,31.110243],[76.610069,31.00423],[76.769859,30.906391],[76.810188,30.93038],[76.852432,30.870689],[76.902161,30.897228],[76.953751,30.811211],[76.997963,30.814291],[77.0131,30.742208],[77.076843,30.744761],[77.151772,30.69051],[77.157486,30.59955],[77.111496,30.567289],[77.202606,30.480341],[77.346077,30.461901],[77.400612,30.418751],[77.450539,30.465231],[77.416443,30.408392],[77.486832,30.412613],[77.50985,30.44883],[77.57489,30.38452],[77.563057,30.40449],[77.810646,30.53318],[77.729523,30.598383],[77.78199,30.619358],[77.779053,30.663771],[77.688286,30.768669],[77.744408,30.829851],[77.744522,30.881191],[77.789368,30.858549],[77.795616,30.9238],[77.745598,30.92231],[77.734573,30.95957],[77.817146,30.953569],[77.800606,31.06208],[77.887489,31.154701],[77.954758,31.17878],[78.014236,31.15494],[78.029953,31.18531],[78.356323,31.290871],[78.470108,31.203751],[78.595367,31.236391],[78.647697,31.19467],[78.795036,31.20504],[78.871399,31.107321],[78.996582,31.115339],[78.906883,31.25919],[78.82901,31.3302],[78.827217,31.381281],[78.776436,31.40123],[78.795479,31.452763],[78.706642,31.518393],[78.831093,31.615261],[78.779648,31.68984],[78.734398,31.69198],[78.691353,31.79335],[78.771027,31.999811],[78.597336,32.122032],[78.592911,32.21867],[78.539421,32.249981],[78.439209,32.24646],[78.518761,32.418499],[78.43811,32.45639],[78.445038,32.49791],[78.410759,32.511742]]]},"properties":{"ID_0":105,"ISO":"IND","NAME_0":"India","ID_1":14,"NAME_1":"Himachal Pradesh","NL_NAME_1":"","VARNAME_1":"","TYPE_1":"Union Territor","ENGTYPE_1":"Union Territory","filename":"","filename_1":"","filename_2":"","filename_3":"","filename_4":""}},
{"type":"Feature","geometry":{"type":"Polygon","coordinates":[[[78.410759,32.511742],[78.452721,32.579502],[78.625671,32.607052],[78.745926,32.696079],[78.781181,32.4753],[78.977203,32.34277],[79.049217,32.383369],[79.104469,32.371712],[79.126526,32.46431],[79.202957,32.51083],[79.258408,32.52338],[79.312218,32.487091],[79.448013,32.586079],[79.545357,32.607361],[79.564293,32.670761],[79.448578,32.889229],[79.35247,32.979031],[79.409836,33.178772],[79.185463,33.191231],[79.074966,33.228611],[79.066597,33.295891],[78.823257,33.48349],[78.710983,33.654869],[78.783989,33.770432],[78.711563,33.922501],[78.770363,34.01973],[78.706383,34.072182],[78.9562,34.217831],[78.981461,34.332851],[78.569336,34.61195],[78.425117,34.603462],[78.398361,34.648632],[78.248032,34.695099],[78.08287,35.082489],[78.124176,35.135422],[78.042763,35.202332],[77.991852,35.348549],[77.99707,35.394089],[78.109833,35.476768],[77.990646,35.48711],[77.902969,35.427589],[77.823929,35.501331],[77.156822,35.054699],[77.068367,35.02412],[77.018097,35.038464],[76.99749,34.939152],[76.870041,34.972431],[76.749367,34.926601],[76.74324,34.840099],[76.681816,34.75959],[76.561813,34.758339],[76.474342,34.794373],[76.157913,34.64341],[76.036461,34.670269],[75.749207,34.515831],[75.377823,34.552422],[75.261856,34.610882],[75.24971,34.647312],[75.018745,34.641499],[74.910507,34.683208],[74.703003,34.693081],[74.580177,34.7701],[74.375542,34.803444],[74.307297,34.800304],[74.141792,34.6912],[74.012894,34.709854],[73.941559,34.6772],[73.948067,34.57309],[73.89534,34.546669],[73.898743,34.49577],[73.776985,34.416302],[73.763222,34.359631],[73.841751,34.338322],[73.899406,34.359814],[73.976227,34.264809],[73.883217,34.04995],[74.006073,34.022442],[74.123695,34.05518],[74.214676,34.038555],[74.262741,33.974289],[74.219673,33.867176],[74.065727,33.820099],[73.956253,33.720291],[74.028442,33.57468],[74.095711,33.570396],[74.187073,33.455521],[74.170746,33.346649],[74.102982,33.270542],[74.020302,33.258781],[74.014275,33.19825],[74.111702,33.16444],[74.205246,33.043301],[74.349831,33.016251],[74.318031,32.919701],[74.413895,32.90395],[74.466057,32.781361],[74.531532,32.74073],[74.614235,32.757732],[74.641998,32.822899],[74.697021,32.839714],[74.642212,32.61105],[74.698418,32.48494],[74.835327,32.496212],[74.979347,32.447769],[75.036636,32.492069],[75.322327,32.337326],[75.472237,32.34005],[75.501236,32.276051],[75.529213,32.348881],[75.711533,32.418159],[75.872543,32.576191],[75.923622,32.6437],[75.912483,32.757122],[75.794647,32.87019],[75.807953,32.92979],[75.94577,32.885139],[76.093689,33.004829],[76.237289,33.032589],[76.275002,33.103989],[76.391678,33.186691],[76.547478,33.20953],[76.627007,33.162479],[76.729866,33.179432],[76.778267,33.255711],[76.828346,33.246399],[76.803459,33.155689],[76.877197,33.114239],[76.917511,33.03368],[76.998466,32.989571],[77.136391,32.980461],[77.146187,32.914021],[77.173859,32.931129],[77.327896,32.819881],[77.387466,32.885521],[77.455223,32.86174],[77.665207,32.986031],[77.712486,32.971802],[77.790169,32.90543],[77.761429,32.86483],[77.915131,32.76606],[77.903252,32.6931],[77.982559,32.586529],[78.035797,32.591949],[78.033897,32.635609],[78.065331,32.624279],[78.093376,32.662151],[78.121498,32.642349],[78.152542,32.67902],[78.212936,32.669189],[78.295723,32.712811],[78.287659,32.737831],[78.371353,32.761829],[78.388817,32.62323],[78.296623,32.577511],[78.278519,32.507931],[78.31041,32.475929],[78.382431,32.529652],[78.410759,32.511742]]]},"properties":{"ID_0":105,"ISO":"IND","NAME_0":"India","ID_1":15,"NAME_1":"Jammu and Kashmir","NL_NAME_1":"","VARNAME_1":"","TYPE_1":"State","ENGTYPE_1":"State","filename":"","filename_1":"","filename_2":"","filename_3":"","filename_4":""}},
{"type":"Feature","geometry":{"type":"Polygon","coordinates":[[[87.787582,25.22049],[87.78331,25.246178],[87.707787,25.256409],[87.684151,25.310131],[87.60688,25.31138],[87.58007,25.348391],[87.539749,25.281618],[87.481506,25.295172],[87.47216,25.19467],[87.323456,25.223091],[87.291107,25.08927],[87.211357,25.0896],[87.146767,25.024311],[87.158119,24.885632],[87.078568,24.82225],[87.050468,24.60677],[86.930092,24.64282],[86.911179,24.538679],[86.800293,24.564602],[86.777122,24.619761],[86.668396,24.56064],[86.602921,24.605068],[86.505722,24.5177],[86.452209,24.368629],[86.279137,24.462002],[86.322861,24.584091],[86.133293,24.60354],[86.124443,24.70516],[86.086578,24.746321],[86.03907,24.74132],[86.050583,24.779541],[85.950302,24.732119],[85.877777,24.800291],[85.73674,24.822651],[85.696663,24.713472],[85.649529,24.68704],[85.664703,24.58193],[85.576576,24.60301],[85.518303,24.524549],[85.486481,24.550751],[85.282516,24.52669],[85.281967,24.4972],[85.150673,24.46287],[85.16938,24.42947],[85.089417,24.3792],[85.076157,24.439871],[84.968567,24.37595],[84.898033,24.372129],[84.880173,24.462801],[84.834396,24.45252],[84.832626,24.51148],[84.795326,24.529491],[84.678917,24.456343],[84.658257,24.393742],[84.572479,24.41234],[84.521523,24.376261],[84.493538,24.287041],[84.293213,24.450823],[84.326347,24.50272],[84.292976,24.56599],[84.257141,24.53075],[84.188301,24.555321],[84.17926,24.51042],[84.146057,24.5403],[84.109779,24.4814],[84.046738,24.612289],[83.99221,24.638033],[83.933006,24.551743],[83.868042,24.532881],[83.71669,24.50495],[83.498169,24.52706],[83.393013,24.50119],[83.400139,24.40868],[83.451393,24.36475],[83.375938,24.314541],[83.401886,24.266001],[83.323563,24.10133],[83.425369,24.083761],[83.447586,24.04248],[83.506706,24.02824],[83.561211,23.862951],[83.695389,23.820669],[83.729401,23.75473],[83.714729,23.682541],[83.774887,23.599501],[83.935257,23.56304],[83.937889,23.622431],[84.007027,23.632311],[84.022667,23.544241],[83.965828,23.38121],[84.006531,23.3528],[84.043388,23.37401],[84.070251,23.32999],[84.033676,23.138441],[84.129379,23.081541],[84.148003,22.963869],[84.189926,23.02372],[84.217056,22.976473],[84.370537,22.975071],[84.389053,22.93874],[84.369888,22.8645],[84.32946,22.85955],[84.285286,22.763371],[84.225357,22.735161],[84.220612,22.668911],[84.080391,22.636551],[84.005051,22.569563],[84.002502,22.520861],[84.134926,22.470949],[84.152489,22.40093],[84.289223,22.33732],[84.426086,22.34881],[84.526627,22.420021],[84.743851,22.414751],[84.752693,22.442013],[84.807793,22.446861],[84.893799,22.418011],[85.062492,22.478411],[85.074059,22.348591],[85.114456,22.290489],[85.070511,22.27216],[85.023743,22.111992],[84.97982,22.084681],[85.095436,22.099451],[85.210747,22.04318],[85.230942,22.000271],[85.300079,22.107059],[85.39444,22.1586],[85.539543,22.08659],[85.644608,22.090281],[85.681503,22.04878],[85.802048,22.11083],[85.830757,22.076971],[85.787941,22.07719],[85.76075,21.989719],[85.905426,21.966631],[86.026718,22.185223],[85.969788,22.243401],[86.043289,22.30619],[85.992882,22.33816],[86.008743,22.42432],[85.953506,22.455973],[86.03849,22.563589],[86.10733,22.484898],[86.279823,22.44552],[86.352737,22.345421],[86.433357,22.30154],[86.499947,22.340952],[86.532379,22.298191],[86.722786,22.215248],[86.800117,22.213631],[86.790268,22.2628],[86.799606,22.240973],[86.811867,22.263931],[86.885681,22.252121],[86.88623,22.294121],[86.829193,22.324591],[86.843933,22.396061],[86.76226,22.425232],[86.745407,22.475679],[86.798607,22.498821],[86.759941,22.57243],[86.651703,22.57579],[86.617867,22.673389],[86.539253,22.72065],[86.506592,22.701521],[86.416153,22.776508],[86.463043,22.896631],[86.432823,22.923403],[86.518356,22.94433],[86.540283,22.98723],[86.393036,22.974239],[86.298256,23.013283],[86.212479,22.99185],[86.036926,23.14361],[85.914993,23.12953],[85.831558,23.19512],[85.826363,23.263121],[85.877983,23.323709],[85.866257,23.364849],[85.895691,23.37059],[85.866028,23.47023],[85.943909,23.45462],[86.047226,23.493643],[86.010773,23.551649],[86.046867,23.58387],[86.144768,23.567772],[86.145531,23.47307],[86.238747,23.46969],[86.243179,23.41958],[86.278473,23.44112],[86.300003,23.420061],[86.371948,23.48266],[86.357971,23.54306],[86.43988,23.62961],[86.528656,23.628981],[86.693848,23.694521],[86.792038,23.68737],[86.819771,23.76107],[86.792839,23.831381],[86.82077,23.81131],[86.871216,23.844181],[86.882263,23.81448],[86.895012,23.879951],[87.124161,23.795038],[87.166443,23.81959],[87.130928,23.866961],[87.236237,23.853069],[87.218559,23.830801],[87.242729,23.82616],[87.248222,23.907011],[87.270416,23.87294],[87.294548,23.898571],[87.237976,24.04122],[87.45797,23.981421],[87.43383,24.008322],[87.510551,24.039831],[87.493599,24.11521],[87.576157,24.08526],[87.607613,24.128942],[87.569382,24.155651],[87.689568,24.149839],[87.635712,24.242531],[87.756279,24.303593],[87.81002,24.40662],[87.784752,24.414541],[87.822876,24.49441],[87.795151,24.491051],[87.806343,24.5452],[87.769409,24.58176],[87.848213,24.55105],[87.909973,24.593868],[87.872742,24.61072],[87.913406,24.65856],[87.88662,24.674103],[87.900833,24.7216],[87.818062,24.765982],[87.837532,24.787802],[87.854538,24.764311],[87.888977,24.85294],[87.973343,24.896482],[87.876976,25.02804],[87.776527,25.09127],[87.787582,25.22049]]]},"properties":{"ID_0":105,"ISO":"IND","NAME_0":"India","ID_1":16,"NAME_1":"Jharkhand","NL_NAME_1":"","VARNAME_1":"Vananchal","TYPE_1":"State","ENGTYPE_1":"State","filename":"","filename_1":"","filename_2":"","filename_3":"","filename_4":""}},
{"type":"Feature","geometry":{"type":"Polygon","coordinates":[[[77.549957,18.291349],[77.509506,18.30673],[77.465393,18.25996],[77.436371,18.306492],[77.35881,18.31065],[77.41011,18.388531],[77.369751,18.400709],[77.369629,18.447651],[77.342079,18.43029],[77.317413,18.453791],[77.240227,18.408648],[77.206177,18.27796],[77.170532,18.28087],[77.149986,18.21656],[77.095543,18.195101],[77.108887,18.152691],[76.954109,18.184891],[76.922562,18.11611],[76.968277,18.097111],[76.954643,18.03968],[76.917717,18.03323],[76.916443,17.915091],[76.802803,17.86832],[76.740677,17.89801],[76.737457,17.857059],[76.78817,17.826471],[76.715706,17.781919],[76.727608,17.737],[76.690552,17.679953],[76.614449,17.768312],[76.573227,17.702169],[76.573303,17.76],[76.523697,17.75889],[76.489296,17.660669],[76.428726,17.644411],[76.415672,17.6042],[76.331673,17.59487],[76.366127,17.522173],[76.343483,17.49435],[76.375038,17.493521],[76.330803,17.468819],[76.333656,17.432293],[76.373177,17.43442],[76.362,17.37508],[76.408066,17.369289],[76.381706,17.31181],[76.352272,17.310591],[76.343613,17.349932],[76.275879,17.33053],[76.244362,17.37468],[76.172333,17.34873],[76.175758,17.297211],[76.121208,17.366341],[76.078743,17.33007],[76.054527,17.3543],[75.931152,17.32411],[75.893661,17.353621],[75.887238,17.41733],[75.861969,17.385851],[75.824722,17.42285],[75.802338,17.370102],[75.737038,17.4219],[75.691193,17.412611],[75.63559,17.47751],[75.615807,17.391859],[75.578537,17.382931],[75.605957,17.303261],[75.659889,17.26144],[75.628021,17.17012],[75.67849,17.094172],[75.643753,17.0364],[75.672241,17.03573],[75.674606,16.96027],[75.645027,16.951033],[75.575798,17.007799],[75.570343,16.963621],[75.492493,16.9429],[75.467911,16.985331],[75.288437,16.954773],[75.282776,16.874241],[75.215858,16.84034],[75.141129,16.873541],[75.090416,16.94865],[75.031906,16.925671],[74.938393,16.94099],[74.967262,16.90538],[74.911957,16.85594],[74.92382,16.769951],[74.698196,16.7152],[74.660507,16.637581],[74.690376,16.60446],[74.642807,16.606771],[74.574051,16.55197],[74.551437,16.633211],[74.498009,16.62664],[74.477386,16.66078],[74.472458,16.604811],[74.403481,16.578671],[74.389923,16.527901],[74.329407,16.553471],[74.314117,16.502098],[74.276367,16.544533],[74.285759,16.50337],[74.253159,16.494881],[74.268776,16.47603],[74.299896,16.50263],[74.296318,16.459011],[74.338867,16.452162],[74.36911,16.394329],[74.361656,16.36475],[74.325462,16.37925],[74.333839,16.26807],[74.353287,16.29184],[74.421227,16.28059],[74.503113,16.231041],[74.512878,16.188263],[74.48909,16.08732],[74.434593,16.11062],[74.368156,16.052959],[74.470276,16.040541],[74.391869,15.901159],[74.411583,15.852591],[74.374123,15.89161],[74.344536,15.852051],[74.389313,15.84414],[74.364853,15.773651],[74.250069,15.74118],[74.227348,15.785671],[74.130623,15.717921],[74.133598,15.678401],[74.096527,15.67085],[74.12603,15.65029],[74.190132,15.680981],[74.213249,15.64903],[74.255257,15.65421],[74.254311,15.56583],[74.287277,15.526],[74.256332,15.48952],[74.341652,15.292931],[74.257523,15.257629],[74.321907,15.18407],[74.289566,15.14313],[74.302338,15.03986],[74.270119,14.966641],[74.211838,14.92142],[74.172157,14.95101],[74.175392,14.908919],[74.097359,14.895659],[74.130981,14.84625],[74.095413,14.798751],[74.204865,14.717916],[74.234581,14.747921],[74.266541,14.71486],[74.309593,14.520691],[74.355972,14.522079],[74.335419,14.564861],[74.354309,14.542915],[74.371529,14.573472],[74.393196,14.531251],[74.35376,14.502921],[74.501526,14.022641],[74.633186,13.84903],[74.606796,13.866529],[74.729027,13.277081],[74.690407,13.34847],[74.773483,13.08319],[74.789581,13.09875],[74.802361,12.93125],[74.867081,12.754452],[74.992287,12.79046],[74.984779,12.729881],[75.049667,12.7147],[75.047806,12.660089],[75.086098,12.697782],[75.150642,12.676342],[75.142967,12.63331],[75.201431,12.625111],[75.2229,12.56264],[75.276726,12.61166],[75.327858,12.585181],[75.272583,12.558862],[75.281143,12.51814],[75.340866,12.45605],[75.41449,12.496712],[75.422508,12.460061],[75.366623,12.45166],[75.365601,12.407041],[75.421387,12.36673],[75.419128,12.2864],[75.482727,12.286181],[75.576843,12.15075],[75.635086,12.142391],[75.66243,12.091181],[75.701599,12.100331],[75.717056,12.06209],[75.795349,12.074231],[75.826973,11.977971],[75.876747,11.940712],[75.998192,11.923621],[76.10791,11.970639],[76.108063,11.851181],[76.184036,11.863762],[76.218529,11.800039],[76.272011,11.80354],[76.334976,11.73063],[76.407677,11.753331],[76.423462,11.659321],[76.504211,11.698041],[76.560066,11.610121],[76.746269,11.610541],[76.83728,11.57448],[76.828476,11.64411],[76.899689,11.783272],[76.959602,11.7652],[77.004433,11.80302],[77.109299,11.712801],[77.102829,11.76312],[77.241737,11.80246],[77.41925,11.750671],[77.484398,11.9324],[77.664711,11.9397],[77.768448,12.105592],[77.719513,12.17152],[77.465668,12.202261],[77.470177,12.26187],[77.542709,12.283711],[77.620087,12.40848],[77.625206,12.477262],[77.575363,12.46838],[77.606369,12.499791],[77.570053,12.557932],[77.59034,12.657541],[77.731407,12.66398],[77.799492,12.786859],[77.784882,12.83381],[77.917747,12.878371],[77.924797,12.813721],[77.945557,12.849331],[78.00148,12.79544],[78.014923,12.845921],[78.04673,12.84237],[78.120667,12.770012],[78.22065,12.75259],[78.241096,12.847421],[78.303101,12.8472],[78.345428,12.928061],[78.378342,12.895191],[78.435829,12.90067],[78.454239,12.853162],[78.422653,12.9686],[78.457901,12.963242],[78.451576,13.031532],[78.504578,13.052762],[78.527962,13.09736],[78.508751,13.11959],[78.569077,13.156483],[78.540947,13.187251],[78.577469,13.26205],[78.555656,13.29943],[78.520798,13.255591],[78.471748,13.30792],[78.366997,13.32004],[78.397377,13.332332],[78.355156,13.355071],[78.390762,13.5781],[78.227692,13.587221],[78.183273,13.55638],[78.193939,13.616159],[78.155762,13.64871],[78.080727,13.635341],[78.058342,13.66697],[78.105377,13.684401],[78.084923,13.733492],[78.118233,13.7769],[78.113533,13.840891],[78.041153,13.886729],[78.037827,13.85285],[77.985161,13.86167],[77.94458,13.819971],[77.942467,13.880231],[77.978027,13.89335],[77.966431,13.950552],[77.911606,13.897241],[77.886986,13.931182],[77.818291,13.934881],[77.827721,13.86062],[77.71286,13.79052],[77.708748,13.732739],[77.649086,13.77584],[77.610466,13.75544],[77.621246,13.727402],[77.595596,13.743579],[77.556076,13.71646],[77.519669,13.74385],[77.521523,13.68787],[77.487343,13.706792],[77.476486,13.6776],[77.444817,13.695761],[77.457451,13.79705],[77.408661,13.799252],[77.42453,13.83513],[77.250443,13.839471],[77.233841,13.894932],[77.178802,13.85984],[77.177032,13.9174],[77.162491,13.85698],[77.123886,13.84939],[77.162247,13.820741],[77.16658,13.754669],[77.060043,13.738861],[77.026367,13.771441],[76.993927,13.74151],[76.968391,13.81439],[77.035843,13.925591],[76.931099,14.022732],[76.975006,14.06527],[76.926979,14.12721],[76.883682,14.131032],[76.891426,14.158999],[76.941643,14.189312],[77.019829,14.172702],[77.023697,14.053259],[77.121101,14.04218],[77.147339,13.991622],[77.313492,14.02482],[77.353783,13.982321],[77.348343,13.896541],[77.397057,13.880541],[77.430641,13.96878],[77.375656,13.969111],[77.383362,14.007359],[77.326187,14.02294],[77.395447,14.103441],[77.344536,14.096011],[77.347733,14.124341],[77.409721,14.16972],[77.500443,14.150961],[77.499367,14.26051],[77.385658,14.32487],[77.415703,14.211962],[77.383789,14.191821],[77.359261,14.26933],[77.279587,14.27609],[77.281143,14.331111],[77.231956,14.31107],[77.152153,14.337741],[77.10508,14.213282],[76.943466,14.23631],[76.924858,14.272181],[76.950111,14.294029],[76.879097,14.34639],[76.883141,14.390291],[76.941566,14.399542],[76.973396,14.478281],[76.870201,14.46844],[76.760178,14.602011],[76.798073,14.734591],[76.78035,14.779262],[76.84874,14.804031],[76.865479,14.9376],[76.864456,14.96402],[76.763771,14.96987],[76.774223,15.071381],[76.796936,15.09076],[76.876701,15.028679],[77.046883,15.029212],[77.041008,15.005482],[77.078819,15.00001],[77.1632,15.161331],[77.120903,15.221241],[77.164146,15.25907],[77.109688,15.327282],[77.061577,15.32186],[77.027397,15.435181],[76.97039,15.490922],[77.026596,15.49999],[77.029282,15.633839],[77.081436,15.652841],[77.116203,15.62511],[77.124977,15.659051],[77.047089,15.725012],[77.063889,15.82317],[77.02227,15.83178],[77.076797,15.90974],[77.180626,15.950063],[77.509453,15.92086],[77.483627,16.15855],[77.511169,16.21719],[77.487556,16.249821],[77.592278,16.29011],[77.591606,16.337511],[77.494492,16.37579],[77.342949,16.379721],[77.235176,16.468081],[77.366287,16.48411],[77.415321,16.51783],[77.391441,16.565201],[77.464172,16.584209],[77.469391,16.646912],[77.416573,16.662811],[77.465042,16.678282],[77.466797,16.711941],[77.423416,16.714531],[77.437538,16.783211],[77.471138,16.779131],[77.4534,16.909033],[77.49939,17.00732],[77.462639,17.104071],[77.359993,17.161621],[77.398811,17.208778],[77.380356,17.21977],[77.454506,17.27589],[77.451599,17.370491],[77.528023,17.37211],[77.510147,17.427259],[77.610611,17.444233],[77.652763,17.50325],[77.684013,17.472851],[77.685623,17.50565],[77.591728,17.532681],[77.589828,17.562759],[77.52742,17.573221],[77.501617,17.54088],[77.439926,17.58147],[77.450348,17.691299],[77.562027,17.74711],[77.51088,17.801441],[77.596687,17.870451],[77.585167,17.90823],[77.616577,17.902868],[77.653397,17.969353],[77.545746,18.053761],[77.600563,18.0994],[77.564308,18.20055],[77.60302,18.278],[77.549957,18.291349]]]},"properties":{"ID_0":105,"ISO":"IND","NAME_0":"India","ID_1":17,"NAME_1":"Karnataka","NL_NAME_1":"","VARNAME_1":"Maisur|Mysore","TYPE_1":"State","ENGTYPE_1":"State","filename":"","filename_1":"","filename_2":"","filename_3":"","filename_4":""}},
{"type":"Feature","geometry":{"type":"Polygon","coordinates":[[[76.423462,11.659321],[76.407677,11.753331],[76.334976,11.73063],[76.272011,11.80354],[76.218529,11.800039],[76.184036,11.863762],[76.108063,11.851181],[76.10791,11.970639],[75.998192,11.923621],[75.876747,11.940712],[75.826973,11.977971],[75.795349,12.074231],[75.717056,12.06209],[75.701599,12.100331],[75.66243,12.091181],[75.635086,12.142391],[75.576843,12.15075],[75.482727,12.286181],[75.419128,12.2864],[75.421387,12.36673],[75.365601,12.407041],[75.366623,12.45166],[75.422508,12.460061],[75.41449,12.496712],[75.340866,12.45605],[75.281143,12.51814],[75.272583,12.558862],[75.327858,12.585181],[75.276726,12.61166],[75.2229,12.56264],[75.201431,12.625111],[75.142967,12.63331],[75.150642,12.676342],[75.086098,12.697782],[75.047806,12.660089],[75.049667,12.7147],[74.984779,12.729881],[74.992287,12.79046],[74.867081,12.754452],[74.973473,12.498749],[75.181808,12.09514],[75.192093,12.132643],[75.192917,12.10068],[75.172638,12.085702],[75.220139,12.070142],[75.178177,12.07875],[75.20153,12.005417],[75.230698,12.02414],[75.223061,12.10484],[75.399826,12.140501],[75.309067,12.102661],[75.311668,12.049306],[75.339302,12.047638],[75.299309,12.015689],[75.333191,12.010141],[75.298737,12.00347],[75.268196,12.023472],[75.265976,12.005971],[75.27903,12.002085],[75.307907,11.952361],[75.357086,11.931251],[75.373749,11.957361],[75.400139,11.91764],[75.303192,11.947085],[75.318192,11.905417],[75.454025,11.778472],[75.460136,11.80736],[75.459862,11.765417],[75.474304,11.803472],[75.500137,11.798195],[75.474861,11.766529],[75.507637,11.761248],[75.472076,11.76376],[75.542358,11.681811],[75.617363,11.477083],[75.68264,11.448195],[75.802086,11.162638],[75.829025,11.180696],[75.801804,11.158194],[75.82486,11.125417],[75.858475,11.138472],[75.825142,11.122917],[75.910141,10.79236],[76.036247,10.51014],[76.031807,10.537084],[76.048187,10.535142],[76.041527,10.575421],[76.067642,10.544584],[76.034027,10.525695],[76.099304,10.380694],[76.159859,10.188472],[76.191528,10.194311],[76.202637,10.139028],[76.16597,10.174861],[76.22403,9.977079],[76.245415,9.972362],[76.205696,10.147082],[76.239304,10.075139],[76.225693,10.127083],[76.26458,10.07931],[76.25708,10.045971],[76.240417,10.070973],[76.24958,10.029862],[76.318748,9.888761],[76.343193,9.885141],[76.340141,9.919584],[76.377357,9.864862],[76.41597,9.565971],[76.502083,9.530973],[76.480423,9.511251],[76.357086,9.525416],[76.39875,9.674305],[76.360695,9.700417],[76.370697,9.820143],[76.320686,9.87125],[76.347641,9.711806],[76.319313,9.876251],[76.295692,9.889862],[76.284584,9.832639],[76.287636,9.898472],[76.269577,9.866252],[76.257362,9.9157],[76.265419,9.896806],[76.266525,9.912361],[76.296524,9.892916],[76.295418,9.91792],[76.237358,9.965422],[76.337914,9.415972],[76.46125,9.139584],[76.422638,9.245693],[76.470703,9.14236],[76.490417,9.17014],[76.483749,9.126805],[76.463478,9.134029],[76.546249,8.90236],[76.631805,8.836251],[76.974861,8.38514],[77.090698,8.29747],[77.159653,8.312501],[77.134819,8.37853],[77.209518,8.437719],[77.186493,8.493371],[77.247543,8.50138],[77.26516,8.53745],[77.155319,8.73756],[77.214676,8.775761],[77.241501,8.864782],[77.132179,9.01185],[77.182083,9.036501],[77.251778,9.143041],[77.266823,9.29088],[77.396233,9.496542],[77.350548,9.526292],[77.340897,9.595051],[77.324783,9.5632],[77.304306,9.593041],[77.255013,9.564991],[77.151871,9.60602],[77.233986,9.78852],[77.204437,9.89432],[77.261421,9.963721],[77.188141,10.095652],[77.259781,10.119081],[77.280449,10.207252],[77.246529,10.22061],[77.22216,10.340301],[77.162956,10.346281],[76.970787,10.208651],[76.819672,10.29524],[76.829727,10.585062],[76.804993,10.626341],[76.87262,10.629432],[76.855507,10.675272],[76.897507,10.7708],[76.817558,10.861801],[76.649162,10.924152],[76.70652,11.031351],[76.792473,11.042373],[76.737099,11.04751],[76.738716,11.12129],[76.691177,11.14451],[76.725578,11.208891],[76.696968,11.231331],[76.623039,11.185671],[76.487648,11.20279],[76.452721,11.18021],[76.446388,11.230461],[76.540169,11.292348],[76.5382,11.35159],[76.448387,11.381419],[76.410393,11.433591],[76.278061,11.474531],[76.240097,11.459641],[76.225746,11.56444],[76.270973,11.592909],[76.297897,11.564331],[76.350113,11.582742],[76.380066,11.622419],[76.424797,11.62329],[76.423462,11.659321]]]},"properties":{"ID_0":105,"ISO":"IND","NAME_0":"India","ID_1":18,"NAME_1":"Kerala","NL_NAME_1":"","VARNAME_1":"","TYPE_1":"State","ENGTYPE_1":"State","filename":"","filename_1":"","filename_2":"","filename_3":"","filename_4":""}},
{"type":"Feature","geometry":{"type":"MultiPolygon","coordinates":[[[[73.080971,8.327642],[73.018753,8.271529],[73.049309,8.266805],[73.080971,8.327642]]],[[[73.678467,10.821531],[73.662086,10.808472],[73.702637,10.814862],[73.678467,10.821531]]]]},"properties":{"ID_0":105,"ISO":"IND","NAME_0":"India","ID_1":19,"NAME_1":"Lakshadweep","NL_NAME_1":"","VARNAME_1":"les Laquedives|Laccadive|Minicoy and Amindivi Islands|Laccadives|Lackadiverna|Lakkadiven|Lakkadi","TYPE_1":"Union Territor","ENGTYPE_1":"Union Territory","filename":"","filename_1":"","filename_2":"","filename_3":"","filename_4":""}},
{"type":"Feature","geometry":{"type":"Polygon","coordinates":[[[82.807777,23.963058],[82.797272,24.00514],[82.741997,24.0214],[82.766258,24.077868],[82.708397,24.080761],[82.657387,24.134798],[82.670853,24.15847],[82.720367,24.13899],[82.764137,24.292431],[82.760582,24.373041],[82.707161,24.38518],[82.736549,24.499771],[82.712532,24.556219],[82.800766,24.552681],[82.762787,24.64567],[82.695183,24.644253],[82.657928,24.700397],[82.529266,24.65196],[82.432312,24.706282],[82.401596,24.6838],[82.409172,24.59783],[82.29393,24.613741],[82.296417,24.670012],[82.229927,24.66964],[82.24366,24.775751],[82.199486,24.752069],[82.213753,24.728661],[82.172882,24.739571],[82.209473,24.78149],[82.179008,24.804651],[82.195969,24.82453],[82.11219,24.792261],[82.00489,24.850691],[81.959152,24.83061],[81.896446,24.892509],[81.898468,25.009621],[81.789223,25.010139],[81.681892,25.043772],[81.658691,25.079731],[81.604347,25.060749],[81.63195,25.10327],[81.616753,25.12262],[81.601227,25.10021],[81.618988,25.159651],[81.577187,25.191299],[81.50779,25.184971],[81.530006,25.16334],[81.471756,25.134991],[81.507576,25.10681],[81.483727,25.07494],[81.400848,25.107771],[81.438339,25.110441],[81.430222,25.133631],[81.39122,25.123131],[81.329956,25.172491],[81.314667,25.116291],[81.306389,25.165993],[81.269119,25.16774],[81.261589,25.06846],[81.201698,24.995729],[81.212608,24.934521],[81.16143,24.958511],[81.132446,24.892071],[81.076416,24.952261],[80.955231,24.925711],[80.936821,24.9725],[80.900047,24.939581],[80.8022,24.94446],[80.789993,24.971783],[80.848183,24.99814],[80.826683,25.03919],[80.904922,25.160311],[80.878036,25.195601],[80.836281,25.19268],[80.827698,25.11031],[80.799576,25.146418],[80.699638,25.13715],[80.77594,25.061691],[80.673569,25.054171],[80.67926,25.08182],[80.656296,25.074442],[80.601357,25.104408],[80.632393,25.123281],[80.594589,25.155241],[80.587776,25.1091],[80.606781,25.07218],[80.476128,25.102251],[80.494209,25.045321],[80.440712,25.082069],[80.365761,25.05776],[80.382187,25.009741],[80.278496,25.021648],[80.351288,25.144901],[80.423698,25.174143],[80.399063,25.24297],[80.304047,25.288893],[80.310753,25.387318],[80.255867,25.428711],[80.245186,25.40489],[80.193916,25.416231],[80.123299,25.33843],[80.020737,25.343161],[79.996727,25.26865],[79.847137,25.2402],[79.855896,25.098501],[79.745636,25.143883],[79.597878,25.131432],[79.565521,25.177551],[79.489876,25.08275],[79.460533,25.096331],[79.468376,25.134451],[79.399147,25.113461],[79.383873,25.17028],[79.490402,25.27035],[79.415306,25.25922],[79.367416,25.294321],[79.352966,25.265381],[79.345886,25.33304],[79.294731,25.340219],[79.259453,25.271441],[79.340088,25.27276],[79.346962,25.214241],[79.273598,25.248119],[79.303223,25.133329],[79.260071,25.122101],[79.23584,25.160961],[79.213913,25.14838],[79.23838,25.116369],[79.184853,25.151133],[79.179306,25.117693],[79.129173,25.110769],[79.084297,25.19253],[79.021767,25.14319],[79.056442,25.22571],[79.004967,25.27697],[78.971169,25.244921],[78.995811,25.195938],[78.948341,25.220181],[78.871841,25.166],[78.875877,25.25577],[78.970047,25.28521],[78.952858,25.349871],[78.876518,25.34446],[78.841751,25.22916],[78.811676,25.299841],[78.783249,25.297611],[78.874748,25.387659],[78.949356,25.40016],[78.892456,25.375298],[78.928627,25.351801],[78.978508,25.376013],[78.960129,25.43889],[78.903229,25.446938],[78.935638,25.480021],[78.93074,25.559721],[78.874359,25.557013],[78.876007,25.524321],[78.828323,25.509981],[78.85717,25.46714],[78.834267,25.432461],[78.829857,25.465691],[78.73175,25.50065],[78.755066,25.433851],[78.812912,25.430428],[78.743141,25.412701],[78.764381,25.3584],[78.65789,25.38798],[78.656517,25.42013],[78.701401,25.42886],[78.652718,25.444],[78.628586,25.406462],[78.561127,25.395693],[78.576218,25.351931],[78.525146,25.363012],[78.525078,25.30653],[78.492172,25.32383],[78.427361,25.288671],[78.568581,25.25861],[78.597168,25.097872],[78.64193,25.061491],[78.622047,24.964901],[78.668396,24.902399],[78.764481,24.861368],[78.78054,24.814972],[78.749466,24.60498],[78.881721,24.6397],[78.966393,24.496948],[78.913811,24.500841],[78.908592,24.46677],[78.984383,24.44136],[78.966873,24.353661],[78.87886,24.223051],[78.791687,24.180241],[78.760277,24.25849],[78.669121,24.24502],[78.578438,24.35708],[78.505371,24.39395],[78.434776,24.297661],[78.379639,24.27556],[78.325996,24.329618],[78.360947,24.38579],[78.266876,24.447371],[78.219719,24.522779],[78.258888,24.558189],[78.268478,24.667101],[78.163803,24.8571],[78.327538,24.999559],[78.327766,25.08877],[78.442917,25.128771],[78.418297,25.1535],[78.446457,25.169022],[78.385361,25.19516],[78.295517,25.3748],[78.347588,25.45484],[78.420723,25.477619],[78.429337,25.56386],[78.581192,25.564308],[78.608627,25.589081],[78.648621,25.565639],[78.805191,25.624557],[78.811333,25.67448],[78.746819,25.74909],[78.820503,25.7994],[78.811249,25.83012],[78.861923,25.799198],[78.846626,25.8605],[78.882683,25.87027],[78.944328,26.036951],[79.003151,26.081793],[78.942673,26.139141],[79.000717,26.15498],[78.977379,26.195499],[79.057053,26.232891],[79.037033,26.266991],[79.083572,26.272409],[79.133743,26.344971],[79.076797,26.362692],[79.126762,26.444811],[79.048462,26.456051],[79.060936,26.5033],[78.979622,26.57408],[78.993179,26.68457],[78.937912,26.662691],[78.948143,26.696741],[78.864929,26.70467],[78.811386,26.765471],[78.715347,26.800213],[78.565849,26.75769],[78.38974,26.8249],[78.351357,26.874371],[78.282066,26.864088],[78.260887,26.82095],[78.209793,26.83609],[78.16095,26.82704],[78.176117,26.791492],[78.099831,26.797009],[78.085739,26.68305],[77.992218,26.702641],[77.894577,26.66221],[77.812996,26.55481],[77.744347,26.54525],[77.522881,26.414911],[77.427719,26.40691],[77.432426,26.365],[77.334671,26.357231],[77.20311,26.2374],[77.124031,26.237951],[77.091682,26.19088],[76.887779,26.093323],[76.806313,25.952978],[76.73333,25.90255],[76.646126,25.908852],[76.626602,25.870871],[76.592728,25.874168],[76.529312,25.797972],[76.530617,25.733971],[76.482391,25.71813],[76.564278,25.442402],[76.602547,25.388981],[76.766731,25.336231],[76.770096,25.312191],[76.893227,25.322401],[76.941826,25.27536],[77.07547,25.339691],[77.205147,25.31143],[77.220261,25.373428],[77.282982,25.42359],[77.361343,25.41296],[77.336418,25.325581],[77.371788,25.320221],[77.349663,25.27177],[77.417992,25.193029],[77.390709,25.18819],[77.398529,25.113272],[77.302856,25.08387],[77.26226,25.119261],[77.169579,25.11372],[77.114456,25.06909],[76.993729,25.07995],[76.854347,25.010311],[76.948921,24.872869],[76.801582,24.819839],[76.847298,24.750401],[76.951736,24.765461],[77.026657,24.71092],[77.064697,24.56991],[76.965317,24.460861],[76.91465,24.487659],[76.912872,24.54357],[76.81459,24.53437],[76.851326,24.469109],[76.840179,24.33872],[76.944443,24.206291],[76.89994,24.131111],[76.801117,24.12034],[76.754997,24.172091],[76.701141,24.17144],[76.67421,24.19343],[76.692963,24.285049],[76.58802,24.249559],[76.579727,24.180679],[76.531433,24.163469],[76.469948,24.2314],[76.414436,24.20742],[76.326897,24.253618],[76.282776,24.215712],[76.215569,24.216808],[76.185486,24.331511],[76.121323,24.19639],[76.134697,24.095289],[75.960182,24.02537],[75.975822,23.93294],[75.777061,23.85387],[75.702332,23.904051],[75.729111,23.85821],[75.71785,23.819033],[75.687401,23.81925],[75.684479,23.760569],[75.651833,23.801949],[75.582527,23.80036],[75.560623,23.859951],[75.456497,23.92074],[75.514381,24.048733],[75.583839,23.99192],[75.669197,24.033543],[75.700409,23.969061],[75.762039,23.997952],[75.779617,24.06208],[75.833763,24.07543],[75.835793,24.111351],[75.743492,24.139601],[75.773506,24.220892],[75.826881,24.24641],[75.726883,24.405279],[75.79113,24.475203],[75.847252,24.41897],[75.908997,24.456141],[75.917397,24.57148],[75.828148,24.61335],[75.838753,24.72987],[75.759682,24.764799],[75.613327,24.688421],[75.581902,24.7227],[75.451897,24.693218],[75.216949,24.72241],[75.185516,24.768051],[75.251923,24.83717],[75.227737,24.847759],[75.201317,24.884201],[75.208191,24.91],[75.249947,24.895691],[75.227386,24.85915],[75.278938,24.853491],[75.305733,24.81333],[75.417099,24.863901],[75.424217,24.892752],[75.311302,24.869459],[75.261452,24.88966],[75.293083,24.92318],[75.275902,24.97673],[75.313873,24.90044],[75.345589,25.042801],[75.159126,25.045471],[75.164398,24.991661],[75.115707,24.965391],[75.118866,24.88904],[75.043388,24.859228],[74.920082,24.89185],[74.846352,24.974291],[74.823608,24.928501],[74.848892,24.79266],[74.858566,24.813061],[75.007057,24.796061],[75.020233,24.752768],[74.942856,24.660391],[74.892853,24.65535],[74.799316,24.795641],[74.775276,24.687731],[74.817108,24.671671],[74.711937,24.510941],[74.858131,24.467333],[74.752808,24.28266],[74.894287,24.261681],[74.881126,24.213503],[74.992989,24.029701],[74.905678,23.873911],[74.940567,23.734871],[74.907623,23.682831],[74.93972,23.630371],[74.845421,23.554171],[74.61338,23.461361],[74.518303,23.32873],[74.553467,23.28252],[74.701149,23.272142],[74.722153,23.242512],[74.695007,23.22308],[74.745796,23.23271],[74.745697,23.212111],[74.669159,23.20149],[74.512283,23.088831],[74.39119,23.112],[74.322777,23.062691],[74.370796,22.980053],[74.341637,22.964691],[74.362022,22.93309],[74.400383,22.89938],[74.451477,22.924],[74.47892,22.858641],[74.384186,22.64357],[74.265358,22.644831],[74.15332,22.51742],[74.06675,22.5509],[74.034668,22.508369],[74.085266,22.508518],[74.078087,22.465643],[74.123001,22.420811],[74.144249,22.456711],[74.186676,22.444151],[74.190826,22.47788],[74.204613,22.437172],[74.294182,22.394468],[74.206802,22.36762],[74.191063,22.32193],[74.134293,22.332331],[74.111961,22.371613],[74.071983,22.360241],[74.075783,22.221878],[74.12278,22.2129],[74.130272,22.09771],[74.18071,22.086601],[74.097702,22.015459],[74.153847,21.98642],[74.146019,21.95406],[74.200638,21.92565],[74.289711,21.935791],[74.388313,22.02018],[74.446037,22.02652],[74.448639,21.97113],[74.527496,21.908781],[74.511223,21.726749],[74.552376,21.718399],[74.558876,21.682081],[74.789063,21.610861],[74.901878,21.63023],[75.057747,21.564939],[75.115097,21.45956],[75.219856,21.41087],[75.548149,21.37249],[75.888107,21.39963],[76.052376,21.352701],[76.098671,21.373928],[76.172722,21.18829],[76.11396,21.16464],[76.172638,21.0846],[76.376373,21.077311],[76.45269,21.114868],[76.487373,21.19606],[76.623367,21.192659],[76.661072,21.282421],[76.624527,21.3351],[76.784187,21.46649],[76.762932,21.52265],[76.795349,21.59754],[76.901123,21.600809],[77.072327,21.722931],[77.171448,21.727261],[77.20742,21.69401],[77.28315,21.72422],[77.28624,21.762751],[77.475471,21.771441],[77.542183,21.701031],[77.570999,21.56262],[77.607117,21.54277],[77.457512,21.55657],[77.416969,21.53306],[77.487022,21.37775],[77.584442,21.364479],[77.601547,21.393559],[77.667221,21.37149],[77.691132,21.39707],[77.705246,21.35907],[77.733879,21.364731],[77.79937,21.4123],[77.938782,21.386909],[78.169342,21.498501],[78.180946,21.558681],[78.269257,21.570711],[78.266121,21.59428],[78.360962,21.578299],[78.379517,21.61865],[78.422562,21.60195],[78.430099,21.501751],[78.50856,21.528433],[78.72419,21.46438],[78.746483,21.49387],[78.772186,21.467131],[78.784622,21.48914],[78.931831,21.4874],[78.913239,21.59236],[78.994446,21.61875],[79.088089,21.59919],[79.147827,21.660521],[79.219902,21.65081],[79.228691,21.723928],[79.349022,21.67889],[79.488579,21.674122],[79.536621,21.544218],[79.73262,21.60253],[79.915817,21.524481],[79.936386,21.556801],[79.993553,21.534712],[80.063568,21.554581],[80.188217,21.634201],[80.260223,21.62015],[80.370613,21.520969],[80.403366,21.37649],[80.485497,21.397638],[80.593163,21.324791],[80.656532,21.330772],[80.730217,21.472052],[80.726326,21.73103],[80.742973,21.757961],[80.811203,21.747492],[80.841171,21.856453],[80.818443,21.956791],[80.845772,21.960899],[80.90609,22.114441],[80.950523,22.11301],[80.978851,22.048311],[81.004272,22.070021],[80.971756,22.121481],[81.015793,22.13271],[81.019447,22.229191],[81.084679,22.24675],[81.113846,22.29438],[81.109993,22.44112],[81.180046,22.49015],[81.218391,22.451651],[81.275467,22.499441],[81.303963,22.48175],[81.322937,22.52433],[81.378738,22.505301],[81.396553,22.44132],[81.519066,22.539982],[81.615791,22.539021],[81.656548,22.632002],[81.722946,22.67621],[81.74054,22.648069],[81.762726,22.663589],[81.769402,22.873508],[81.856346,22.89086],[81.940247,22.95709],[81.938103,23.07781],[82.115883,23.1038],[82.151077,23.141741],[82.142487,23.227701],[82.18586,23.32539],[82.110901,23.355841],[82.09848,23.397701],[82.045738,23.377871],[82.015976,23.42351],[81.97612,23.413111],[81.916359,23.532091],[81.827179,23.51129],[81.736031,23.56743],[81.628227,23.49037],[81.607048,23.506889],[81.569733,23.58865],[81.687286,23.72135],[81.598442,23.85368],[81.610512,23.906973],[81.661598,23.925598],[81.719063,23.840429],[81.782661,23.81184],[81.916443,23.87299],[82.000732,23.86314],[82.045403,23.820589],[82.162407,23.81996],[82.203888,23.852991],[82.226143,23.806932],[82.460022,23.811399],[82.516197,23.784231],[82.544518,23.794189],[82.527351,23.82408],[82.652023,23.856501],[82.656517,23.907862],[82.807777,23.963058]]]},"properties":{"ID_0":105,"ISO":"IND","NAME_0":"India","ID_1":20,"NAME_1":"Madhya Pradesh","NL_NAME_1":"","VARNAME_1":"","TYPE_1":"State","ENGTYPE_1":"State","filename":"","filename_1":"","filename_2":"","filename_3":"","filename_4":""}},
{"type":"Feature","geometry":{"type":"Polygon","coordinates":[[[80.656532,21.330772],[80.593163,21.324791],[80.485497,21.397638],[80.403366,21.37649],[80.370613,21.520969],[80.260223,21.62015],[80.188217,21.634201],[80.063568,21.554581],[79.993553,21.534712],[79.936386,21.556801],[79.915817,21.524481],[79.73262,21.60253],[79.536621,21.544218],[79.488579,21.674122],[79.349022,21.67889],[79.228691,21.723928],[79.219902,21.65081],[79.147827,21.660521],[79.088089,21.59919],[78.994446,21.61875],[78.913239,21.59236],[78.931831,21.4874],[78.784622,21.48914],[78.772186,21.467131],[78.746483,21.49387],[78.72419,21.46438],[78.50856,21.528433],[78.430099,21.501751],[78.422562,21.60195],[78.379517,21.61865],[78.360962,21.578299],[78.266121,21.59428],[78.269257,21.570711],[78.180946,21.558681],[78.169342,21.498501],[77.938782,21.386909],[77.79937,21.4123],[77.733879,21.364731],[77.705246,21.35907],[77.691132,21.39707],[77.667221,21.37149],[77.601547,21.393559],[77.584442,21.364479],[77.487022,21.37775],[77.416969,21.53306],[77.457512,21.55657],[77.607117,21.54277],[77.570999,21.56262],[77.542183,21.701031],[77.475471,21.771441],[77.28624,21.762751],[77.28315,21.72422],[77.20742,21.69401],[77.171448,21.727261],[77.072327,21.722931],[76.901123,21.600809],[76.795349,21.59754],[76.762932,21.52265],[76.784187,21.46649],[76.624527,21.3351],[76.661072,21.282421],[76.623367,21.192659],[76.487373,21.19606],[76.45269,21.114868],[76.376373,21.077311],[76.172638,21.0846],[76.11396,21.16464],[76.172722,21.18829],[76.098671,21.373928],[76.052376,21.352701],[75.888107,21.39963],[75.548149,21.37249],[75.219856,21.41087],[75.115097,21.45956],[75.057747,21.564939],[74.901878,21.63023],[74.789063,21.610861],[74.558876,21.682081],[74.552376,21.718399],[74.511223,21.726749],[74.527496,21.908781],[74.448639,21.97113],[74.446037,22.02652],[74.388313,22.02018],[74.289711,21.935791],[74.200638,21.92565],[74.146019,21.95406],[73.810516,21.823338],[73.898102,21.667271],[73.787613,21.62505],[73.860786,21.495823],[74.025558,21.55262],[74.181831,21.561769],[74.205238,21.529211],[74.309967,21.567322],[74.327721,21.49575],[74.110977,21.448101],[74.067162,21.481932],[74.048546,21.41943],[73.952843,21.40237],[73.948486,21.29755],[73.832138,21.26745],[73.822548,21.171921],[73.636398,21.13266],[73.613167,21.17606],[73.588303,21.1679],[73.659943,21.108379],[73.752609,21.11409],[73.742188,21.0555],[73.774857,21.01045],[73.906448,20.98315],[73.949532,20.74231],[73.822647,20.693821],[73.838287,20.615761],[73.670708,20.56234],[73.607307,20.636301],[73.538376,20.673861],[73.498436,20.653419],[73.482613,20.71723],[73.453697,20.71047],[73.402733,20.642599],[73.50074,20.540241],[73.39135,20.3902],[73.423431,20.352091],[73.429916,20.20623],[73.31115,20.207211],[73.289078,20.149563],[73.216316,20.122],[73.185867,20.0529],[73.060638,20.09906],[73.052811,20.067671],[73.017479,20.134958],[72.973228,20.1308],[72.970428,20.21233],[72.874542,20.225809],[72.835342,20.144642],[72.73764,20.136539],[72.707642,20.070141],[72.716248,19.972361],[72.753746,19.94264],[72.75486,19.927361],[72.719856,19.968752],[72.69014,19.958195],[72.650696,19.839581],[72.695686,19.804861],[72.693466,19.735691],[72.719307,19.75514],[72.693748,19.729313],[72.737923,19.597919],[72.712639,19.59597],[72.718193,19.53875],[72.764862,19.504305],[72.786247,19.525972],[72.744583,19.462921],[72.757637,19.375973],[72.799026,19.331251],[72.782364,19.193195],[72.839577,19.267361],[72.780136,19.16625],[72.793472,19.12986],[72.829865,19.182364],[72.803467,19.141533],[72.838196,19.039282],[72.791817,18.950701],[72.823471,18.94153],[72.80764,18.89097],[72.862076,19.002918],[72.909302,18.991249],[72.963196,19.058472],[73.032349,18.99931],[72.955696,18.97403],[72.957642,18.908472],[72.907913,18.902084],[72.926529,18.850971],[72.988747,18.865973],[72.982643,18.80958],[72.970413,18.78986],[72.940697,18.827921],[72.916252,18.79236],[72.869308,18.804583],[72.855141,18.69681],[72.928467,18.541811],[72.895416,18.472643],[72.914017,18.354853],[73.027916,18.264305],[73.054581,18.27042],[73.040138,18.301531],[73.087906,18.326811],[73.08625,18.287916],[73.042923,18.297079],[73.080399,18.231253],[73.059586,18.190695],[73.088196,18.151527],[73.055695,18.187084],[73.069305,18.222082],[72.981529,18.242081],[72.964577,18.28014],[72.935417,18.28153],[72.930969,18.220417],[72.98764,18.195141],[72.989861,18.05514],[73.045418,18.041531],[73.002083,18.02125],[73.038193,17.98431],[73.029602,17.944311],[73.092361,17.940695],[73.05014,17.906807],[73.132637,17.830139],[73.087357,17.838751],[73.135139,17.716249],[73.127083,17.637081],[73.168472,17.582361],[73.137085,17.555973],[73.205696,17.43903],[73.167084,17.405138],[73.244026,17.307362],[73.227638,17.28153],[73.189308,17.29792],[73.298195,17.078472],[73.278473,17.040419],[73.290138,17.04764],[73.319862,17.038195],[73.284309,17.040138],[73.289307,17.006821],[73.265976,17.04764],[73.254303,17.027361],[73.294304,16.985971],[73.277084,16.892084],[73.313469,16.88903],[73.285698,16.880701],[73.295418,16.816792],[73.333191,16.81653],[73.30542,16.729305],[73.352638,16.596531],[73.316803,16.600969],[73.394028,16.552641],[73.345703,16.556528],[73.390137,16.514311],[73.34903,16.504301],[73.318176,16.556528],[73.316246,16.51347],[73.365417,16.397638],[73.405418,16.404861],[73.36792,16.36347],[73.411247,16.362083],[73.385406,16.336531],[73.410423,16.27792],[73.435699,16.28653],[73.410973,16.27347],[73.429863,16.199032],[73.447365,16.224583],[73.454865,16.05514],[73.509857,15.937361],[73.590416,15.912361],[73.680138,15.724371],[73.833038,15.737752],[73.865486,15.797529],[73.882446,15.749351],[73.945366,15.741522],[73.998703,15.61113],[74.12603,15.65029],[74.096527,15.67085],[74.133598,15.678401],[74.130623,15.717921],[74.227348,15.785671],[74.250069,15.74118],[74.364853,15.773651],[74.389313,15.84414],[74.344536,15.852051],[74.374123,15.89161],[74.411583,15.852591],[74.391869,15.901159],[74.470276,16.040541],[74.368156,16.052959],[74.434593,16.11062],[74.48909,16.08732],[74.512878,16.188263],[74.503113,16.231041],[74.421227,16.28059],[74.353287,16.29184],[74.333839,16.26807],[74.325462,16.37925],[74.361656,16.36475],[74.36911,16.394329],[74.338867,16.452162],[74.296318,16.459011],[74.299896,16.50263],[74.268776,16.47603],[74.253159,16.494881],[74.285759,16.50337],[74.276367,16.544533],[74.314117,16.502098],[74.329407,16.553471],[74.389923,16.527901],[74.403481,16.578671],[74.472458,16.604811],[74.477386,16.66078],[74.498009,16.62664],[74.551437,16.633211],[74.574051,16.55197],[74.642807,16.606771],[74.690376,16.60446],[74.660507,16.637581],[74.698196,16.7152],[74.92382,16.769951],[74.911957,16.85594],[74.967262,16.90538],[74.938393,16.94099],[75.031906,16.925671],[75.090416,16.94865],[75.141129,16.873541],[75.215858,16.84034],[75.282776,16.874241],[75.288437,16.954773],[75.467911,16.985331],[75.492493,16.9429],[75.570343,16.963621],[75.575798,17.007799],[75.645027,16.951033],[75.674606,16.96027],[75.672241,17.03573],[75.643753,17.0364],[75.67849,17.094172],[75.628021,17.17012],[75.659889,17.26144],[75.605957,17.303261],[75.578537,17.382931],[75.615807,17.391859],[75.63559,17.47751],[75.691193,17.412611],[75.737038,17.4219],[75.802338,17.370102],[75.824722,17.42285],[75.861969,17.385851],[75.887238,17.41733],[75.893661,17.353621],[75.931152,17.32411],[76.054527,17.3543],[76.078743,17.33007],[76.121208,17.366341],[76.175758,17.297211],[76.172333,17.34873],[76.244362,17.37468],[76.275879,17.33053],[76.343613,17.349932],[76.352272,17.310591],[76.381706,17.31181],[76.408066,17.369289],[76.362,17.37508],[76.373177,17.43442],[76.333656,17.432293],[76.330803,17.468819],[76.375038,17.493521],[76.343483,17.49435],[76.366127,17.522173],[76.331673,17.59487],[76.415672,17.6042],[76.428726,17.644411],[76.489296,17.660669],[76.523697,17.75889],[76.573303,17.76],[76.573227,17.702169],[76.614449,17.768312],[76.690552,17.679953],[76.727608,17.737],[76.715706,17.781919],[76.78817,17.826471],[76.737457,17.857059],[76.740677,17.89801],[76.802803,17.86832],[76.916443,17.915091],[76.917717,18.03323],[76.954643,18.03968],[76.968277,18.097111],[76.922562,18.11611],[76.954109,18.184891],[77.108887,18.152691],[77.095543,18.195101],[77.149986,18.21656],[77.170532,18.28087],[77.206177,18.27796],[77.240227,18.408648],[77.317413,18.453791],[77.342079,18.43029],[77.369629,18.447651],[77.369751,18.400709],[77.41011,18.388531],[77.35881,18.31065],[77.436371,18.306492],[77.465393,18.25996],[77.509506,18.30673],[77.549957,18.291349],[77.566917,18.317949],[77.519501,18.349253],[77.555206,18.417852],[77.52594,18.427351],[77.585213,18.44545],[77.546196,18.463383],[77.601067,18.474211],[77.597267,18.547541],[77.648811,18.55262],[77.65757,18.527201],[77.736511,18.55481],[77.732857,18.676001],[77.757629,18.70709],[77.786438,18.68412],[77.837463,18.807461],[77.942551,18.82229],[77.881577,18.908531],[77.8405,18.911301],[77.853729,18.952278],[77.767357,18.981421],[77.757393,19.028551],[77.761688,19.06204],[77.79718,19.05131],[77.80265,19.101961],[77.848137,19.09008],[77.84655,19.19698],[77.867386,19.25526],[77.905708,19.26722],[77.860878,19.30213],[77.948921,19.34128],[78.051132,19.24176],[78.170059,19.23633],[78.182167,19.41177],[78.308891,19.456409],[78.279106,19.558201],[78.310989,19.604179],[78.269722,19.66313],[78.345276,19.71357],[78.367737,19.78108],[78.338997,19.83918],[78.294128,19.84955],[78.319511,19.915468],[78.493919,19.79315],[78.526268,19.821659],[78.603653,19.817501],[78.716446,19.7668],[78.845627,19.75835],[78.858803,19.656311],[78.968956,19.649233],[78.954552,19.55183],[79.102867,19.52795],[79.177788,19.460691],[79.222939,19.467791],[79.243866,19.612553],[79.470421,19.497452],[79.542656,19.548523],[79.598053,19.503771],[79.639717,19.575001],[79.785423,19.59359],[79.940208,19.46451],[79.973053,19.40102],[79.920166,19.22641],[79.943207,19.170601],[79.858047,19.104111],[79.859589,19.03463],[79.916107,19.047359],[79.934486,19.0217],[79.939003,18.858892],[79.894012,18.830839],[80.110817,18.676189],[80.158081,18.69594],[80.188957,18.675581],[80.26754,18.71797],[80.242157,18.759748],[80.348503,18.82394],[80.267639,18.928789],[80.267723,18.987329],[80.324852,19.141533],[80.386673,19.18902],[80.383347,19.23914],[80.567818,19.400921],[80.610153,19.30714],[80.67189,19.326448],[80.688606,19.283489],[80.749237,19.286741],[80.845009,19.36091],[80.787933,19.426701],[80.892067,19.465681],[80.827606,19.562672],[80.656853,19.612261],[80.66584,19.692211],[80.539673,19.774599],[80.542427,19.819271],[80.469162,19.824661],[80.478088,19.772409],[80.394707,19.794579],[80.49752,19.86875],[80.482651,19.898899],[80.407677,19.905903],[80.406296,19.932501],[80.443703,19.952671],[80.520378,19.93088],[80.546158,20.06571],[80.498032,20.13892],[80.393837,20.14402],[80.413986,20.190231],[80.382957,20.24172],[80.510826,20.269611],[80.617767,20.333681],[80.586021,20.395611],[80.622322,20.603863],[80.511902,20.585119],[80.481598,20.6171],[80.580116,20.683641],[80.545532,20.765369],[80.54184,20.93392],[80.455559,20.93211],[80.433319,21.097151],[80.457298,21.17284],[80.635307,21.250139],[80.672951,21.298288],[80.656532,21.330772]]]},"properties":{"ID_0":105,"ISO":"IND","NAME_0":"India","ID_1":21,"NAME_1":"Maharashtra","NL_NAME_1":"","VARNAME_1":"","TYPE_1":"State","ENGTYPE_1":"State","filename":"","filename_1":"","filename_2":"","filename_3":"","filename_4":""}},
{"type":"Feature","geometry":{"type":"Polygon","coordinates":[[[94.682426,25.45973],[94.557419,25.51277],[94.5952,25.64385],[94.573013,25.697651],[94.505371,25.616993],[94.430023,25.592722],[94.420273,25.54265],[94.313538,25.494471],[94.214851,25.50024],[94.19487,25.552429],[94.09211,25.53273],[94.014732,25.59613],[93.965218,25.556578],[93.770638,25.540279],[93.765793,25.499901],[93.804047,25.499029],[93.808998,25.46559],[93.69278,25.361589],[93.608017,25.202051],[93.55471,25.250528],[93.505142,25.244131],[93.474022,25.30928],[93.388718,25.24592],[93.335777,25.09584],[93.24884,25.018801],[93.262413,24.95137],[93.197357,24.81126],[93.152946,24.78978],[93.109787,24.80974],[93.075867,24.71039],[93.104706,24.675343],[93.075417,24.59623],[93.106979,24.583561],[93.061119,24.574833],[93.039169,24.411131],[93.000496,24.403271],[93.043373,24.34339],[92.976379,24.11482],[93.079491,24.10297],[93.100922,24.04509],[93.147911,24.088091],[93.216736,24.05006],[93.248016,24.085339],[93.255287,24.02379],[93.337372,24.0534],[93.346916,24.112968],[93.415428,24.07922],[93.515083,23.947168],[93.563538,23.989578],[93.603462,23.969591],[93.620659,24.01424],[93.756943,24.009493],[93.815987,23.929829],[93.953781,23.950199],[94.096092,23.893572],[94.122643,23.84273],[94.161461,23.852779],[94.326347,24.338949],[94.383369,24.37941],[94.403419,24.48778],[94.531487,24.632391],[94.550987,24.716539],[94.610847,24.722113],[94.637848,24.84236],[94.71907,24.942471],[94.745659,25.136591],[94.585358,25.21575],[94.682426,25.45973]]]},"properties":{"ID_0":105,"ISO":"IND","NAME_0":"India","ID_1":22,"NAME_1":"Manipur","NL_NAME_1":"","VARNAME_1":"","TYPE_1":"State","ENGTYPE_1":"State","filename":"","filename_1":"","filename_2":"","filename_3":"","filename_4":""}},
{"type":"Feature","geometry":{"type":"Polygon","coordinates":[[[92.425903,25.03182],[92.463257,25.037128],[92.484299,25.108061],[92.542946,25.0996],[92.524666,25.14003],[92.621643,25.117701],[92.666908,25.177061],[92.80442,25.21933],[92.764648,25.24935],[92.78437,25.332539],[92.654282,25.435341],[92.609093,25.416571],[92.59816,25.471651],[92.567413,25.46747],[92.644699,25.537441],[92.653458,25.59218],[92.572502,25.560421],[92.557617,25.611988],[92.501709,25.622931],[92.385101,25.753563],[92.160698,25.67186],[92.153107,25.81275],[92.225479,25.907049],[92.163696,25.911791],[92.156319,25.944799],[92.297318,26.079149],[91.991066,26.041033],[91.922096,25.999531],[91.870163,26.052191],[91.875786,26.097731],[91.819313,26.11874],[91.731262,26.05921],[91.720177,25.954071],[91.669312,25.90539],[91.611153,25.93992],[91.632156,26.022409],[91.575836,26.03311],[91.474762,25.871231],[91.525406,25.87289],[91.333557,25.83884],[91.275627,25.746941],[91.223877,25.723419],[91.179932,25.77632],[91.19648,25.859011],[91.000786,25.82225],[91.029221,25.888048],[90.967453,25.88718],[90.942749,25.947571],[90.919113,25.913311],[90.88298,25.95175],[90.809891,25.95216],[90.778061,25.908291],[90.74054,25.915211],[90.747437,25.957321],[90.686043,25.950809],[90.624809,25.898899],[90.629013,25.937429],[90.582458,25.959791],[90.512543,25.89624],[90.534462,25.958021],[90.477287,26.015261],[90.428627,25.98904],[90.36499,26.010321],[90.18251,25.94445],[90.118652,25.96126],[90.004738,25.878681],[90.008316,25.84683],[89.94458,25.824478],[89.955246,25.77446],[89.892616,25.735001],[90.017296,25.602192],[89.870102,25.544222],[89.873947,25.541937],[89.871452,25.537298],[89.85511,25.476049],[89.821663,25.385361],[89.834267,25.29567],[89.971237,25.303061],[90.115196,25.226921],[90.34153,25.193501],[90.452362,25.144503],[90.671173,25.19729],[90.704399,25.155272],[90.785423,25.183969],[90.853539,25.155771],[91.273788,25.204308],[91.474068,25.13386],[91.617416,25.175911],[91.605583,25.145802],[91.644531,25.122721],[91.744003,25.15122],[91.752876,25.179821],[92.067177,25.18997],[92.425903,25.03182]]]},"properties":{"ID_0":105,"ISO":"IND","NAME_0":"India","ID_1":23,"NAME_1":"Meghalaya","NL_NAME_1":"","VARNAME_1":"","TYPE_1":"State","ENGTYPE_1":"State","filename":"","filename_1":"","filename_2":"","filename_3":"","filename_4":""}},
{"type":"Feature","geometry":{"type":"Polygon","coordinates":[[[93.000496,24.403271],[92.911537,24.412901],[92.828987,24.377769],[92.765198,24.520849],[92.690666,24.354801],[92.624283,24.332651],[92.611588,24.253349],[92.550636,24.245899],[92.531517,24.17742],[92.480873,24.141321],[92.436569,24.15243],[92.422379,24.253111],[92.296608,24.25173],[92.336838,24.14679],[92.331146,23.911802],[92.259399,23.814991],[92.268501,23.728611],[92.40863,23.24608],[92.361099,23.237537],[92.393669,23.058168],[92.375427,22.934881],[92.447533,22.893591],[92.531746,22.656141],[92.613892,22.172941],[92.609978,22.121309],[92.570419,22.129122],[92.60968,21.976837],[92.684357,22.01791],[92.683838,22.105349],[92.693558,22.07725],[92.717888,22.15263],[92.867737,22.065363],[92.910889,21.94623],[92.955803,22.029921],[93.009247,21.983931],[93.013268,22.102211],[93.065567,22.102053],[93.046661,22.19762],[93.154411,22.17819],[93.14711,22.24654],[93.20858,22.261068],[93.190811,22.427259],[93.111687,22.53179],[93.144371,22.59886],[93.091751,22.709341],[93.099266,22.81041],[93.138756,22.913179],[93.16835,22.91913],[93.132942,23.047501],[93.19445,23.06031],[93.297722,23.005798],[93.393646,23.138613],[93.365807,23.354481],[93.414238,23.388012],[93.444702,23.682428],[93.405289,23.761591],[93.39872,23.930281],[93.334427,23.98695],[93.337372,24.0534],[93.255287,24.02379],[93.248016,24.085339],[93.216736,24.05006],[93.147911,24.088091],[93.100922,24.04509],[93.079491,24.10297],[92.976379,24.11482],[93.043373,24.34339],[93.000496,24.403271]]]},"properties":{"ID_0":105,"ISO":"IND","NAME_0":"India","ID_1":24,"NAME_1":"Mizoram","NL_NAME_1":"","VARNAME_1":"","TYPE_1":"State","ENGTYPE_1":"State","filename":"","filename_1":"","filename_2":"","filename_3":"","filename_4":""}},
{"type":"Feature","geometry":{"type":"Polygon","coordinates":[[[95.237633,26.686291],[95.216141,26.735319],[95.244919,26.787331],[95.184502,26.86483],[95.233856,26.890841],[95.195518,27.04295],[95.021347,26.9254],[94.928162,26.952101],[94.886223,26.932461],[94.802208,26.806061],[94.686607,26.73259],[94.604149,26.739281],[94.574692,26.691021],[94.545059,26.710901],[94.467941,26.669821],[94.462502,26.63546],[94.407867,26.61433],[94.399452,26.53232],[94.316513,26.462931],[94.276741,26.55884],[94.186546,26.46051],[94.175507,26.344219],[94.108047,26.326401],[94.004807,26.173271],[93.954887,26.00733],[93.979393,25.91968],[93.795761,25.81435],[93.773018,25.966021],[93.687683,25.909441],[93.705482,25.848631],[93.331741,25.54681],[93.461868,25.434698],[93.474022,25.30928],[93.505142,25.244131],[93.55471,25.250528],[93.608017,25.202051],[93.69278,25.361589],[93.808998,25.46559],[93.804047,25.499029],[93.765793,25.499901],[93.770638,25.540279],[93.965218,25.556578],[94.014732,25.59613],[94.09211,25.53273],[94.19487,25.552429],[94.214851,25.50024],[94.313538,25.494471],[94.420273,25.54265],[94.430023,25.592722],[94.505371,25.616993],[94.573013,25.697651],[94.5952,25.64385],[94.557419,25.51277],[94.682426,25.45973],[94.812492,25.495371],[94.849442,25.56069],[94.904991,25.56711],[94.888977,25.593111],[94.937576,25.669031],[95.052528,25.762659],[95.021866,25.91],[95.185699,26.080351],[95.120567,26.109741],[95.135742,26.387833],[95.067207,26.46155],[95.154709,26.61949],[95.237633,26.686291]]]},"properties":{"ID_0":105,"ISO":"IND","NAME_0":"India","ID_1":25,"NAME_1":"Nagaland","NL_NAME_1":"","VARNAME_1":"","TYPE_1":"State","ENGTYPE_1":"State","filename":"","filename_1":"","filename_2":"","filename_3":"","filename_4":""}},
{"type":"Feature","geometry":{"type":"MultiPolygon","coordinates":[[[[84.761017,19.071312],[84.783195,19.110971],[84.730217,19.089306],[84.761017,19.071312]]],[[[86.270279,20.058058],[86.245461,20.029171],[86.308052,20.034445],[86.270279,20.058058]]],[[[86.870651,20.771778],[86.830002,20.76],[86.773796,20.646387],[86.805832,20.645281],[86.819122,20.639242],[86.821861,20.64707],[86.813354,20.66239],[86.79541,20.665623],[86.796669,20.672508],[86.803474,20.676567],[86.830223,20.672508],[86.842003,20.652239],[86.853523,20.656725],[86.878326,20.733061],[86.859177,20.664721],[86.928711,20.714651],[87.001389,20.71583],[86.991943,20.771112],[86.870651,20.771778]]],[[[86.722786,22.215248],[86.532379,22.298191],[86.499947,22.340952],[86.433357,22.30154],[86.352737,22.345421],[86.279823,22.44552],[86.10733,22.484898],[86.03849,22.563589],[85.953506,22.455973],[86.008743,22.42432],[85.992882,22.33816],[86.043289,22.30619],[85.969788,22.243401],[86.026718,22.185223],[85.905426,21.966631],[85.76075,21.989719],[85.787941,22.07719],[85.830757,22.076971],[85.802048,22.11083],[85.681503,22.04878],[85.644608,22.090281],[85.539543,22.08659],[85.39444,22.1586],[85.300079,22.107059],[85.230942,22.000271],[85.210747,22.04318],[85.095436,22.099451],[84.97982,22.084681],[85.023743,22.111992],[85.070511,22.27216],[85.114456,22.290489],[85.074059,22.348591],[85.062492,22.478411],[84.893799,22.418011],[84.807793,22.446861],[84.752693,22.442013],[84.743851,22.414751],[84.526627,22.420021],[84.426086,22.34881],[84.289223,22.33732],[84.152489,22.40093],[84.134926,22.470949],[84.002502,22.520861],[83.976097,22.502211],[84.041557,22.464109],[84.004211,22.367661],[83.861008,22.343781],[83.7528,22.242861],[83.645752,22.224588],[83.559166,22.103861],[83.600319,22.06551],[83.538368,22.05538],[83.535172,21.963501],[83.600479,21.910841],[83.584473,21.843601],[83.531242,21.8319],[83.536568,21.79393],[83.490913,21.814541],[83.467178,21.78274],[83.484131,21.741552],[83.419746,21.67502],[83.484543,21.625563],[83.452759,21.60519],[83.441231,21.649273],[83.380722,21.612751],[83.334633,21.49555],[83.402657,21.348431],[83.27002,21.375038],[83.274559,21.285671],[83.218353,21.26012],[83.190102,21.135529],[83.119843,21.101061],[82.95607,21.175489],[82.788849,21.139273],[82.635941,21.14945],[82.622307,21.03657],[82.485672,20.903511],[82.459053,20.823841],[82.346619,20.883848],[82.335129,20.758518],[82.368233,20.62406],[82.324013,20.553881],[82.429169,20.425753],[82.393776,20.335522],[82.42923,20.282963],[82.378929,20.14463],[82.390862,20.059589],[82.598366,19.98564],[82.707489,19.990219],[82.702713,19.831039],[82.645737,19.825371],[82.58506,19.771049],[82.593498,19.86454],[82.44239,19.902983],[82.339447,19.829962],[82.230629,19.998081],[82.178467,19.978083],[82.057899,20.04987],[82.024406,20.01004],[81.941353,20.102251],[81.866539,20.036039],[81.849632,19.908051],[81.960373,19.854738],[81.980148,19.79578],[82.05983,19.783098],[82.022392,19.501802],[82.092079,19.50984],[82.119308,19.423901],[82.18306,19.41761],[82.140831,19.361919],[82.183167,19.3197],[82.151726,19.265463],[82.159782,19.12648],[82.212112,19.090549],[82.194092,19.060221],[82.239563,18.91046],[82.172729,18.895288],[82.161148,18.79096],[82.081413,18.755871],[82.078583,18.712082],[81.967682,18.690613],[81.947441,18.62882],[81.885376,18.65033],[81.954529,18.58671],[81.946907,18.559151],[81.9086,18.564228],[81.857941,18.51306],[81.7621,18.41131],[81.744911,18.34535],[81.658096,18.339291],[81.658669,18.311098],[81.527962,18.259081],[81.47731,17.97002],[81.437256,17.875938],[81.393829,17.885139],[81.384972,17.806593],[81.611153,17.815363],[81.663063,17.87693],[81.703171,17.86113],[82.024658,18.05788],[82.113266,18.057821],[82.26725,17.986441],[82.258156,18.03487],[82.297897,18.06196],[82.329773,18.040411],[82.333366,18.14238],[82.364296,18.134859],[82.306099,18.19566],[82.393013,18.30644],[82.334442,18.317133],[82.38443,18.36911],[82.36129,18.40991],[82.474007,18.536833],[82.553772,18.437651],[82.535156,18.389561],[82.60051,18.36871],[82.580742,18.2701],[82.626877,18.228741],[82.658836,18.28661],[82.767052,18.331079],[82.799171,18.439402],[82.884613,18.41276],[82.902748,18.355911],[83.053391,18.375299],[83.05983,18.428633],[83.015411,18.444429],[83.089333,18.53791],[83.032478,18.54789],[83.053947,18.58647],[83.008041,18.588421],[83.009682,18.63653],[83.132957,18.772449],[83.205063,18.71586],[83.219391,18.76582],[83.266098,18.75701],[83.279503,18.7896],[83.396301,18.830709],[83.411339,18.859341],[83.346611,18.92687],[83.380226,18.923283],[83.345757,18.9571],[83.32901,18.916908],[83.305267,18.989681],[83.408852,18.996191],[83.455482,18.94558],[83.459396,19.069672],[83.505386,19.064772],[83.495399,19.011091],[83.531387,19.005421],[83.546432,19.07383],[83.578766,19.049789],[83.623283,19.153631],[83.723251,19.0119],[83.705742,18.985241],[83.745827,18.918173],[83.780067,18.907721],[83.739563,18.978441],[83.787041,19.008369],[83.870178,18.81843],[84.027061,18.8022],[84.081779,18.74464],[84.332222,18.792023],[84.336021,18.866711],[84.362411,18.851061],[84.351448,18.8832],[84.387627,18.877668],[84.365318,18.896259],[84.42939,18.913683],[84.415131,19.013861],[84.471657,18.98122],[84.566139,19.065039],[84.587692,19.012991],[84.612717,19.054831],[84.654533,19.052311],[84.591843,19.12384],[84.702087,19.15115],[84.719032,19.095844],[84.722641,19.13986],[84.75042,19.13653],[84.725418,19.096531],[84.782372,19.113201],[84.905693,19.269583],[85.385559,19.606112],[85.904999,19.832222],[86.095146,19.859911],[86.364227,19.95373],[86.317497,19.949165],[86.341026,19.97238],[86.302666,19.983543],[86.294945,20.02442],[86.236656,20.026951],[86.247856,20.053188],[86.269157,20.06278],[86.287224,20.049723],[86.290466,20.060982],[86.342216,19.986391],[86.388893,19.977228],[86.411766,20.05554],[86.436783,20.060968],[86.483887,20.110275],[86.520554,20.169167],[86.558891,20.20056],[86.503883,20.16444],[86.47139,20.0975],[86.462219,20.114719],[86.491112,20.15777],[86.459999,20.162222],[86.679733,20.258051],[86.671112,20.282223],[86.68,20.263332],[86.78083,20.345835],[86.779716,20.39167],[86.729431,20.404881],[86.733887,20.479166],[86.784447,20.53583],[87.045189,20.709484],[86.933937,20.710711],[86.845062,20.65082],[86.839302,20.653419],[86.828537,20.67227],[86.802238,20.675211],[86.796509,20.665571],[86.814087,20.663658],[86.822983,20.646511],[86.820557,20.639584],[86.815872,20.6364],[86.806946,20.643333],[86.773613,20.645281],[86.755699,20.613344],[86.827766,20.771669],[86.881386,20.797503],[86.957497,20.784719],[86.970276,20.82333],[86.823326,21.13833],[86.89222,21.316389],[87.106949,21.517735],[87.200897,21.548491],[87.379997,21.545555],[87.482033,21.608704],[87.443672,21.760889],[87.370117,21.760073],[87.262421,21.81386],[87.234848,21.95438],[87.167442,21.97341],[87.158287,21.93055],[87.093536,21.9079],[87.094643,21.86034],[87.030243,21.865311],[86.997932,21.907501],[87.034317,21.989191],[87.017616,22.041281],[86.957237,22.083368],[86.832008,22.09511],[86.790321,22.15394],[86.715446,22.143492],[86.722786,22.215248]]]]},"properties":{"ID_0":105,"ISO":"IND","NAME_0":"India","ID_1":26,"NAME_1":"Orissa","NL_NAME_1":"","VARNAME_1":"","TYPE_1":"State","ENGTYPE_1":"State","filename":"","filename_1":"","filename_2":"","filename_3":"","filename_4":""}},
{"type":"Feature","geometry":{"type":"MultiPolygon","coordinates":[[[[79.854576,10.976022],[79.737213,10.9891],[79.745537,10.94334],[79.702873,10.945621],[79.743027,10.881942],[79.808983,10.86744],[79.813339,10.814081],[79.85125,10.813771],[79.823753,10.817921],[79.852081,10.82763],[79.854576,10.976022]]],[[[79.837639,11.94055],[79.799728,11.96429],[79.7369,11.90717],[79.715706,11.967451],[79.749649,11.986131],[79.705849,11.97737],[79.679039,12.01926],[79.644341,11.992672],[79.699051,11.972059],[79.6782,11.936532],[79.724899,11.89151],[79.691536,11.878401],[79.682861,11.904709],[79.659073,11.865669],[79.695732,11.87338],[79.72776,11.832339],[79.749809,11.86053],[79.752136,11.824451],[79.781761,11.840271],[79.800415,11.808399],[79.81958,11.874309],[79.790695,11.878749],[79.823753,11.88181],[79.837639,11.94055]]],[[[75.311668,12.049306],[75.309067,12.102661],[75.399826,12.140501],[75.223061,12.10484],[75.230698,12.02414],[75.302086,11.94847],[75.304581,11.952361],[75.282082,11.98681],[75.263474,12.002917],[75.262642,12.012083],[75.270973,12.029582],[75.295967,12.017642],[75.311668,12.049306]]],[[[82.299515,16.714333],[82.293701,16.74304],[82.220421,16.718309],[82.217682,16.75169],[82.174637,16.725109],[82.257637,16.690113],[82.245697,16.71681],[82.299385,16.714029],[82.299515,16.714333]]]]},"properties":{"ID_0":105,"ISO":"IND","NAME_0":"India","ID_1":27,"NAME_1":"Puducherry","NL_NAME_1":"","VARNAME_1":"Pondicherry|Puduchcheri|Pondichry","TYPE_1":"Union Territor","ENGTYPE_1":"Union Territory","filename":"","filename_1":"","filename_2":"","filename_3":"","filename_4":""}},
{"type":"Feature","geometry":{"type":"Polygon","coordinates":[[[76.769859,30.906391],[76.610069,31.00423],[76.625732,31.110243],[76.589317,31.127701],[76.590393,31.182859],[76.625946,31.227091],[76.580612,31.216352],[76.601616,31.25091],[76.570503,31.280149],[76.53495,31.25535],[76.53717,31.283951],[76.518112,31.26231],[76.466713,31.310211],[76.431137,31.282841],[76.448273,31.30599],[76.363136,31.441351],[76.315842,31.402378],[76.336662,31.35302],[76.296097,31.319201],[76.172829,31.30674],[76.135033,31.361759],[76.153496,31.414013],[75.921829,31.817181],[75.971466,31.814548],[75.894547,31.9498],[75.689819,32.061531],[75.578758,32.08168],[75.661827,32.164669],[75.620216,32.185169],[75.622543,32.23468],[75.736397,32.273762],[75.84388,32.379311],[75.932167,32.416821],[75.850967,32.50787],[75.872543,32.576191],[75.711533,32.418159],[75.529213,32.348881],[75.501236,32.276051],[75.472237,32.34005],[75.322327,32.337326],[75.363152,32.23468],[75.314201,32.214909],[75.314232,32.159187],[75.239166,32.087151],[75.19532,32.11665],[75.164452,32.06797],[75.116257,32.082809],[75.004929,32.028755],[74.925926,32.065651],[74.872429,32.050529],[74.809143,31.955139],[74.709198,31.957949],[74.556381,31.828821],[74.517281,31.722912],[74.600906,31.567839],[74.565796,31.501728],[74.642067,31.459961],[74.511116,31.272331],[74.504593,31.13851],[74.551933,31.085621],[74.592796,31.087408],[74.592369,31.13335],[74.62146,31.137032],[74.677322,31.13061],[74.694427,31.09544],[74.622513,31.047022],[74.558395,31.067526],[74.538116,30.993542],[74.365524,30.885406],[74.363007,30.845806],[74.316147,30.847582],[74.262207,30.76803],[74.281807,30.730234],[74.090996,30.612791],[74.077614,30.529362],[74.034012,30.536261],[73.935287,30.462957],[73.871254,30.368572],[73.957848,30.26169],[73.966316,30.195049],[73.966652,30.121189],[73.894806,30.04685],[73.891182,29.97007],[74.519066,29.94335],[74.646973,29.904671],[74.690788,29.969271],[74.801178,29.992573],[74.915733,29.94916],[74.989929,29.856461],[75.084801,29.91514],[75.090179,29.806662],[75.154053,29.781019],[75.182343,29.838701],[75.23098,29.752068],[75.157837,29.66271],[75.221237,29.60655],[75.22348,29.546171],[75.296066,29.568081],[75.280563,29.610109],[75.317726,29.6707],[75.350449,29.659281],[75.33535,29.69385],[75.444267,29.80785],[75.568787,29.74262],[75.625359,29.77323],[75.697449,29.755211],[75.705933,29.80862],[75.771622,29.82539],[75.829018,29.812321],[75.87928,29.74707],[76.035652,29.746681],[76.077667,29.805773],[76.116386,29.7964],[76.242012,29.869028],[76.16629,29.928659],[76.203873,29.94412],[76.190918,30.016413],[76.254997,30.10458],[76.190613,30.13496],[76.203873,30.158901],[76.322899,30.108221],[76.348923,30.127661],[76.325882,30.14924],[76.390007,30.127541],[76.380997,30.183241],[76.410202,30.20229],[76.452087,30.10071],[76.601051,30.080231],[76.638916,30.20594],[76.584,30.256531],[76.532532,30.227131],[76.547638,30.264921],[76.715157,30.332911],[76.738533,30.35965],[76.70015,30.393612],[76.757866,30.43889],[76.808456,30.41186],[76.832458,30.433882],[76.880226,30.359701],[76.927299,30.388639],[76.888847,30.441111],[76.913429,30.599703],[76.858582,30.640631],[76.862228,30.679272],[76.834793,30.655821],[76.819809,30.685829],[76.726303,30.69591],[76.690628,30.76008],[76.759338,30.79904],[76.828186,30.76379],[76.846786,30.792521],[76.769859,30.906391]]]},"properties":{"ID_0":105,"ISO":"IND","NAME_0":"India","ID_1":28,"NAME_1":"Punjab","NL_NAME_1":"","VARNAME_1":"","TYPE_1":"State","ENGTYPE_1":"State","filename":"","filename_1":"","filename_2":"","filename_3":"","filename_4":""}},
{"type":"Feature","geometry":{"type":"Polygon","coordinates":[[[74.519066,29.94335],[73.891182,29.97007],[73.894806,30.04685],[73.966652,30.121189],[73.966316,30.195049],[73.787216,30.066401],[73.391373,29.93787],[73.271317,29.556961],[72.941719,29.027201],[72.384697,28.763941],[72.301956,28.664816],[72.184425,28.358006],[71.933258,28.12686],[71.897377,27.95742],[71.658287,27.868931],[71.272957,27.841928],[70.884171,27.6984],[70.757668,27.717209],[70.678413,27.839052],[70.672104,27.914318],[70.56263,28.019802],[70.366165,28.008249],[70.156952,27.834049],[70.016266,27.555996],[69.578125,27.165489],[69.513206,27.016869],[69.483734,26.806231],[69.507652,26.748451],[69.815361,26.592157],[70.066193,26.599291],[70.16774,26.550743],[70.172668,26.245077],[70.082573,26.073858],[70.096077,25.944317],[70.279617,25.70126],[70.399658,25.663799],[70.665962,25.697229],[70.674171,25.38932],[70.89431,25.144058],[70.945488,24.934542],[71.10714,24.680651],[71.297737,24.607641],[71.351036,24.653219],[71.383057,24.621681],[71.488319,24.673851],[71.616592,24.670681],[71.66156,24.633261],[71.798988,24.670521],[71.811768,24.62182],[71.858391,24.60417],[71.876472,24.675159],[71.944191,24.62678],[72.05249,24.70579],[72.085251,24.697008],[72.0849,24.652752],[72.165398,24.6145],[72.353783,24.618101],[72.250999,24.58016],[72.29512,24.538441],[72.357933,24.552511],[72.386322,24.500511],[72.44249,24.50425],[72.464676,24.40712],[72.507713,24.409931],[72.544579,24.506851],[72.69725,24.457211],[72.732536,24.361271],[72.868118,24.36581],[72.923912,24.326323],[72.991463,24.363972],[72.96328,24.383739],[73.000343,24.470631],[73.094383,24.494728],[73.084961,24.39447],[73.169968,24.35067],[73.231476,24.36466],[73.180626,24.301491],[73.144958,24.307858],[73.082687,24.18498],[73.114166,24.13859],[73.223816,24.098221],[73.198936,24.05146],[73.245827,24.01071],[73.373466,24.128139],[73.424683,23.931061],[73.362076,23.86187],[73.362648,23.78743],[73.420486,23.779331],[73.508537,23.703331],[73.513489,23.616812],[73.577271,23.655361],[73.660736,23.622902],[73.632751,23.452393],[73.704216,23.455782],[73.726143,23.412663],[73.764717,23.458578],[73.783066,23.43461],[73.83213,23.446751],[73.894272,23.337139],[73.971031,23.377138],[74.044472,23.296091],[74.133781,23.269451],[74.127022,23.17885],[74.182991,23.15222],[74.207542,23.192051],[74.246033,23.188259],[74.322777,23.062691],[74.39119,23.112],[74.512283,23.088831],[74.669159,23.20149],[74.745697,23.212111],[74.745796,23.23271],[74.695007,23.22308],[74.722153,23.242512],[74.701149,23.272142],[74.553467,23.28252],[74.518303,23.32873],[74.61338,23.461361],[74.845421,23.554171],[74.93972,23.630371],[74.907623,23.682831],[74.940567,23.734871],[74.905678,23.873911],[74.992989,24.029701],[74.881126,24.213503],[74.894287,24.261681],[74.752808,24.28266],[74.858131,24.467333],[74.711937,24.510941],[74.817108,24.671671],[74.775276,24.687731],[74.799316,24.795641],[74.892853,24.65535],[74.942856,24.660391],[75.020233,24.752768],[75.007057,24.796061],[74.858566,24.813061],[74.848892,24.79266],[74.823608,24.928501],[74.846352,24.974291],[74.920082,24.89185],[75.043388,24.859228],[75.118866,24.88904],[75.115707,24.965391],[75.164398,24.991661],[75.159126,25.045471],[75.345589,25.042801],[75.313873,24.90044],[75.275902,24.97673],[75.293083,24.92318],[75.261452,24.88966],[75.311302,24.869459],[75.424217,24.892752],[75.417099,24.863901],[75.305733,24.81333],[75.278938,24.853491],[75.227386,24.85915],[75.249947,24.895691],[75.208191,24.91],[75.201317,24.884201],[75.227737,24.847759],[75.251923,24.83717],[75.185516,24.768051],[75.216949,24.72241],[75.451897,24.693218],[75.581902,24.7227],[75.613327,24.688421],[75.759682,24.764799],[75.838753,24.72987],[75.828148,24.61335],[75.917397,24.57148],[75.908997,24.456141],[75.847252,24.41897],[75.79113,24.475203],[75.726883,24.405279],[75.826881,24.24641],[75.773506,24.220892],[75.743492,24.139601],[75.835793,24.111351],[75.833763,24.07543],[75.779617,24.06208],[75.762039,23.997952],[75.700409,23.969061],[75.669197,24.033543],[75.583839,23.99192],[75.514381,24.048733],[75.456497,23.92074],[75.560623,23.859951],[75.582527,23.80036],[75.651833,23.801949],[75.684479,23.760569],[75.687401,23.81925],[75.71785,23.819033],[75.729111,23.85821],[75.702332,23.904051],[75.777061,23.85387],[75.975822,23.93294],[75.960182,24.02537],[76.134697,24.095289],[76.121323,24.19639],[76.185486,24.331511],[76.215569,24.216808],[76.282776,24.215712],[76.326897,24.253618],[76.414436,24.20742],[76.469948,24.2314],[76.531433,24.163469],[76.579727,24.180679],[76.58802,24.249559],[76.692963,24.285049],[76.67421,24.19343],[76.701141,24.17144],[76.754997,24.172091],[76.801117,24.12034],[76.89994,24.131111],[76.944443,24.206291],[76.840179,24.33872],[76.851326,24.469109],[76.81459,24.53437],[76.912872,24.54357],[76.91465,24.487659],[76.965317,24.460861],[77.064697,24.56991],[77.026657,24.71092],[76.951736,24.765461],[76.847298,24.750401],[76.801582,24.819839],[76.948921,24.872869],[76.854347,25.010311],[76.993729,25.07995],[77.114456,25.06909],[77.169579,25.11372],[77.26226,25.119261],[77.302856,25.08387],[77.398529,25.113272],[77.390709,25.18819],[77.417992,25.193029],[77.349663,25.27177],[77.371788,25.320221],[77.336418,25.325581],[77.361343,25.41296],[77.282982,25.42359],[77.220261,25.373428],[77.205147,25.31143],[77.07547,25.339691],[76.941826,25.27536],[76.893227,25.322401],[76.770096,25.312191],[76.766731,25.336231],[76.602547,25.388981],[76.564278,25.442402],[76.482391,25.71813],[76.530617,25.733971],[76.529312,25.797972],[76.592728,25.874168],[76.626602,25.870871],[76.646126,25.908852],[76.73333,25.90255],[76.806313,25.952978],[76.887779,26.093323],[77.091682,26.19088],[77.124031,26.237951],[77.20311,26.2374],[77.334671,26.357231],[77.432426,26.365],[77.427719,26.40691],[77.522881,26.414911],[77.744347,26.54525],[77.812996,26.55481],[77.894577,26.66221],[77.992218,26.702641],[78.085739,26.68305],[78.099831,26.797009],[78.176117,26.791492],[78.16095,26.82704],[78.209793,26.83609],[78.191139,26.888611],[78.22657,26.882629],[78.262238,26.923512],[78.215897,26.953951],[78.111343,26.953232],[78.101471,26.904989],[78.042236,26.915421],[78.022026,26.86087],[78.00666,26.910662],[77.89994,26.924549],[77.890106,26.88946],[77.75338,26.937738],[77.715843,26.88133],[77.604507,26.832802],[77.520691,26.822008],[77.497978,26.84795],[77.493347,26.766991],[77.448311,26.74675],[77.42247,26.86702],[77.736343,26.98822],[77.755013,27.02276],[77.703583,27.000311],[77.673317,27.051559],[77.627403,27.015501],[77.557396,27.0369],[77.565681,27.078011],[77.52137,27.067223],[77.498413,27.09519],[77.590782,27.123081],[77.605118,27.16848],[77.672997,27.200361],[77.591667,27.300558],[77.614113,27.34339],[77.574547,27.326731],[77.431892,27.399158],[77.429596,27.462049],[77.335136,27.530022],[77.350113,27.593401],[77.311211,27.611691],[77.336548,27.69618],[77.297607,27.718681],[77.304146,27.78801],[77.27578,27.806549],[77.231743,27.785801],[77.193848,27.821939],[77.168701,27.784901],[77.180656,27.808653],[77.15062,27.815559],[77.126526,27.776461],[77.038277,27.820042],[77.020668,27.77812],[77.079216,27.738411],[76.993538,27.741701],[76.970497,27.657143],[76.902626,27.65852],[76.884079,27.730909],[76.926643,27.834221],[76.918648,27.99761],[76.961761,28.144011],[76.850487,28.226669],[76.801369,28.211601],[76.791489,28.157242],[76.65123,28.09676],[76.660072,28.019051],[76.538193,27.970541],[76.538521,28.03912],[76.453728,28.049669],[76.497658,28.064732],[76.44857,28.09317],[76.497803,28.106621],[76.470993,28.154741],[76.37677,28.138071],[76.335907,28.177341],[76.279068,28.17872],[76.355606,28.12845],[76.297401,28.101049],[76.354599,28.074202],[76.341263,28.036051],[76.297157,28.025961],[76.251099,28.070921],[76.177338,28.059259],[76.213829,28.031681],[76.15387,27.992531],[76.223282,27.840931],[76.17292,27.807461],[76.088066,27.868448],[75.963081,27.864731],[75.977386,27.90926],[75.923622,27.93309],[75.963173,27.936951],[75.969986,28.030949],[76.035629,28.07398],[76.015648,28.088852],[75.98455,28.050741],[75.936089,28.093531],[76.027748,28.172722],[76.092888,28.155218],[75.922379,28.36891],[75.770317,28.407619],[75.778229,28.457611],[75.629097,28.545971],[75.61805,28.602209],[75.55571,28.614592],[75.467079,28.92625],[75.511101,29.01083],[75.434738,29.016541],[75.43026,29.06472],[75.380653,29.07032],[75.39621,29.128441],[75.361153,29.14262],[75.40065,29.18891],[75.395706,29.26194],[75.314926,29.23596],[75.319267,29.29344],[75.223457,29.234951],[75.179993,29.26862],[75.078079,29.23245],[75.039917,29.287149],[74.95311,29.28194],[74.927147,29.364639],[74.841133,29.40407],[74.756638,29.355961],[74.650177,29.37237],[74.641823,29.3312],[74.595779,29.328312],[74.529106,29.449539],[74.578911,29.45862],[74.614403,29.527111],[74.566536,29.563499],[74.6054,29.75288],[74.472,29.74403],[74.465263,29.78755],[74.553566,29.865641],[74.505028,29.907761],[74.519066,29.94335]]]},"properties":{"ID_0":105,"ISO":"IND","NAME_0":"India","ID_1":29,"NAME_1":"Rajasthan","NL_NAME_1":"","VARNAME_1":"Greater Rajasthan|Rajputana","TYPE_1":"State","ENGTYPE_1":"State","filename":"","filename_1":"","filename_2":"","filename_3":"","filename_4":""}},
{"type":"Feature","geometry":{"type":"Polygon","coordinates":[[[88.751686,27.148211],[88.801102,27.24758],[88.899208,27.274973],[88.922371,27.326321],[88.809326,27.40519],[88.767067,27.56496],[88.846611,27.6689],[88.885742,27.861338],[88.83625,27.932001],[88.832901,28.011539],[88.751083,28.073313],[88.666771,28.07408],[88.621239,28.130968],[88.538948,28.038891],[88.483116,28.045588],[88.389801,27.978081],[88.123909,27.95092],[88.129982,27.881516],[88.198914,27.853516],[88.17572,27.820215],[88.199921,27.790529],[88.046333,27.495766],[88.082619,27.426414],[88.049416,27.405216],[88.069214,27.335581],[88.016968,27.218872],[88.074951,27.20084],[88.085846,27.14151],[88.136627,27.116879],[88.304497,27.128601],[88.431946,27.08161],[88.55899,27.188751],[88.751686,27.148211]]]},"properties":{"ID_0":105,"ISO":"IND","NAME_0":"India","ID_1":30,"NAME_1":"Sikkim","NL_NAME_1":"","VARNAME_1":"","TYPE_1":"State","ENGTYPE_1":"State","filename":"","filename_1":"","filename_2":"","filename_3":"","filename_4":""}},
{"type":"Feature","geometry":{"type":"MultiPolygon","coordinates":[[[[79.312363,9.328472],[79.220413,9.292083],[79.214584,9.254028],[79.298759,9.24681],[79.439857,9.158195],[79.325974,9.261805],[79.312363,9.328472]]],[[[80.312996,13.427916],[80.312126,13.369381],[80.27597,13.389142],[80.230331,13.47685],[80.1521,13.47888],[80.069443,13.537591],[79.994133,13.5296],[80.036041,13.48448],[79.961861,13.45128],[79.925507,13.33594],[79.721291,13.27224],[79.784897,13.22348],[79.744377,13.194911],[79.722832,13.221851],[79.688751,13.20741],[79.668533,13.281931],[79.580261,13.245371],[79.535782,13.31107],[79.428879,13.323562],[79.374603,13.30304],[79.425026,13.281341],[79.410843,13.212162],[79.445503,13.216771],[79.42379,13.187461],[79.347771,13.163019],[79.354576,13.129771],[79.307938,13.096911],[79.26741,13.141201],[79.218323,13.135551],[79.152702,13.007293],[79.069069,13.014151],[78.979591,13.07651],[78.914383,13.067761],[78.893463,13.035092],[78.924637,13.018641],[78.88192,13.019762],[78.876038,13.08616],[78.702446,13.056151],[78.693756,13.004392],[78.651108,13.017932],[78.613663,12.97889],[78.646713,12.91902],[78.545547,12.743911],[78.547676,12.685591],[78.484352,12.734781],[78.509811,12.69878],[78.457657,12.66225],[78.454781,12.61202],[78.36834,12.61184],[78.264427,12.69184],[78.18985,12.68131],[78.227226,12.715172],[78.22065,12.75259],[78.120667,12.770012],[78.04673,12.84237],[78.014923,12.845921],[78.00148,12.79544],[77.945557,12.849331],[77.924797,12.813721],[77.917747,12.878371],[77.784882,12.83381],[77.799492,12.786859],[77.731407,12.66398],[77.59034,12.657541],[77.570053,12.557932],[77.606369,12.499791],[77.575363,12.46838],[77.625206,12.477262],[77.620087,12.40848],[77.542709,12.283711],[77.470177,12.26187],[77.465668,12.202261],[77.719513,12.17152],[77.768448,12.105592],[77.664711,11.9397],[77.484398,11.9324],[77.41925,11.750671],[77.241737,11.80246],[77.102829,11.76312],[77.109299,11.712801],[77.004433,11.80302],[76.959602,11.7652],[76.899689,11.783272],[76.828476,11.64411],[76.83728,11.57448],[76.746269,11.610541],[76.560066,11.610121],[76.504211,11.698041],[76.423462,11.659321],[76.424797,11.62329],[76.380066,11.622419],[76.350113,11.582742],[76.297897,11.564331],[76.270973,11.592909],[76.225746,11.56444],[76.240097,11.459641],[76.278061,11.474531],[76.410393,11.433591],[76.448387,11.381419],[76.5382,11.35159],[76.540169,11.292348],[76.446388,11.230461],[76.452721,11.18021],[76.487648,11.20279],[76.623039,11.185671],[76.696968,11.231331],[76.725578,11.208891],[76.691177,11.14451],[76.738716,11.12129],[76.737099,11.04751],[76.792473,11.042373],[76.70652,11.031351],[76.649162,10.924152],[76.817558,10.861801],[76.897507,10.7708],[76.855507,10.675272],[76.87262,10.629432],[76.804993,10.626341],[76.829727,10.585062],[76.819672,10.29524],[76.970787,10.208651],[77.162956,10.346281],[77.22216,10.340301],[77.246529,10.22061],[77.280449,10.207252],[77.259781,10.119081],[77.188141,10.095652],[77.261421,9.963721],[77.204437,9.89432],[77.233986,9.78852],[77.151871,9.60602],[77.255013,9.564991],[77.304306,9.593041],[77.324783,9.5632],[77.340897,9.595051],[77.350548,9.526292],[77.396233,9.496542],[77.266823,9.29088],[77.251778,9.143041],[77.182083,9.036501],[77.132179,9.01185],[77.241501,8.864782],[77.214676,8.775761],[77.155319,8.73756],[77.26516,8.53745],[77.247543,8.50138],[77.186493,8.493371],[77.209518,8.437719],[77.134819,8.37853],[77.159653,8.312501],[77.090698,8.29747],[77.315971,8.120972],[77.550972,8.076526],[77.575691,8.135695],[77.746246,8.177082],[77.804031,8.248196],[78.067085,8.370695],[78.065407,8.420421],[78.130417,8.497079],[78.138748,8.588751],[78.127357,8.638472],[78.101807,8.592361],[78.135971,8.592081],[78.096527,8.58125],[78.104858,8.65153],[78.170692,8.745141],[78.230133,8.748751],[78.198471,8.789032],[78.157364,8.771528],[78.168747,8.882082],[78.260971,9.018751],[78.488747,9.150138],[78.484016,9.127919],[78.578186,9.131251],[78.657356,9.157641],[78.657913,9.192362],[78.718475,9.19014],[78.832359,9.243196],[78.832642,9.268761],[78.834862,9.245142],[79.190407,9.281531],[79.064583,9.299862],[78.939308,9.406252],[78.898178,9.480141],[78.934578,9.607641],[79.155136,9.932361],[79.267365,10.037916],[79.229027,10.144311],[79.294861,10.260695],[79.385696,10.31681],[79.512367,10.309031],[79.455971,10.342083],[79.525696,10.318471],[79.545143,10.34792],[79.588753,10.332638],[79.526527,10.305416],[79.739029,10.27736],[79.551247,10.312359],[79.613472,10.317361],[79.62986,10.363195],[79.636528,10.318191],[79.710419,10.325151],[79.730141,10.310971],[79.761253,10.313195],[79.778473,10.302362],[79.75708,10.312083],[79.784859,10.280695],[79.74292,10.275138],[79.835693,10.275416],[79.879303,10.296528],[79.85125,10.813771],[79.813339,10.814081],[79.808983,10.86744],[79.743027,10.881942],[79.702873,10.945621],[79.745537,10.94334],[79.737213,10.9891],[79.854576,10.976022],[79.847641,11.242921],[79.804581,11.236252],[79.846542,11.24403],[79.837906,11.356811],[79.75708,11.56375],[79.800415,11.808399],[79.781761,11.840271],[79.752136,11.824451],[79.749809,11.86053],[79.72776,11.832339],[79.695732,11.87338],[79.659073,11.865669],[79.682861,11.904709],[79.691536,11.878401],[79.724899,11.89151],[79.6782,11.936532],[79.699051,11.972059],[79.644341,11.992672],[79.679039,12.01926],[79.705849,11.97737],[79.749649,11.986131],[79.715706,11.967451],[79.7369,11.90717],[79.799728,11.96429],[79.837639,11.94055],[80.00708,12.254583],[79.94458,12.220141],[80.009308,12.256527],[80.063187,12.351251],[80.013748,12.322641],[80.017082,12.34042],[80.058197,12.367362],[80.064026,12.34986],[80.050697,12.32597],[80.157082,12.469861],[80.184586,12.574583],[80.164856,12.603749],[80.185417,12.577639],[80.254585,12.781807],[80.231804,12.784861],[80.232643,12.846251],[80.247917,12.805152],[80.266808,13.013194],[80.333748,13.23514],[80.306252,13.215141],[80.344856,13.273191],[80.325691,13.44375],[80.329033,13.36653],[80.312996,13.427916]]]]},"properties":{"ID_0":105,"ISO":"IND","NAME_0":"India","ID_1":31,"NAME_1":"Tamil Nadu","NL_NAME_1":"","VARNAME_1":"Madras|Tamilnad","TYPE_1":"State","ENGTYPE_1":"State","filename":"","filename_1":"","filename_2":"","filename_3":"","filename_4":""}},
{"type":"Feature","geometry":{"type":"Polygon","coordinates":[[[92.230995,24.504091],[92.164177,24.529011],[92.172798,24.430891],[92.123718,24.3873],[91.974091,24.388639],[91.99543,24.32126],[91.957108,24.356251],[91.920433,24.335751],[91.941856,24.267578],[91.902626,24.137838],[91.847488,24.228321],[91.815559,24.208952],[91.743469,24.247128],[91.742882,24.140671],[91.692398,24.159328],[91.667526,24.2304],[91.634079,24.10257],[91.545197,24.07612],[91.378021,24.109501],[91.378197,23.976879],[91.306412,23.998569],[91.276268,23.926241],[91.235222,23.9286],[91.257607,23.839651],[91.224617,23.740101],[91.161667,23.742661],[91.158287,23.691221],[91.21006,23.687551],[91.198891,23.646971],[91.161278,23.670601],[91.165817,23.602251],[91.253777,23.489719],[91.296669,23.354471],[91.325607,23.36231],[91.297256,23.32098],[91.377678,23.064051],[91.421997,23.05925],[91.38884,23.179461],[91.419006,23.280222],[91.485977,23.21224],[91.474243,23.188837],[91.510933,23.182039],[91.567757,22.972288],[91.611961,22.973351],[91.618713,22.944151],[91.652138,22.991951],[91.724037,22.98871],[91.785042,23.03171],[91.778458,23.06666],[91.835503,23.09391],[91.774849,23.278061],[91.847359,23.40023],[91.975166,23.482443],[91.942307,23.681808],[91.962112,23.727701],[92.070671,23.64465],[92.163078,23.739653],[92.224052,23.65732],[92.268501,23.728611],[92.259399,23.814991],[92.331146,23.911802],[92.336838,24.14679],[92.296608,24.25173],[92.212852,24.24931],[92.272499,24.379351],[92.230995,24.504091]]]},"properties":{"ID_0":105,"ISO":"IND","NAME_0":"India","ID_1":32,"NAME_1":"Tripura","NL_NAME_1":"","VARNAME_1":"","TYPE_1":"State","ENGTYPE_1":"State","filename":"","filename_1":"","filename_2":"","filename_3":"","filename_4":""}},
{"type":"Feature","geometry":{"type":"Polygon","coordinates":[[[80.07238,28.829744],[79.967827,28.71562],[79.922379,28.73271],[79.901291,28.80212],[79.84053,28.808661],[79.875633,28.81834],[79.85405,28.84429],[79.783363,28.80542],[79.808632,28.862831],[79.774467,28.89183],[79.666199,28.84833],[79.613548,28.868731],[79.550926,28.845892],[79.536453,28.89254],[79.411217,28.855881],[79.359673,28.97048],[79.298927,28.953112],[79.204033,29.0291],[79.158279,29.022879],[79.130806,29.12936],[79.026962,29.17227],[79.017006,29.117861],[78.962326,29.166811],[78.900406,29.15062],[78.852623,29.261311],[78.799881,29.257853],[78.71386,29.31735],[78.757408,29.34976],[78.788841,29.329283],[78.808983,29.382879],[78.870186,29.392363],[78.922928,29.456181],[78.785507,29.47603],[78.605247,29.561798],[78.527359,29.624363],[78.487579,29.741383],[78.412567,29.772421],[78.331741,29.796181],[78.2314,29.70409],[78.139122,29.6761],[78.03688,29.552629],[77.988022,29.54586],[77.983757,29.588051],[77.947289,29.590431],[77.976837,29.614038],[77.951981,29.70537],[77.792519,29.681921],[77.702019,29.87178],[77.786438,30.09997],[77.838531,30.11227],[77.93148,30.24696],[77.710777,30.33876],[77.634216,30.410879],[77.563057,30.40449],[77.57489,30.38452],[77.570351,30.31123],[77.423546,30.16848],[77.414429,30.10713],[77.270409,30.04834],[77.117043,29.770901],[77.143326,29.705971],[77.084908,29.53359],[77.139389,29.442101],[77.120033,29.349791],[77.153946,29.33548],[77.122047,29.105768],[77.214188,29.00596],[77.19014,28.955662],[77.221191,28.904133],[77.186867,28.866819],[77.217323,28.835279],[77.196922,28.79528],[77.284897,28.71246],[77.323486,28.715872],[77.336182,28.60887],[77.2938,28.56673],[77.337738,28.50897],[77.474556,28.413511],[77.49424,28.358261],[77.463753,28.338011],[77.495789,28.307041],[77.4673,28.26972],[77.541206,28.247742],[77.519119,28.20178],[77.48912,28.21199],[77.492119,28.185101],[77.542366,28.18166],[77.496368,28.15987],[77.468872,28.086012],[77.537338,27.957769],[77.468727,27.932911],[77.458488,27.8853],[77.412292,27.896158],[77.412392,27.859072],[77.339333,27.859591],[77.27578,27.806549],[77.304146,27.78801],[77.297607,27.718681],[77.336548,27.69618],[77.311211,27.611691],[77.350113,27.593401],[77.335136,27.530022],[77.429596,27.462049],[77.431892,27.399158],[77.574547,27.326731],[77.614113,27.34339],[77.591667,27.300558],[77.672997,27.200361],[77.605118,27.16848],[77.590782,27.123081],[77.498413,27.09519],[77.52137,27.067223],[77.565681,27.078011],[77.557396,27.0369],[77.627403,27.015501],[77.673317,27.051559],[77.703583,27.000311],[77.755013,27.02276],[77.736343,26.98822],[77.42247,26.86702],[77.448311,26.74675],[77.493347,26.766991],[77.497978,26.84795],[77.520691,26.822008],[77.604507,26.832802],[77.715843,26.88133],[77.75338,26.937738],[77.890106,26.88946],[77.89994,26.924549],[78.00666,26.910662],[78.022026,26.86087],[78.042236,26.915421],[78.101471,26.904989],[78.111343,26.953232],[78.215897,26.953951],[78.262238,26.923512],[78.22657,26.882629],[78.191139,26.888611],[78.209793,26.83609],[78.260887,26.82095],[78.282066,26.864088],[78.351357,26.874371],[78.38974,26.8249],[78.565849,26.75769],[78.715347,26.800213],[78.811386,26.765471],[78.864929,26.70467],[78.948143,26.696741],[78.937912,26.662691],[78.993179,26.68457],[78.979622,26.57408],[79.060936,26.5033],[79.048462,26.456051],[79.126762,26.444811],[79.076797,26.362692],[79.133743,26.344971],[79.083572,26.272409],[79.037033,26.266991],[79.057053,26.232891],[78.977379,26.195499],[79.000717,26.15498],[78.942673,26.139141],[79.003151,26.081793],[78.944328,26.036951],[78.882683,25.87027],[78.846626,25.8605],[78.861923,25.799198],[78.811249,25.83012],[78.820503,25.7994],[78.746819,25.74909],[78.811333,25.67448],[78.805191,25.624557],[78.648621,25.565639],[78.608627,25.589081],[78.581192,25.564308],[78.429337,25.56386],[78.420723,25.477619],[78.347588,25.45484],[78.295517,25.3748],[78.385361,25.19516],[78.446457,25.169022],[78.418297,25.1535],[78.442917,25.128771],[78.327766,25.08877],[78.327538,24.999559],[78.163803,24.8571],[78.268478,24.667101],[78.258888,24.558189],[78.219719,24.522779],[78.266876,24.447371],[78.360947,24.38579],[78.325996,24.329618],[78.379639,24.27556],[78.434776,24.297661],[78.505371,24.39395],[78.578438,24.35708],[78.669121,24.24502],[78.760277,24.25849],[78.791687,24.180241],[78.87886,24.223051],[78.966873,24.353661],[78.984383,24.44136],[78.908592,24.46677],[78.913811,24.500841],[78.966393,24.496948],[78.881721,24.6397],[78.749466,24.60498],[78.78054,24.814972],[78.764481,24.861368],[78.668396,24.902399],[78.622047,24.964901],[78.64193,25.061491],[78.597168,25.097872],[78.568581,25.25861],[78.427361,25.288671],[78.492172,25.32383],[78.525078,25.30653],[78.525146,25.363012],[78.576218,25.351931],[78.561127,25.395693],[78.628586,25.406462],[78.652718,25.444],[78.701401,25.42886],[78.656517,25.42013],[78.65789,25.38798],[78.764381,25.3584],[78.743141,25.412701],[78.812912,25.430428],[78.755066,25.433851],[78.73175,25.50065],[78.829857,25.465691],[78.834267,25.432461],[78.85717,25.46714],[78.828323,25.509981],[78.876007,25.524321],[78.874359,25.557013],[78.93074,25.559721],[78.935638,25.480021],[78.903229,25.446938],[78.960129,25.43889],[78.978508,25.376013],[78.928627,25.351801],[78.892456,25.375298],[78.949356,25.40016],[78.874748,25.387659],[78.783249,25.297611],[78.811676,25.299841],[78.841751,25.22916],[78.876518,25.34446],[78.952858,25.349871],[78.970047,25.28521],[78.875877,25.25577],[78.871841,25.166],[78.948341,25.220181],[78.995811,25.195938],[78.971169,25.244921],[79.004967,25.27697],[79.056442,25.22571],[79.021767,25.14319],[79.084297,25.19253],[79.129173,25.110769],[79.179306,25.117693],[79.184853,25.151133],[79.23838,25.116369],[79.213913,25.14838],[79.23584,25.160961],[79.260071,25.122101],[79.303223,25.133329],[79.273598,25.248119],[79.346962,25.214241],[79.340088,25.27276],[79.259453,25.271441],[79.294731,25.340219],[79.345886,25.33304],[79.352966,25.265381],[79.367416,25.294321],[79.415306,25.25922],[79.490402,25.27035],[79.383873,25.17028],[79.399147,25.113461],[79.468376,25.134451],[79.460533,25.096331],[79.489876,25.08275],[79.565521,25.177551],[79.597878,25.131432],[79.745636,25.143883],[79.855896,25.098501],[79.847137,25.2402],[79.996727,25.26865],[80.020737,25.343161],[80.123299,25.33843],[80.193916,25.416231],[80.245186,25.40489],[80.255867,25.428711],[80.310753,25.387318],[80.304047,25.288893],[80.399063,25.24297],[80.423698,25.174143],[80.351288,25.144901],[80.278496,25.021648],[80.382187,25.009741],[80.365761,25.05776],[80.440712,25.082069],[80.494209,25.045321],[80.476128,25.102251],[80.606781,25.07218],[80.587776,25.1091],[80.594589,25.155241],[80.632393,25.123281],[80.601357,25.104408],[80.656296,25.074442],[80.67926,25.08182],[80.673569,25.054171],[80.77594,25.061691],[80.699638,25.13715],[80.799576,25.146418],[80.827698,25.11031],[80.836281,25.19268],[80.878036,25.195601],[80.904922,25.160311],[80.826683,25.03919],[80.848183,24.99814],[80.789993,24.971783],[80.8022,24.94446],[80.900047,24.939581],[80.936821,24.9725],[80.955231,24.925711],[81.076416,24.952261],[81.132446,24.892071],[81.16143,24.958511],[81.212608,24.934521],[81.201698,24.995729],[81.261589,25.06846],[81.269119,25.16774],[81.306389,25.165993],[81.314667,25.116291],[81.329956,25.172491],[81.39122,25.123131],[81.430222,25.133631],[81.438339,25.110441],[81.400848,25.107771],[81.483727,25.07494],[81.507576,25.10681],[81.471756,25.134991],[81.530006,25.16334],[81.50779,25.184971],[81.577187,25.191299],[81.618988,25.159651],[81.601227,25.10021],[81.616753,25.12262],[81.63195,25.10327],[81.604347,25.060749],[81.658691,25.079731],[81.681892,25.043772],[81.789223,25.010139],[81.898468,25.009621],[81.896446,24.892509],[81.959152,24.83061],[82.00489,24.850691],[82.11219,24.792261],[82.195969,24.82453],[82.179008,24.804651],[82.209473,24.78149],[82.172882,24.739571],[82.213753,24.728661],[82.199486,24.752069],[82.24366,24.775751],[82.229927,24.66964],[82.296417,24.670012],[82.29393,24.613741],[82.409172,24.59783],[82.401596,24.6838],[82.432312,24.706282],[82.529266,24.65196],[82.657928,24.700397],[82.695183,24.644253],[82.762787,24.64567],[82.800766,24.552681],[82.712532,24.556219],[82.736549,24.499771],[82.707161,24.38518],[82.760582,24.373041],[82.764137,24.292431],[82.720367,24.13899],[82.670853,24.15847],[82.657387,24.134798],[82.708397,24.080761],[82.766258,24.077868],[82.741997,24.0214],[82.797272,24.00514],[82.807777,23.963058],[82.93882,23.87587],[83.086601,23.878172],[83.189568,23.921101],[83.323563,24.10133],[83.401886,24.266001],[83.375938,24.314541],[83.451393,24.36475],[83.400139,24.40868],[83.393013,24.50119],[83.498169,24.52706],[83.541412,24.626181],[83.49752,24.651661],[83.479843,24.737831],[83.386803,24.78422],[83.343872,25.010483],[83.318176,25.017321],[83.349609,25.19894],[83.539467,25.31765],[83.622383,25.329521],[83.69458,25.396099],[83.761932,25.387911],[83.838371,25.43689],[83.810226,25.465919],[83.917053,25.558491],[84.076508,25.637531],[84.094391,25.720381],[84.148232,25.730961],[84.202911,25.66964],[84.285576,25.66153],[84.318588,25.67194],[84.331291,25.744572],[84.380013,25.74869],[84.401878,25.699501],[84.448776,25.714491],[84.488388,25.677851],[84.52459,25.684351],[84.535866,25.72649],[84.55233,25.684031],[84.555626,25.736408],[84.6306,25.72834],[84.600533,25.76063],[84.620216,25.79409],[84.526978,25.83433],[84.528641,25.877741],[84.423317,25.892422],[84.351387,25.959341],[84.296333,25.946989],[84.166229,25.991501],[84.167267,26.025471],[84.018143,26.145121],[84.01152,26.240683],[84.079369,26.22121],[84.112953,26.261921],[84.159348,26.245901],[84.171356,26.37398],[84.072006,26.38447],[84.010986,26.44846],[83.902283,26.450251],[83.902206,26.51808],[84.04776,26.543489],[84.081779,26.64286],[84.272217,26.599361],[84.414398,26.627171],[84.402237,26.671223],[84.325661,26.684258],[84.298027,26.753271],[84.233986,26.739531],[84.241096,26.862431],[84.168922,26.834518],[84.131653,26.85569],[84.140839,26.887581],[84.052002,26.891701],[84.024902,26.94272],[84.040817,27.04468],[83.990761,27.06859],[84.020721,27.095482],[83.939423,27.092993],[83.978783,27.200439],[83.897957,27.25943],[83.916687,27.325331],[83.828957,27.32276],[83.858505,27.350962],[83.616737,27.469423],[83.39093,27.47949],[83.41169,27.412506],[83.361214,27.343016],[83.306801,27.331232],[83.190216,27.454016],[83.036118,27.448715],[82.931618,27.500866],[82.737007,27.503101],[82.757881,27.586615],[82.709915,27.721699],[82.450714,27.678616],[82.069717,27.923416],[81.970116,27.928816],[81.928017,27.859646],[81.886848,27.857159],[81.704002,27.986521],[81.480225,28.082516],[81.445709,28.16214],[81.376938,28.176893],[81.373116,28.142216],[81.319786,28.133419],[81.322411,28.197168],[81.212418,28.360516],[81.034119,28.398716],[81.019173,28.451559],[80.917389,28.457523],[80.910309,28.49754],[80.790756,28.52426],[80.76963,28.565517],[80.691925,28.587029],[80.669342,28.641821],[80.591454,28.647625],[80.570419,28.687803],[80.505188,28.665226],[80.519341,28.551723],[80.45282,28.628815],[80.360916,28.637014],[80.252289,28.757822],[80.07238,28.829744]]]},"properties":{"ID_0":105,"ISO":"IND","NAME_0":"India","ID_1":33,"NAME_1":"Uttar Pradesh","NL_NAME_1":"","VARNAME_1":"United Provinces","TYPE_1":"State","ENGTYPE_1":"State","filename":"","filename_1":"","filename_2":"","filename_3":"","filename_4":""}},
{"type":"Feature","geometry":{"type":"Polygon","coordinates":[[[80.07238,28.829744],[80.060143,28.916317],[80.137321,29.007311],[80.146027,29.103001],[80.18602,29.137316],[80.235016,29.118416],[80.273407,29.142023],[80.249916,29.220615],[80.299004,29.20503],[80.318138,29.315639],[80.24482,29.444506],[80.304222,29.453079],[80.288437,29.477221],[80.351326,29.518946],[80.344353,29.552864],[80.409492,29.594919],[80.421921,29.639114],[80.36972,29.750616],[80.437714,29.805716],[80.497215,29.797415],[80.605339,29.958717],[80.677917,29.958115],[80.749397,30.00663],[80.762932,30.049492],[80.879219,30.128515],[80.864571,30.168896],[80.911919,30.223215],[81.019608,30.252953],[80.811287,30.319981],[80.58419,30.487223],[80.526489,30.454309],[80.400551,30.53117],[80.215736,30.579041],[80.180496,30.669861],[80.219772,30.69725],[80.223839,30.764099],[80.157272,30.812752],[80.103149,30.779671],[80.044113,30.844],[79.915047,30.89222],[79.854927,30.97891],[79.742149,31.00679],[79.587242,30.94309],[79.501259,31.039141],[79.413086,31.037552],[79.381851,31.118351],[79.284897,31.170101],[79.221642,31.337301],[79.056778,31.47226],[78.989677,31.361839],[78.925377,31.33176],[78.906883,31.25919],[78.996582,31.115339],[78.871399,31.107321],[78.795036,31.20504],[78.647697,31.19467],[78.595367,31.236391],[78.470108,31.203751],[78.356323,31.290871],[78.029953,31.18531],[78.014236,31.15494],[77.954758,31.17878],[77.887489,31.154701],[77.800606,31.06208],[77.817146,30.953569],[77.734573,30.95957],[77.745598,30.92231],[77.795616,30.9238],[77.789368,30.858549],[77.744522,30.881191],[77.744408,30.829851],[77.688286,30.768669],[77.779053,30.663771],[77.78199,30.619358],[77.729523,30.598383],[77.810646,30.53318],[77.563057,30.40449],[77.634216,30.410879],[77.710777,30.33876],[77.93148,30.24696],[77.838531,30.11227],[77.786438,30.09997],[77.702019,29.87178],[77.792519,29.681921],[77.951981,29.70537],[77.976837,29.614038],[77.947289,29.590431],[77.983757,29.588051],[77.988022,29.54586],[78.03688,29.552629],[78.139122,29.6761],[78.2314,29.70409],[78.331741,29.796181],[78.412567,29.772421],[78.487579,29.741383],[78.527359,29.624363],[78.605247,29.561798],[78.785507,29.47603],[78.922928,29.456181],[78.870186,29.392363],[78.808983,29.382879],[78.788841,29.329283],[78.757408,29.34976],[78.71386,29.31735],[78.799881,29.257853],[78.852623,29.261311],[78.900406,29.15062],[78.962326,29.166811],[79.017006,29.117861],[79.026962,29.17227],[79.130806,29.12936],[79.158279,29.022879],[79.204033,29.0291],[79.298927,28.953112],[79.359673,28.97048],[79.411217,28.855881],[79.536453,28.89254],[79.550926,28.845892],[79.613548,28.868731],[79.666199,28.84833],[79.774467,28.89183],[79.808632,28.862831],[79.783363,28.80542],[79.85405,28.84429],[79.875633,28.81834],[79.84053,28.808661],[79.901291,28.80212],[79.922379,28.73271],[79.967827,28.71562],[80.07238,28.829744]]]},"properties":{"ID_0":105,"ISO":"IND","NAME_0":"India","ID_1":34,"NAME_1":"Uttaranchal","NL_NAME_1":"","VARNAME_1":"Uttarakhand","TYPE_1":"State","ENGTYPE_1":"State","filename":"","filename_1":"","filename_2":"","filename_3":"","filename_4":""}},
{"type":"Feature","geometry":{"type":"MultiPolygon","coordinates":[[[[88.497711,21.599754],[88.481705,21.554726],[88.53083,21.54221],[88.497711,21.599754]]],[[[88.834724,21.607222],[88.842781,21.553888],[88.90361,21.555834],[88.834724,21.607222]]],[[[88.728851,21.637081],[88.707207,21.594221],[88.735832,21.571672],[88.757187,21.59898],[88.728851,21.637081]]],[[[88.537216,21.63862],[88.510002,21.602221],[88.556664,21.604446],[88.550003,21.56361],[88.587502,21.601942],[88.537216,21.63862]]],[[[88.771942,21.653063],[88.729568,21.63995],[88.75824,21.600039],[88.751945,21.576666],[88.798058,21.591665],[88.771942,21.653063]]],[[[88.965767,21.641535],[88.962021,21.64868],[88.961617,21.664192],[88.955208,21.677092],[88.94207,21.64015],[88.990837,21.615],[88.965767,21.641535]]],[[[88.576881,21.691734],[88.553711,21.640465],[88.592499,21.618053],[88.576881,21.691734]]],[[[88.984489,21.705688],[88.950844,21.700722],[88.963257,21.662991],[88.96402,21.645741],[88.968399,21.641699],[88.992363,21.64414],[89,21.601671],[89.028763,21.604822],[89.022758,21.654026],[88.996391,21.649038],[88.987907,21.652981],[88.984489,21.705688]]],[[[88.806656,21.706673],[88.758331,21.682501],[88.741112,21.689444],[88.730553,21.684721],[88.759445,21.663055],[88.794167,21.664444],[88.796944,21.655277],[88.806656,21.706673]]],[[[88.311081,21.70635],[88.315277,21.608055],[88.35807,21.647501],[88.311081,21.70635]]],[[[88.454033,21.709341],[88.418556,21.68257],[88.44223,21.615],[88.454033,21.709341]]],[[[88.697121,21.712879],[88.697533,21.66991],[88.74913,21.647001],[88.706749,21.682007],[88.697121,21.712879]]],[[[88.204506,21.721182],[88.181389,21.68611],[88.211945,21.601667],[88.21167,21.620831],[88.231667,21.64361],[88.226326,21.670212],[88.195557,21.681944],[88.204506,21.721182]]],[[[89.059204,21.721804],[89.009796,21.70487],[89.024727,21.69486],[89.028488,21.635319],[89.05159,21.617531],[89.095039,21.643961],[89.059204,21.721804]]],[[[88.977997,21.726875],[88.99276,21.700001],[88.990074,21.654121],[89.007759,21.652222],[89.024162,21.687733],[89.00779,21.70713],[89.020523,21.713551],[88.999725,21.715279],[88.977997,21.726875]]],[[[88.54567,21.73613],[88.51722,21.711401],[88.548592,21.6364],[88.55278,21.70278],[88.574203,21.694027],[88.543221,21.724171],[88.590698,21.690628],[88.570831,21.7325],[88.54567,21.73613]]],[[[88.883057,21.745279],[88.873055,21.694445],[88.92083,21.632221],[88.940277,21.695278],[88.883057,21.745279]]],[[[88.412338,21.73126],[88.394997,21.755001],[88.368637,21.727341],[88.403542,21.716673],[88.379723,21.680832],[88.398613,21.595556],[88.431938,21.627359],[88.411163,21.658663],[88.413307,21.691067],[88.428566,21.702011],[88.412338,21.73126]]],[[[88.220909,21.76215],[88.197777,21.689169],[88.23333,21.668056],[88.234734,21.635378],[88.216393,21.616388],[88.242775,21.596666],[88.243683,21.568121],[88.276657,21.558889],[88.306114,21.580278],[88.311668,21.67194],[88.26207,21.730173],[88.272003,21.754406],[88.220909,21.76215]]],[[[88.927101,21.76195],[88.922783,21.719707],[88.950241,21.70233],[88.98333,21.705832],[88.969444,21.722778],[88.98748,21.74472],[88.968895,21.739199],[88.963196,21.752754],[88.927101,21.76195]]],[[[88.365387,21.764166],[88.337509,21.71077],[88.360558,21.68639],[88.398056,21.713333],[88.36528,21.722219],[88.365387,21.764166]]],[[[89.005119,21.764977],[89.01741,21.717779],[89.05928,21.72592],[89.005119,21.764977]]],[[[88.831673,21.766109],[88.762512,21.70137],[88.815002,21.710001],[88.808899,21.63879],[88.845833,21.620001],[88.86528,21.758612],[88.831673,21.766109]]],[[[88.582222,21.777781],[88.569,21.769178],[88.592796,21.71871],[88.620789,21.735846],[88.585953,21.75341],[88.582222,21.777781]]],[[[88.30249,21.724562],[88.28891,21.778484],[88.27803,21.72817],[88.297279,21.705601],[88.30249,21.724562]]],[[[88.999672,21.785469],[88.951111,21.757778],[88.987877,21.746649],[88.988663,21.739849],[88.976669,21.728611],[89.00428,21.716072],[88.999672,21.785469]]],[[[88.609726,21.790279],[88.58625,21.756598],[88.623055,21.736666],[88.608887,21.708055],[88.630836,21.7425],[88.609726,21.790279]]],[[[88.458611,21.788651],[88.446037,21.797958],[88.423363,21.767725],[88.433136,21.704481],[88.467216,21.737221],[88.458611,21.788651]]],[[[88.716202,21.807381],[88.695,21.743891],[88.711113,21.69018],[88.748047,21.658331],[88.754997,21.66564],[88.730774,21.682032],[88.729294,21.686756],[88.741219,21.69076],[88.757782,21.683664],[88.762756,21.69293],[88.735863,21.719292],[88.776657,21.721109],[88.752769,21.731579],[88.759262,21.759218],[88.728058,21.777779],[88.716202,21.807381]]],[[[88.544571,21.81032],[88.504173,21.770828],[88.535286,21.792021],[88.504387,21.75741],[88.519447,21.719166],[88.541718,21.737679],[88.572502,21.735556],[88.544571,21.81032]]],[[[88.421806,21.81109],[88.38266,21.7791],[88.42276,21.71982],[88.42086,21.767231],[88.442688,21.79965],[88.429634,21.799587],[88.421806,21.81109]]],[[[88.828079,21.804029],[88.790833,21.75001],[88.830276,21.766665],[88.828079,21.804029]]],[[[88.787498,21.745001],[88.79583,21.787222],[88.787262,21.795797],[88.793762,21.800602],[88.793556,21.80974],[88.786301,21.822901],[88.782104,21.825193],[88.766373,21.786791],[88.749756,21.76965],[88.764389,21.7605],[88.75666,21.73341],[88.787498,21.745001]]],[[[88.915833,21.825834],[88.883057,21.808058],[88.895836,21.788061],[88.906937,21.79417],[88.897781,21.751944],[88.937233,21.816669],[88.915833,21.825834]]],[[[88.484879,21.83469],[88.457047,21.80196],[88.498848,21.81032],[88.484879,21.83469]]],[[[88.941391,21.847221],[88.924446,21.835833],[88.938889,21.816668],[88.914169,21.75556],[88.921387,21.766111],[88.958885,21.770834],[88.940422,21.782366],[88.940277,21.793055],[88.976669,21.820557],[88.953903,21.825293],[88.941391,21.847221]]],[[[88.592216,21.85],[88.576042,21.817034],[88.614166,21.798059],[88.592216,21.85]]],[[[88.331131,21.860687],[88.311661,21.853937],[88.315353,21.84466],[88.307022,21.829691],[88.274246,21.81867],[88.259773,21.804207],[88.264198,21.793949],[88.28598,21.789068],[88.296013,21.77405],[88.31086,21.795635],[88.317101,21.70891],[88.379967,21.78727],[88.360817,21.796831],[88.350372,21.826401],[88.352722,21.854242],[88.331131,21.860687]]],[[[88.85611,21.86528],[88.837219,21.843056],[88.834999,21.781668],[88.91333,21.727779],[88.921387,21.74361],[88.891388,21.753611],[88.898056,21.77861],[88.882233,21.797218],[88.87722,21.851669],[88.857498,21.855556],[88.85611,21.86528]]],[[[88.136948,21.875],[88.036667,21.675001],[88.109169,21.625834],[88.154724,21.65],[88.170662,21.742401],[88.136948,21.875]]],[[[88.789169,21.878611],[88.776947,21.866953],[88.782211,21.85972],[88.771393,21.853329],[88.765831,21.82889],[88.784157,21.826111],[88.789719,21.82139],[88.794441,21.812502],[88.795563,21.80167],[88.788887,21.79583],[88.794998,21.791389],[88.82972,21.862221],[88.801392,21.868061],[88.798889,21.870832],[88.800552,21.877781],[88.79361,21.86639],[88.787781,21.863611],[88.78611,21.868332],[88.792503,21.87389],[88.789169,21.878611]]],[[[88.979057,21.89349],[88.979126,21.867441],[88.950287,21.838091],[88.977867,21.823511],[88.976639,21.80509],[88.953926,21.803295],[88.942787,21.786501],[88.97094,21.775063],[89.029991,21.83453],[88.979057,21.89349]]],[[[88.621666,21.897779],[88.594719,21.854445],[88.638893,21.784718],[88.653519,21.867708],[88.633331,21.869722],[88.621666,21.897779]]],[[[88.816948,21.901112],[88.811386,21.896389],[88.809166,21.883329],[88.802498,21.878328],[88.800278,21.870556],[88.806396,21.867781],[88.821381,21.872499],[88.829437,21.864717],[88.816948,21.901112]]],[[[88.56234,21.897461],[88.530556,21.849169],[88.551033,21.817291],[88.56234,21.897461]]],[[[88.44648,21.904921],[88.419006,21.902403],[88.392517,21.832602],[88.401527,21.798031],[88.418266,21.811611],[88.424026,21.812401],[88.461456,21.78981],[88.448067,21.815283],[88.49015,21.85638],[88.44648,21.904921]]],[[[88.718056,21.907223],[88.696663,21.838055],[88.728058,21.8375],[88.707497,21.81139],[88.751663,21.815283],[88.757767,21.781111],[88.777222,21.821671],[88.763885,21.828611],[88.768608,21.852501],[88.780563,21.85944],[88.718056,21.907223]]],[[[88.639999,21.92168],[88.623383,21.901409],[88.634453,21.87056],[88.667503,21.911671],[88.639999,21.92168]]],[[[88.836555,21.917892],[88.819618,21.9282],[88.854164,21.889444],[88.857216,21.85861],[88.878052,21.853889],[88.888046,21.812222],[88.913612,21.827223],[88.923058,21.824438],[88.922783,21.83556],[88.939163,21.85],[88.921669,21.853889],[88.906937,21.878889],[88.915001,21.880833],[88.917778,21.860558],[88.939163,21.853613],[88.94722,21.840563],[88.943336,21.884722],[88.955559,21.853889],[88.976669,21.8675],[88.973892,21.897779],[88.915176,21.928181],[88.890068,21.914656],[88.836555,21.917892]]],[[[88.72361,21.931944],[88.776108,21.86972],[88.786392,21.878611],[88.790833,21.879169],[88.793602,21.874161],[88.787224,21.866945],[88.789719,21.864717],[88.796669,21.876671],[88.807503,21.88361],[88.799446,21.919722],[88.736115,21.918056],[88.72361,21.931944]]],[[[88.745392,21.979738],[88.723732,21.973816],[88.73333,21.924721],[88.799393,21.925928],[88.786453,21.95265],[88.775841,21.94145],[88.75071,21.954851],[88.745392,21.979738]]],[[[88.659973,22.019213],[88.628647,21.958031],[88.678154,21.942867],[88.715782,22.000641],[88.659973,22.019213]]],[[[88.141388,22.02639],[88.073326,21.995281],[88.047226,21.911671],[88.141388,22.02639]]],[[[88.812767,22.019442],[88.761726,22.014908],[88.753609,21.988058],[88.800293,21.970453],[88.753326,21.985279],[88.751663,21.95694],[88.775558,21.943331],[88.787224,21.955],[88.849701,21.920391],[88.904022,21.926481],[88.90361,22.010559],[88.812767,22.019442]]],[[[88.902786,22.045334],[88.886398,22.057774],[88.892044,22.049337],[88.890213,22.045843],[88.851982,22.041231],[88.87088,22.0275],[88.877014,22.014839],[88.891701,22.014725],[88.902786,22.045334]]],[[[89.016197,22.05092],[88.985168,22.055223],[88.968086,22.01436],[88.974998,21.9925],[88.999359,22.007105],[88.975563,21.991392],[88.992439,21.973631],[89.032501,22.002083],[88.999168,21.951221],[89.0327,21.926163],[89.078003,21.986933],[89.041206,22.048504],[89.016197,22.05092]]],[[[88.811859,22.060755],[88.780159,22.037832],[88.831863,22.026976],[88.811859,22.060755]]],[[[88.87056,22.078939],[88.868477,22.081507],[88.852921,22.078753],[88.841492,22.071672],[88.836029,22.072832],[88.837364,22.06661],[88.834381,22.06389],[88.82856,22.070166],[88.82,22.064173],[88.845551,22.06167],[88.838501,22.023899],[88.859627,22.026039],[88.850349,22.04007],[88.853493,22.044434],[88.890602,22.04833],[88.870163,22.063051],[88.87056,22.078939]]],[[[88.803467,22.085274],[88.783752,22.106943],[88.748428,22.057423],[88.781242,22.048363],[88.787216,22.072222],[88.794151,22.055662],[88.805214,22.065737],[88.813446,22.06201],[88.828766,22.071501],[88.833778,22.065073],[88.836212,22.066339],[88.827782,22.086035],[88.815018,22.080584],[88.803467,22.085274]]],[[[88.817902,22.12303],[88.805901,22.084753],[88.825256,22.08729],[88.821182,22.092022],[88.819206,22.104422],[88.822121,22.092663],[88.831879,22.084021],[88.838089,22.073078],[88.851181,22.079363],[88.867233,22.08222],[88.817902,22.12303]]],[[[88.865143,22.16699],[88.848846,22.168888],[88.860245,22.142448],[88.830696,22.127081],[88.915749,22.0903],[88.865143,22.16699]]],[[[88.949966,22.189192],[88.919716,22.161112],[88.893936,22.169699],[88.91317,22.13003],[88.940346,22.127977],[88.901436,22.065283],[88.91272,21.99436],[88.935883,21.936491],[88.966103,21.92293],[88.976387,21.946112],[88.968834,21.921139],[89.012573,21.901995],[88.990936,21.951935],[89.013527,21.979107],[88.992233,21.970003],[88.972496,21.987791],[88.962219,22.017221],[88.977097,22.038393],[88.963257,22.057411],[88.93486,22.05514],[88.946106,22.000002],[88.923943,22.024202],[88.924637,22.064592],[88.966942,22.078611],[88.950546,22.10417],[88.968903,22.082613],[88.984917,22.127123],[88.949966,22.189192]]],[[[89.00193,22.199171],[88.972687,22.193438],[88.996941,22.138027],[88.977913,22.039923],[88.985291,22.056982],[89.026047,22.052933],[89.023376,22.078787],[89.038223,22.053392],[89.014648,22.114008],[89.050476,22.130632],[89.00193,22.199171]]],[[[88.69519,22.208612],[88.683884,22.207243],[88.680832,22.187502],[88.652863,22.163391],[88.634186,22.106211],[88.663773,22.023762],[88.721046,22.005301],[88.735741,22.031614],[88.683052,22.080832],[88.789169,22.169449],[88.764977,22.1922],[88.731895,22.193991],[88.69519,22.208612]]],[[[88.844749,22.189192],[88.835472,22.206736],[88.828056,22.20804],[88.826767,22.198359],[88.840508,22.17494],[88.838272,22.167032],[88.82959,22.165291],[88.809196,22.179411],[88.749161,22.135],[88.70639,22.063334],[88.739166,22.056992],[88.777641,22.111221],[88.855888,22.144453],[88.8433,22.167179],[88.850792,22.173565],[88.868286,22.171186],[88.859612,22.2041],[88.844749,22.189192]]],[[[88.932373,22.225],[88.918793,22.230808],[88.908066,22.19631],[88.93148,22.177011],[88.961586,22.19721],[88.932373,22.225]]],[[[88.812599,22.283392],[88.747246,22.198629],[88.767441,22.19421],[88.794151,22.17057],[88.809616,22.183338],[88.834053,22.166853],[88.838058,22.17528],[88.827499,22.194986],[88.81823,22.195589],[88.814987,22.20542],[88.805542,22.208353],[88.79847,22.225973],[88.814255,22.229879],[88.825676,22.241442],[88.826248,22.264593],[88.815514,22.263987],[88.812599,22.283392]]],[[[88.849861,22.362917],[88.818336,22.358892],[88.804169,22.329721],[88.806526,22.285749],[88.815453,22.282972],[88.816643,22.271679],[88.827301,22.265451],[88.829567,22.253721],[88.828423,22.241905],[88.81855,22.23094],[88.80056,22.225842],[88.806404,22.209435],[88.816368,22.205843],[88.819489,22.19636],[88.825462,22.1984],[88.824615,22.204336],[88.829903,22.210131],[88.836792,22.20706],[88.844269,22.190317],[88.854469,22.206213],[88.881081,22.200165],[88.882278,22.211599],[88.849464,22.209789],[88.841949,22.21174],[88.839432,22.215527],[88.858353,22.244444],[88.875839,22.252804],[88.859451,22.244146],[88.841011,22.214264],[88.883507,22.212271],[88.883438,22.200052],[88.86618,22.194147],[88.872269,22.17137],[88.898224,22.177908],[88.91861,22.16535],[88.904488,22.197243],[88.913887,22.216108],[88.885658,22.236214],[88.887238,22.26491],[88.84333,22.289721],[88.887611,22.265932],[88.887047,22.2363],[88.913872,22.219904],[88.918968,22.233032],[88.954079,22.225241],[88.936928,22.299112],[88.849861,22.362917]]],[[[88.984756,22.382433],[88.967361,22.40769],[88.94722,22.25556],[88.972519,22.209711],[89.019722,22.205553],[89.062187,22.128429],[89.09626,22.155012],[89.068642,22.147362],[89.066902,22.198315],[88.993889,22.286112],[89.023331,22.297503],[88.983612,22.325338],[88.984756,22.382433]]],[[[88.897697,22.548861],[88.843613,22.5068],[88.867737,22.487867],[88.856125,22.422781],[88.882187,22.403637],[88.876602,22.386917],[88.898056,22.366667],[88.888046,22.378332],[88.921669,22.40139],[88.892326,22.465353],[88.897697,22.548861]]],[[[88.920166,22.565306],[88.895042,22.559641],[88.914444,22.51111],[88.894722,22.466112],[88.93,22.39028],[88.896431,22.379829],[88.907333,22.335791],[88.941948,22.309881],[88.939445,22.41901],[88.957779,22.364721],[88.964165,22.409166],[88.998611,22.430292],[88.959961,22.54862],[88.920166,22.565306]]],[[[88.751686,27.148211],[88.55899,27.188751],[88.431946,27.08161],[88.304497,27.128601],[88.136627,27.116879],[88.085846,27.14151],[88.074951,27.20084],[88.016968,27.218872],[87.994171,27.105207],[88.04026,27.036318],[88.137482,26.985268],[88.123016,26.950115],[88.190498,26.771412],[88.105431,26.539408],[88.106216,26.536015],[88.106148,26.535624],[88.145393,26.510971],[88.231201,26.551983],[88.179039,26.49058],[88.267906,26.421753],[88.23761,26.375378],[88.291916,26.35391],[88.069832,26.175718],[88.013069,26.140871],[87.964058,26.151979],[87.968132,26.081362],[87.912933,26.090973],[87.842117,26.044481],[87.803757,25.912149],[87.822838,25.871468],[87.910912,25.851749],[87.8834,25.828609],[87.910507,25.81481],[87.898468,25.76976],[88.04863,25.690571],[88.021027,25.586922],[88.072853,25.503901],[88.070412,25.480501],[88.02755,25.486141],[87.926048,25.536213],[87.879219,25.51597],[87.863472,25.465389],[87.781326,25.444651],[87.759102,25.405041],[87.783981,25.33243],[87.856522,25.277773],[87.822777,25.234341],[87.836647,25.199261],[87.787582,25.22049],[87.776527,25.09127],[87.876976,25.02804],[87.973343,24.896482],[87.888977,24.85294],[87.854538,24.764311],[87.837532,24.787802],[87.818062,24.765982],[87.900833,24.7216],[87.88662,24.674103],[87.913406,24.65856],[87.872742,24.61072],[87.909973,24.593868],[87.848213,24.55105],[87.769409,24.58176],[87.806343,24.5452],[87.795151,24.491051],[87.822876,24.49441],[87.784752,24.414541],[87.81002,24.40662],[87.756279,24.303593],[87.635712,24.242531],[87.689568,24.149839],[87.569382,24.155651],[87.607613,24.128942],[87.576157,24.08526],[87.493599,24.11521],[87.510551,24.039831],[87.43383,24.008322],[87.45797,23.981421],[87.237976,24.04122],[87.294548,23.898571],[87.270416,23.87294],[87.248222,23.907011],[87.242729,23.82616],[87.218559,23.830801],[87.236237,23.853069],[87.130928,23.866961],[87.166443,23.81959],[87.124161,23.795038],[86.895012,23.879951],[86.882263,23.81448],[86.871216,23.844181],[86.82077,23.81131],[86.792839,23.831381],[86.819771,23.76107],[86.792038,23.68737],[86.693848,23.694521],[86.528656,23.628981],[86.43988,23.62961],[86.357971,23.54306],[86.371948,23.48266],[86.300003,23.420061],[86.278473,23.44112],[86.243179,23.41958],[86.238747,23.46969],[86.145531,23.47307],[86.144768,23.567772],[86.046867,23.58387],[86.010773,23.551649],[86.047226,23.493643],[85.943909,23.45462],[85.866028,23.47023],[85.895691,23.37059],[85.866257,23.364849],[85.877983,23.323709],[85.826363,23.263121],[85.831558,23.19512],[85.914993,23.12953],[86.036926,23.14361],[86.212479,22.99185],[86.298256,23.013283],[86.393036,22.974239],[86.540283,22.98723],[86.518356,22.94433],[86.432823,22.923403],[86.463043,22.896631],[86.416153,22.776508],[86.506592,22.701521],[86.539253,22.72065],[86.617867,22.673389],[86.651703,22.57579],[86.759941,22.57243],[86.798607,22.498821],[86.745407,22.475679],[86.76226,22.425232],[86.843933,22.396061],[86.829193,22.324591],[86.88623,22.294121],[86.885681,22.252121],[86.811867,22.263931],[86.799606,22.240973],[86.790268,22.2628],[86.800117,22.213631],[86.722786,22.215248],[86.715446,22.143492],[86.790321,22.15394],[86.832008,22.09511],[86.957237,22.083368],[87.017616,22.041281],[87.034317,21.989191],[86.997932,21.907501],[87.030243,21.865311],[87.094643,21.86034],[87.093536,21.9079],[87.158287,21.93055],[87.167442,21.97341],[87.234848,21.95438],[87.262421,21.81386],[87.370117,21.760073],[87.443672,21.760889],[87.482033,21.608704],[87.789719,21.695],[87.929169,21.800556],[88.053055,22.010279],[87.963356,22.103477],[88.062233,22.01306],[88.188889,22.099167],[88.135559,22.184723],[88.008614,22.201389],[87.940002,22.260279],[87.942223,22.366388],[87.883766,22.441589],[87.946388,22.406111],[87.984863,22.245701],[88.049156,22.220001],[88.105003,22.304699],[88.069725,22.211945],[88.203056,22.166941],[88.223892,22.075275],[88.153664,21.959173],[88.16333,21.879444],[88.217224,21.764444],[88.272781,21.755751],[88.272003,21.73048],[88.282738,21.757582],[88.251663,21.801943],[88.281937,21.761101],[88.263626,21.788],[88.258362,21.80077],[88.258972,21.807621],[88.313766,21.847309],[88.299316,21.859381],[88.260597,21.857861],[88.254898,21.87134],[88.269737,21.885193],[88.261978,21.85869],[88.300591,21.861326],[88.309799,21.877684],[88.308937,21.8564],[88.325653,21.86215],[88.353577,21.857155],[88.349983,21.927389],[88.370544,21.897799],[88.354927,21.855656],[88.354881,21.8228],[88.364006,21.797831],[88.390671,21.798981],[88.382797,21.900681],[88.406364,21.919785],[88.398056,21.952221],[88.374443,21.962818],[88.37278,21.96666],[88.375816,21.969721],[88.39431,21.970661],[88.377609,21.969063],[88.373886,21.965279],[88.399063,21.952496],[88.407158,21.916904],[88.384666,21.899805],[88.406944,21.884722],[88.419724,21.906551],[88.458481,21.91884],[88.460892,22.01158],[88.473557,21.895342],[88.52066,21.915396],[88.521828,21.939011],[88.495346,21.955084],[88.491188,21.960461],[88.49157,21.96689],[88.54142,21.98171],[88.554619,22.035709],[88.54332,21.981995],[88.493698,21.967052],[88.49424,21.958395],[88.521721,21.94268],[88.525536,21.929441],[88.521774,21.913742],[88.494263,21.879091],[88.528053,21.853056],[88.540558,21.90387],[88.570541,21.903608],[88.546249,21.97349],[88.578331,21.889444],[88.606667,21.913057],[88.596581,22.067266],[88.603401,22.02356],[88.636658,22.04529],[88.572746,22.1891],[88.619286,22.108841],[88.672462,22.201199],[88.639343,22.20812],[88.630913,22.22205],[88.679169,22.293892],[88.666122,22.339041],[88.684921,22.294275],[88.63504,22.2164],[88.665627,22.217451],[88.681213,22.209198],[88.701958,22.209442],[88.733612,22.195555],[88.742783,22.200001],[88.739998,22.214722],[88.746391,22.203058],[88.743614,22.229166],[88.804428,22.28273],[88.80262,22.328983],[88.818886,22.363611],[88.849236,22.364542],[88.876289,22.35531],[88.777992,22.506502],[88.689255,22.52405],[88.677406,22.593498],[88.690666,22.524412],[88.768883,22.513592],[88.766388,22.560835],[88.771667,22.51338],[88.852448,22.432833],[88.842812,22.507874],[88.868889,22.545835],[88.896385,22.563334],[88.937607,22.569933],[88.95771,22.610781],[88.932556,22.618744],[88.930107,22.640993],[88.910278,22.675001],[88.863785,22.663748],[88.857224,22.6775],[88.861282,22.694195],[88.847954,22.691109],[88.847015,22.706686],[88.809013,22.709463],[88.805771,22.7332],[88.808914,22.753431],[88.847305,22.751741],[88.809082,22.751137],[88.809593,22.71067],[88.847977,22.70903],[88.849258,22.693176],[88.859535,22.697008],[88.864113,22.693651],[88.864853,22.664869],[88.905029,22.679106],[88.911758,22.676561],[88.920258,22.666948],[88.931946,22.64555],[88.947281,22.659851],[88.919189,22.761711],[88.967529,22.842628],[88.909332,22.877401],[88.913879,22.918619],[88.846733,23.002432],[88.873413,23.004341],[88.869568,23.09536],[88.994698,23.21236],[88.919159,23.208311],[88.817879,23.25099],[88.796707,23.21557],[88.72036,23.252663],[88.697403,23.29648],[88.746078,23.309801],[88.733559,23.3463],[88.798508,23.49489],[88.74292,23.48078],[88.659187,23.55266],[88.64492,23.608061],[88.580856,23.60074],[88.592422,23.636572],[88.561676,23.642071],[88.55928,23.78413],[88.60173,23.816851],[88.575981,23.859751],[88.731537,23.912983],[88.734962,23.97817],[88.770988,23.984781],[88.758743,24.008183],[88.727188,23.994501],[88.737633,24.059429],[88.694687,24.1134],[88.734688,24.27524],[88.702507,24.310659],[88.586258,24.325941],[88.555,24.29649],[88.528709,24.344181],[88.44838,24.377041],[88.333008,24.38319],[88.14785,24.50563],[88.010567,24.66666],[88.175606,24.860983],[88.139687,24.936129],[88.227966,24.959431],[88.263817,24.87546],[88.277428,24.895733],[88.32515,24.865891],[88.341728,24.939011],[88.401497,24.94569],[88.453812,25.035601],[88.445847,25.196289],[88.499718,25.211679],[88.565811,25.177691],[88.709229,25.2096],[88.803787,25.172291],[88.84491,25.211201],[88.923027,25.16713],[88.956642,25.25927],[89.011253,25.292381],[88.925606,25.30356],[88.843658,25.36241],[88.810387,25.519751],[88.762856,25.52132],[88.769096,25.4923],[88.711121,25.497042],[88.698883,25.469971],[88.609428,25.513161],[88.542923,25.50662],[88.500046,25.581263],[88.446396,25.596981],[88.456726,25.6605],[88.407143,25.669319],[88.269928,25.80814],[88.151703,25.773771],[88.117142,25.796659],[88.086761,25.9125],[88.143997,26.01182],[88.187111,26.024061],[88.160957,26.077982],[88.180443,26.145693],[88.352516,26.21999],[88.351753,26.281582],[88.457893,26.373751],[88.524826,26.359838],[88.483246,26.461109],[88.367607,26.487053],[88.355911,26.44581],[88.334366,26.47868],[88.377541,26.59351],[88.415352,26.634123],[88.43541,26.54682],[88.486061,26.541311],[88.526657,26.481741],[88.561058,26.48892],[88.557121,26.45685],[88.620697,26.471069],[88.62455,26.435431],[88.702682,26.38846],[88.704369,26.33436],[88.749191,26.353241],[88.761581,26.300591],[88.821587,26.300713],[88.846786,26.23427],[88.885109,26.23885],[88.888351,26.291571],[88.934853,26.2883],[88.970436,26.241558],[89.069702,26.255333],[89.065163,26.29394],[88.99189,26.304779],[88.991432,26.352211],[88.963799,26.33267],[88.963623,26.365803],[88.919891,26.36994],[88.91127,26.412069],[88.96434,26.463133],[89.041039,26.397921],[89.093536,26.399233],[89.091141,26.32188],[89.144447,26.32078],[89.108429,26.282343],[89.162392,26.138731],[89.230171,26.122641],[89.272202,26.09164],[89.261566,26.063921],[89.352448,26.010509],[89.398407,26.00688],[89.429543,26.045618],[89.438507,26.008598],[89.542351,26.005381],[89.543587,25.97051],[89.580406,25.96818],[89.60836,26.06361],[89.652687,26.063589],[89.632668,26.10697],[89.596657,26.100891],[89.632988,26.1189],[89.594696,26.15704],[89.660622,26.175631],[89.629837,26.18619],[89.637581,26.227678],[89.682167,26.23572],[89.684639,26.160419],[89.718758,26.166048],[89.694839,26.189072],[89.732033,26.21229],[89.697227,26.21723],[89.728767,26.238201],[89.704811,26.269901],[89.737457,26.271101],[89.717827,26.3057],[89.758659,26.28933],[89.782013,26.353279],[89.857292,26.38446],[89.827278,26.396473],[89.870621,26.45989],[89.856941,26.703781],[89.774399,26.699558],[89.75666,26.736464],[89.632179,26.71925],[89.644737,26.780945],[89.558884,26.815554],[89.459282,26.806259],[89.377167,26.866291],[89.255592,26.81687],[89.131073,26.808069],[89.09034,26.89397],[89.024918,26.940271],[88.962379,26.924131],[88.919006,26.996201],[88.874985,26.951546],[88.869919,27.108721],[88.751686,27.148211]]]]},"properties":{"ID_0":105,"ISO":"IND","NAME_0":"India","ID_1":35,"NAME_1":"West Bengal","NL_NAME_1":"","VARNAME_1":"Bangla|Bengala Occidentale|Bengala Ocidental|Bengale occidental","TYPE_1":"State","ENGTYPE_1":"State","filename":"","filename_1":"","filename_2":"","filename_3":"","filename_4":""}}
]}